{
  "type": "FeatureCollection",
  "features": [
    {
      "type": "Feature",
      "geometry": {
        "type": "Polygon",
        "coordinates": [
          [
            [
              4.666667,
              40.030833
            ],
            [
              5.502778,
              40.398889
            ],
            [
              6.326944,
              40.508889
            ],
            [
              6.495,
              40.706111
            ],
            [
              8.0,
              40.744722
            ],
            [
              8.0,
              40.35
            ],
            [
              8.003889,
              39.998611
            ],
            [
              8.000278,
              39.212778
            ],
            [
              8.0,
              39.0
            ],
            [
              5.0,
              39.0
            ],
            [
              4.666667,
              39.0
            ],
            [
              4.666667,
              39.716667
            ],
            [
              4.666667,
              39.989722
            ],
            [
              4.666667,
              40.030833
            ]
          ]
        ]
      },
      "properties": {
        "name": "ZL1 UAC",
        "owner": "MM",
        "owners": [
          "WU",
          "MMU",
          "RAW",
          "MM"
        ],
        "min": 0,
        "cur": 0,
        "max": 194,
        "color_hex": "#909967",
        "stroke": "#909967",
        "stroke-width": 1,
        "stroke-opacity": 0.7,
        "fill": "#909967",
        "fill-opacity": 0.3
      }
    },
    {
      "type": "Feature",
      "geometry": {
        "type": "Polygon",
        "coordinates": [
          [
            [
              5.271667,
              44.094167
            ],
            [
              5.365278,
              43.871667
            ],
            [
              5.442778,
              43.680556
            ],
            [
              5.4575,
              43.6425
            ],
            [
              5.558056,
              43.536667
            ],
            [
              5.891111,
              43.485
            ],
            [
              5.983056,
              43.470556
            ],
            [
              5.983056,
              43.625
            ],
            [
              6.221944,
              43.675
            ],
            [
              6.320556,
              43.625
            ],
            [
              6.341667,
              43.625
            ],
            [
              6.505556,
              43.625
            ],
            [
              6.581667,
              43.643056
            ],
            [
              6.029722,
              43.943333
            ],
            [
              5.6275,
              44.158056
            ],
            [
              5.366667,
              44.363889
            ],
            [
              5.271667,
              44.094167
            ]
          ]
        ]
      },
      "properties": {
        "name": "ST1 UAC",
        "owner": "MM",
        "owners": [
          "MME",
          "RAE",
          "MM"
        ],
        "min": 0,
        "cur": 0,
        "max": 114,
        "color_hex": "#909967",
        "stroke": "#909967",
        "stroke-width": 1,
        "stroke-opacity": 0.7,
        "fill": "#909967",
        "fill-opacity": 0.3
      }
    },
    {
      "type": "Feature",
      "geometry": {
        "type": "Polygon",
        "coordinates": [
          [
            [
              3.883056,
              43.864167
            ],
            [
              4.246389,
              44.033056
            ],
            [
              4.336389,
              44.033056
            ],
            [
              4.221944,
              44.668056
            ],
            [
              3.701667,
              44.666667
            ],
            [
              3.577778,
              44.25
            ],
            [
              3.883056,
              43.864167
            ]
          ]
        ]
      },
      "properties": {
        "name": "MO-W UAC",
        "owner": "MM",
        "owners": [
          "MMW",
          "RAW",
          "MM"
        ],
        "min": 0,
        "cur": 0,
        "max": 144,
        "color_hex": "#909967",
        "stroke": "#909967",
        "stroke-width": 1,
        "stroke-opacity": 0.7,
        "fill": "#909967",
        "fill-opacity": 0.3
      }
    },
    {
      "type": "Feature",
      "geometry": {
        "type": "Polygon",
        "coordinates": [
          [
            [
              5.023056,
              44.666667
            ],
            [
              5.023056,
              44.594167
            ],
            [
              5.3625,
              44.521944
            ],
            [
              5.366111,
              44.538333
            ],
            [
              5.352222,
              44.666667
            ],
            [
              5.023056,
              44.666667
            ]
          ]
        ]
      },
      "properties": {
        "name": "MO-E UAC",
        "owner": "MM",
        "owners": [
          "MMW",
          "RAW",
          "MM"
        ],
        "min": 0,
        "cur": 0,
        "max": 144,
        "color_hex": "#909967",
        "stroke": "#909967",
        "stroke-width": 1,
        "stroke-opacity": 0.7,
        "fill": "#909967",
        "fill-opacity": 0.3
      }
    },
    {
      "type": "Feature",
      "geometry": {
        "type": "Polygon",
        "coordinates": [
          [
            [
              7.025,
              44.231944
            ],
            [
              7.01,
              44.228889
            ],
            [
              6.995,
              44.225833
            ],
            [
              6.980278,
              44.222222
            ],
            [
              6.965278,
              44.218611
            ],
            [
              6.950833,
              44.214722
            ],
            [
              6.936111,
              44.210833
            ],
            [
              6.921667,
              44.206667
            ],
            [
              6.9075,
              44.2025
            ],
            [
              6.893056,
              44.197778
            ],
            [
              6.878889,
              44.193056
            ],
            [
              6.865,
              44.188333
            ],
            [
              6.851111,
              44.183333
            ],
            [
              6.837222,
              44.178056
            ],
            [
              6.823611,
              44.172778
            ],
            [
              6.81,
              44.167222
            ],
            [
              6.796667,
              44.161389
            ],
            [
              6.783333,
              44.155556
            ],
            [
              6.770278,
              44.149722
            ],
            [
              6.757222,
              44.143333
            ],
            [
              6.744444,
              44.137222
            ],
            [
              6.731667,
              44.130556
            ],
            [
              6.719167,
              44.123889
            ],
            [
              6.706667,
              44.117222
            ],
            [
              6.694444,
              44.110278
            ],
            [
              6.6825,
              44.103056
            ],
            [
              6.670556,
              44.095833
            ],
            [
              6.658889,
              44.088611
            ],
            [
              6.6475,
              44.081111
            ],
            [
              6.713611,
              43.771944
            ],
            [
              6.733611,
              43.68
            ],
            [
              6.631667,
              43.655556
            ],
            [
              6.581667,
              43.643056
            ],
            [
              6.029722,
              43.943333
            ],
            [
              5.6275,
              44.158056
            ],
            [
              5.366667,
              44.363889
            ],
            [
              5.3625,
              44.521944
            ],
            [
              5.366111,
              44.538333
            ],
            [
              6.14,
              44.538333
            ],
            [
              6.285,
              44.365278
            ],
            [
              6.673333,
              45.02
            ],
            [
              6.743056,
              45.017222
            ],
            [
              6.751111,
              44.996111
            ],
            [
              6.737778,
              44.993056
            ],
            [
              6.737778,
              44.988889
            ],
            [
              6.748611,
              44.985278
            ],
            [
              6.750556,
              44.977222
            ],
            [
              6.7625,
              44.971111
            ],
            [
              6.765278,
              44.96
            ],
            [
              6.757778,
              44.946667
            ],
            [
              6.743333,
              44.935833
            ],
            [
              6.754444,
              44.937778
            ],
            [
              6.758611,
              44.936667
            ],
            [
              6.760556,
              44.930278
            ],
            [
              6.754167,
              44.931667
            ],
            [
              6.75,
              44.905556
            ],
            [
              6.771389,
              44.902778
            ],
            [
              6.785278,
              44.889167
            ],
            [
              6.800278,
              44.890556
            ],
            [
              6.806389,
              44.876111
            ],
            [
              6.862222,
              44.85
            ],
            [
              6.915,
              44.846944
            ],
            [
              6.932222,
              44.8625
            ],
            [
              7.005833,
              44.840278
            ],
            [
              7.008333,
              44.825
            ],
            [
              7.024167,
              44.823056
            ],
            [
              7.0125,
              44.8
            ],
            [
              7.009444,
              44.799722
            ],
            [
              7.008333,
              44.797778
            ],
            [
              6.999167,
              44.789444
            ],
            [
              7.008056,
              44.784444
            ],
            [
              7.012222,
              44.782778
            ],
            [
              7.019722,
              44.774167
            ],
            [
              7.021389,
              44.771111
            ],
            [
              7.024167,
              44.768611
            ],
            [
              7.021944,
              44.765278
            ],
            [
              7.024722,
              44.761111
            ],
            [
              7.024167,
              44.755278
            ],
            [
              7.021667,
              44.753889
            ],
            [
              7.022222,
              44.749722
            ],
            [
              7.025833,
              44.743333
            ],
            [
              7.023611,
              44.739722
            ],
            [
              7.030278,
              44.7325
            ],
            [
              7.030556,
              44.729167
            ],
            [
              7.043056,
              44.718056
            ],
            [
              7.056944,
              44.714444
            ],
            [
              7.065833,
              44.713333
            ],
            [
              7.065833,
              44.707222
            ],
            [
              7.068889,
              44.701667
            ],
            [
              7.070833,
              44.699444
            ],
            [
              7.075278,
              44.688889
            ],
            [
              7.076389,
              44.680556
            ],
            [
              7.069722,
              44.679722
            ],
            [
              7.058056,
              44.680556
            ],
            [
              7.051944,
              44.6825
            ],
            [
              7.046667,
              44.683611
            ],
            [
              7.033611,
              44.690278
            ],
            [
              7.027222,
              44.691111
            ],
            [
              7.020278,
              44.690278
            ],
            [
              7.016944,
              44.688889
            ],
            [
              7.006111,
              44.688056
            ],
            [
              7.002222,
              44.686944
            ],
            [
              6.998056,
              44.690278
            ],
            [
              6.986944,
              44.688889
            ],
            [
              6.978333,
              44.683333
            ],
            [
              6.970278,
              44.676944
            ],
            [
              6.9625,
              44.6775
            ],
            [
              6.957778,
              44.671667
            ],
            [
              6.958333,
              44.666111
            ],
            [
              6.958611,
              44.662222
            ],
            [
              6.95,
              44.657222
            ],
            [
              6.947778,
              44.6525
            ],
            [
              6.952778,
              44.644722
            ],
            [
              6.953889,
              44.636667
            ],
            [
              6.963611,
              44.625833
            ],
            [
              6.968056,
              44.624444
            ],
            [
              6.9675,
              44.619167
            ],
            [
              6.963056,
              44.619167
            ],
            [
              6.9575,
              44.621111
            ],
            [
              6.948889,
              44.618611
            ],
            [
              6.950278,
              44.610833
            ],
            [
              6.945,
              44.605556
            ],
            [
              6.9375,
              44.602778
            ],
            [
              6.937222,
              44.598333
            ],
            [
              6.933333,
              44.595833
            ],
            [
              6.933611,
              44.585
            ],
            [
              6.931667,
              44.5825
            ],
            [
              6.933056,
              44.573889
            ],
            [
              6.929444,
              44.571944
            ],
            [
              6.918333,
              44.569444
            ],
            [
              6.9125,
              44.568333
            ],
            [
              6.915278,
              44.562222
            ],
            [
              6.915556,
              44.558889
            ],
            [
              6.904444,
              44.556111
            ],
            [
              6.900833,
              44.553889
            ],
            [
              6.896944,
              44.555278
            ],
            [
              6.891389,
              44.554167
            ],
            [
              6.889167,
              44.552222
            ],
            [
              6.881944,
              44.552222
            ],
            [
              6.878611,
              44.554167
            ],
            [
              6.875833,
              44.55
            ],
            [
              6.876389,
              44.546111
            ],
            [
              6.873333,
              44.545833
            ],
            [
              6.868889,
              44.536667
            ],
            [
              6.857222,
              44.533333
            ],
            [
              6.853333,
              44.527778
            ],
            [
              6.8575,
              44.520833
            ],
            [
              6.856667,
              44.514444
            ],
            [
              6.859167,
              44.509167
            ],
            [
              6.858611,
              44.506111
            ],
            [
              6.862778,
              44.499444
            ],
            [
              6.865,
              44.496667
            ],
            [
              6.868056,
              44.492778
            ],
            [
              6.876944,
              44.487778
            ],
            [
              6.876389,
              44.481389
            ],
            [
              6.884722,
              44.475556
            ],
            [
              6.892778,
              44.471667
            ],
            [
              6.902778,
              44.469167
            ],
            [
              6.906111,
              44.466667
            ],
            [
              6.909167,
              44.458333
            ],
            [
              6.911389,
              44.4525
            ],
            [
              6.913889,
              44.449444
            ],
            [
              6.922778,
              44.445278
            ],
            [
              6.936944,
              44.438611
            ],
            [
              6.939167,
              44.434167
            ],
            [
              6.948056,
              44.429444
            ],
            [
              6.945556,
              44.427222
            ],
            [
              6.933333,
              44.429722
            ],
            [
              6.932222,
              44.424444
            ],
            [
              6.923611,
              44.422778
            ],
            [
              6.916944,
              44.426944
            ],
            [
              6.902778,
              44.420833
            ],
            [
              6.898333,
              44.421667
            ],
            [
              6.895278,
              44.420556
            ],
            [
              6.8925,
              44.42
            ],
            [
              6.895,
              44.408889
            ],
            [
              6.8975,
              44.405
            ],
            [
              6.894444,
              44.400278
            ],
            [
              6.895278,
              44.396667
            ],
            [
              6.896389,
              44.393889
            ],
            [
              6.895278,
              44.387778
            ],
            [
              6.895556,
              44.376944
            ],
            [
              6.896111,
              44.373611
            ],
            [
              6.893611,
              44.369167
            ],
            [
              6.8875,
              44.366389
            ],
            [
              6.8875,
              44.360833
            ],
            [
              6.901111,
              44.357778
            ],
            [
              6.906389,
              44.357778
            ],
            [
              6.913056,
              44.353056
            ],
            [
              6.919444,
              44.351944
            ],
            [
              6.922222,
              44.350278
            ],
            [
              6.921389,
              44.345556
            ],
            [
              6.921944,
              44.341667
            ],
            [
              6.923889,
              44.339722
            ],
            [
              6.9275,
              44.331944
            ],
            [
              6.936944,
              44.328056
            ],
            [
              6.939167,
              44.324444
            ],
            [
              6.943056,
              44.323333
            ],
            [
              6.947222,
              44.32
            ],
            [
              6.953056,
              44.318333
            ],
            [
              6.954722,
              44.314444
            ],
            [
              6.960556,
              44.310556
            ],
            [
              6.959444,
              44.306667
            ],
            [
              6.957778,
              44.303611
            ],
            [
              6.9575,
              44.3
            ],
            [
              6.956111,
              44.296389
            ],
            [
              6.960278,
              44.293889
            ],
            [
              6.963611,
              44.293889
            ],
            [
              6.967778,
              44.295
            ],
            [
              6.971111,
              44.292778
            ],
            [
              6.969444,
              44.285833
            ],
            [
              6.9725,
              44.283889
            ],
            [
              6.980556,
              44.286667
            ],
            [
              6.995,
              44.28
            ],
            [
              6.995278,
              44.275556
            ],
            [
              6.996944,
              44.272222
            ],
            [
              6.995556,
              44.267778
            ],
            [
              6.996111,
              44.264167
            ],
            [
              6.997778,
              44.2575
            ],
            [
              6.997222,
              44.251111
            ],
            [
              7.000556,
              44.245833
            ],
            [
              7.001667,
              44.243333
            ],
            [
              7.004167,
              44.241111
            ],
            [
              7.008056,
              44.236111
            ],
            [
              7.014167,
              44.233889
            ],
            [
              7.017778,
              44.231944
            ],
            [
              7.023333,
              44.233889
            ],
            [
              7.025,
              44.231944
            ]
          ]
        ]
      },
      "properties": {
        "name": "MN1 UAC",
        "owner": "MM",
        "owners": [
          "MME",
          "RAE",
          "MM"
        ],
        "min": 0,
        "cur": 0,
        "max": 144,
        "color_hex": "#909967",
        "stroke": "#909967",
        "stroke-width": 1,
        "stroke-opacity": 0.7,
        "fill": "#909967",
        "fill-opacity": 0.3
      }
    },
    {
      "type": "Feature",
      "geometry": {
        "type": "Polygon",
        "coordinates": [
          [
            [
              3.489167,
              42.603056
            ],
            [
              3.338056,
              42.986944
            ],
            [
              3.355556,
              43.0
            ],
            [
              4.05,
              43.0
            ],
            [
              4.283056,
              43.0
            ],
            [
              4.283056,
              42.5
            ],
            [
              5.633056,
              42.5
            ],
            [
              5.633056,
              42.666667
            ],
            [
              6.253611,
              42.668611
            ],
            [
              6.483333,
              42.491667
            ],
            [
              6.358889,
              42.285278
            ],
            [
              6.183333,
              41.991667
            ],
            [
              5.193056,
              41.619722
            ],
            [
              4.666667,
              41.141667
            ],
            [
              4.666667,
              42.0
            ],
            [
              4.433611,
              42.0675
            ],
            [
              4.345556,
              42.095278
            ],
            [
              4.041111,
              42.194722
            ],
            [
              3.508333,
              42.3575
            ],
            [
              3.564444,
              42.409167
            ],
            [
              3.489167,
              42.603056
            ]
          ]
        ]
      },
      "properties": {
        "name": "ML1 UAC",
        "owner": "MM",
        "owners": [
          "MMW",
          "RAW",
          "MM"
        ],
        "min": 0,
        "cur": 0,
        "max": 144,
        "color_hex": "#909967",
        "stroke": "#909967",
        "stroke-width": 1,
        "stroke-opacity": 0.7,
        "fill": "#909967",
        "fill-opacity": 0.3
      }
    },
    {
      "type": "Feature",
      "geometry": {
        "type": "Polygon",
        "coordinates": [
          [
            [
              5.023056,
              44.666667
            ],
            [
              5.352222,
              44.666667
            ],
            [
              5.336389,
              44.87
            ],
            [
              5.328056,
              45.0
            ],
            [
              5.191667,
              44.850556
            ],
            [
              5.023056,
              44.666667
            ]
          ]
        ]
      },
      "properties": {
        "name": "LS1 UAC",
        "owner": "MM",
        "owners": [
          "MMW",
          "RAW",
          "MM"
        ],
        "min": 0,
        "cur": 0,
        "max": 144,
        "color_hex": "#909967",
        "stroke": "#909967",
        "stroke-width": 1,
        "stroke-opacity": 0.7,
        "fill": "#909967",
        "fill-opacity": 0.3
      }
    },
    {
      "type": "Feature",
      "geometry": {
        "type": "Polygon",
        "coordinates": [
          [
            [
              6.274167,
              45.873333
            ],
            [
              6.390833,
              45.797222
            ],
            [
              6.513889,
              45.716667
            ],
            [
              6.835556,
              45.503611
            ],
            [
              7.110833,
              45.320556
            ],
            [
              7.1375,
              45.255278
            ],
            [
              7.073056,
              45.211389
            ],
            [
              7.0475,
              45.225
            ],
            [
              6.965278,
              45.208889
            ],
            [
              6.946667,
              45.169722
            ],
            [
              6.891667,
              45.166944
            ],
            [
              6.894444,
              45.137778
            ],
            [
              6.848333,
              45.126111
            ],
            [
              6.7675,
              45.159167
            ],
            [
              6.739167,
              45.137222
            ],
            [
              6.681667,
              45.139167
            ],
            [
              6.630833,
              45.107222
            ],
            [
              6.673333,
              45.02
            ],
            [
              6.285,
              44.365278
            ],
            [
              6.14,
              44.538333
            ],
            [
              5.366111,
              44.538333
            ],
            [
              5.352222,
              44.666667
            ],
            [
              5.336389,
              44.87
            ],
            [
              5.328056,
              45.0
            ],
            [
              5.521111,
              45.0
            ],
            [
              5.890556,
              45.020556
            ],
            [
              6.0,
              45.255278
            ],
            [
              6.075556,
              45.464167
            ],
            [
              6.087778,
              45.620556
            ],
            [
              6.096389,
              45.806389
            ],
            [
              6.163056,
              45.876389
            ],
            [
              6.204167,
              45.918889
            ],
            [
              6.274167,
              45.873333
            ]
          ]
        ]
      },
      "properties": {
        "name": "LE1 1-SE UAC",
        "owner": "MM",
        "owners": [
          "MMW",
          "RAW",
          "MM"
        ],
        "min": 0,
        "cur": 0,
        "max": 39,
        "color_hex": "#909967",
        "stroke": "#909967",
        "stroke-width": 1,
        "stroke-opacity": 0.7,
        "fill": "#909967",
        "fill-opacity": 0.3
      }
    },
    {
      "type": "Feature",
      "geometry": {
        "type": "Polygon",
        "coordinates": [
          [
            [
              6.358889,
              42.285278
            ],
            [
              7.756667,
              41.733889
            ],
            [
              7.931667,
              41.667222
            ],
            [
              8.0,
              41.0
            ],
            [
              8.0,
              40.744722
            ],
            [
              6.495,
              40.706111
            ],
            [
              6.326944,
              40.508889
            ],
            [
              5.502778,
              40.398889
            ],
            [
              4.666667,
              40.030833
            ],
            [
              4.666667,
              40.5
            ],
            [
              4.666667,
              41.141667
            ],
            [
              5.193056,
              41.619722
            ],
            [
              6.183333,
              41.991667
            ],
            [
              6.358889,
              42.285278
            ]
          ]
        ]
      },
      "properties": {
        "name": "D1 1 UAC",
        "owner": "MM",
        "owners": [
          "WU",
          "MMU",
          "RAW",
          "MM"
        ],
        "min": 0,
        "cur": 0,
        "max": 144,
        "color_hex": "#909967",
        "stroke": "#909967",
        "stroke-width": 1,
        "stroke-opacity": 0.7,
        "fill": "#909967",
        "fill-opacity": 0.3
      }
    },
    {
      "type": "Feature",
      "geometry": {
        "type": "Polygon",
        "coordinates": [
          [
            [
              6.253611,
              42.668611
            ],
            [
              6.483333,
              42.491667
            ],
            [
              6.358889,
              42.285278
            ],
            [
              7.756667,
              41.733889
            ],
            [
              7.931667,
              41.667222
            ],
            [
              7.860556,
              42.314444
            ],
            [
              7.699167,
              42.643611
            ],
            [
              7.253056,
              42.867778
            ],
            [
              6.666667,
              42.833056
            ],
            [
              6.666667,
              42.666667
            ],
            [
              6.253611,
              42.668611
            ]
          ]
        ]
      },
      "properties": {
        "name": "AJ 1 UAC",
        "owner": "MM",
        "owners": [
          "MME",
          "RAE",
          "MM"
        ],
        "min": 0,
        "cur": 0,
        "max": 144,
        "color_hex": "#909967",
        "stroke": "#909967",
        "stroke-width": 1,
        "stroke-opacity": 0.7,
        "fill": "#909967",
        "fill-opacity": 0.3
      }
    },
    {
      "type": "Feature",
      "geometry": {
        "type": "Polygon",
        "coordinates": [
          [
            [
              5.442222,
              49.567778
            ],
            [
              5.452778,
              49.546944
            ],
            [
              5.452222,
              49.5175
            ],
            [
              5.75,
              49.541667
            ],
            [
              5.755556,
              49.542222
            ],
            [
              5.793056,
              49.452778
            ],
            [
              5.811944,
              49.4525
            ],
            [
              5.818611,
              49.4525
            ],
            [
              5.833333,
              49.452222
            ],
            [
              5.997778,
              49.449167
            ],
            [
              5.886667,
              49.403056
            ],
            [
              5.833333,
              49.380833
            ],
            [
              5.549722,
              49.263056
            ],
            [
              4.8,
              48.95
            ],
            [
              4.291111,
              49.320278
            ],
            [
              5.442222,
              49.567778
            ]
          ]
        ]
      },
      "properties": {
        "name": "TM UAC",
        "owner": "PAR",
        "owners": [
          "TM",
          "TML",
          "ARML",
          "AOML",
          "RPAE",
          "PARL",
          "PAR"
        ],
        "min": 0,
        "cur": 0,
        "max": 54,
        "color_hex": "#4067a9",
        "stroke": "#4067a9",
        "stroke-width": 1,
        "stroke-opacity": 0.7,
        "fill": "#4067a9",
        "fill-opacity": 0.3
      }
    },
    {
      "type": "Feature",
      "geometry": {
        "type": "Polygon",
        "coordinates": [
          [
            [
              3.413611,
              49.783333
            ],
            [
              3.631111,
              49.783333
            ],
            [
              3.660278,
              49.748333
            ],
            [
              3.765556,
              49.556111
            ],
            [
              3.8825,
              49.256667
            ],
            [
              3.860833,
              49.241944
            ],
            [
              4.05,
              49.266667
            ],
            [
              4.291111,
              49.320278
            ],
            [
              5.442222,
              49.567778
            ],
            [
              5.420556,
              49.601111
            ],
            [
              5.383333,
              49.616667
            ],
            [
              5.371667,
              49.625278
            ],
            [
              5.315833,
              49.648333
            ],
            [
              5.291111,
              49.677222
            ],
            [
              5.262778,
              49.693056
            ],
            [
              5.163333,
              49.716667
            ],
            [
              5.115,
              49.736111
            ],
            [
              4.988056,
              49.8
            ],
            [
              4.858333,
              49.8
            ],
            [
              4.857778,
              49.861944
            ],
            [
              4.866667,
              49.983333
            ],
            [
              4.566667,
              49.975
            ],
            [
              4.483333,
              49.95
            ],
            [
              4.366667,
              49.961667
            ],
            [
              4.150278,
              49.980278
            ],
            [
              4.145833,
              49.980556
            ],
            [
              3.558333,
              50.0
            ],
            [
              3.437222,
              49.818889
            ],
            [
              3.413611,
              49.783333
            ]
          ]
        ]
      },
      "properties": {
        "name": "TE UAC",
        "owner": "PAR",
        "owners": [
          "TE",
          "APTE",
          "AENB",
          "RPAW",
          "PARL",
          "PAR"
        ],
        "min": 0,
        "cur": 0,
        "max": 64,
        "color_hex": "#4067a9",
        "stroke": "#4067a9",
        "stroke-width": 1,
        "stroke-opacity": 0.7,
        "fill": "#4067a9",
        "fill-opacity": 0.3
      }
    },
    {
      "type": "Feature",
      "geometry": {
        "type": "Polygon",
        "coordinates": [
          [
            [
              1.633611,
              47.550278
            ],
            [
              1.466667,
              47.166389
            ],
            [
              1.504444,
              47.166667
            ],
            [
              2.0,
              47.166667
            ],
            [
              2.168889,
              47.081944
            ],
            [
              2.182222,
              47.072222
            ],
            [
              2.833333,
              46.75
            ],
            [
              2.867778,
              46.5775
            ],
            [
              3.313056,
              46.728056
            ],
            [
              3.383333,
              46.983333
            ],
            [
              3.501944,
              47.109722
            ],
            [
              4.270556,
              47.359167
            ],
            [
              4.333333,
              47.416667
            ],
            [
              3.333333,
              47.540278
            ],
            [
              3.295278,
              47.540278
            ],
            [
              2.039722,
              47.540278
            ],
            [
              1.655556,
              47.658611
            ],
            [
              1.633611,
              47.550278
            ]
          ]
        ]
      },
      "properties": {
        "name": "S UAC",
        "owner": "PAR",
        "owners": [
          "DODG",
          "DOGS",
          "FPAE",
          "DGTJ",
          "RPAE",
          "PARL",
          "PAR"
        ],
        "min": 0,
        "cur": 0,
        "max": 114,
        "color_hex": "#4067a9",
        "stroke": "#4067a9",
        "stroke-width": 1,
        "stroke-opacity": 0.7,
        "fill": "#4067a9",
        "fill-opacity": 0.3
      }
    },
    {
      "type": "Feature",
      "geometry": {
        "type": "Polygon",
        "coordinates": [
          [
            [
              5.409167,
              43.356111
            ],
            [
              5.488889,
              43.350556
            ],
            [
              5.487778,
              43.166667
            ],
            [
              5.633056,
              43.166667
            ],
            [
              5.6325,
              43.076667
            ],
            [
              5.390556,
              43.211667
            ],
            [
              5.388056,
              43.252778
            ],
            [
              5.408889,
              43.252778
            ],
            [
              5.409167,
              43.356111
            ]
          ]
        ]
      },
      "properties": {
        "name": "PROVENCE ME2-S QFU13",
        "owner": "MM",
        "owners": [
          "ME",
          "MMW",
          "RAW",
          "MM"
        ],
        "min": 0,
        "cur": 0,
        "max": 24,
        "color_hex": "#909967",
        "stroke": "#909967",
        "stroke-width": 1,
        "stroke-opacity": 0.7,
        "fill": "#909967",
        "fill-opacity": 0.3
      }
    },
    {
      "type": "Feature",
      "geometry": {
        "type": "Polygon",
        "coordinates": [
          [
            [
              5.365278,
              43.871667
            ],
            [
              5.210556,
              43.889167
            ],
            [
              5.220556,
              43.861111
            ],
            [
              5.074444,
              43.8275
            ],
            [
              5.054444,
              43.821667
            ],
            [
              4.9725,
              43.802778
            ],
            [
              4.966667,
              43.771944
            ],
            [
              5.033056,
              43.65
            ],
            [
              5.054167,
              43.581667
            ],
            [
              5.119167,
              43.522222
            ],
            [
              5.120556,
              43.522222
            ],
            [
              5.123056,
              43.5225
            ],
            [
              5.125556,
              43.522778
            ],
            [
              5.127778,
              43.523056
            ],
            [
              5.130278,
              43.523333
            ],
            [
              5.132778,
              43.523889
            ],
            [
              5.135278,
              43.524167
            ],
            [
              5.1375,
              43.524722
            ],
            [
              5.14,
              43.525
            ],
            [
              5.1425,
              43.525556
            ],
            [
              5.144722,
              43.526111
            ],
            [
              5.146944,
              43.526944
            ],
            [
              5.149444,
              43.5275
            ],
            [
              5.151667,
              43.528056
            ],
            [
              5.153889,
              43.528889
            ],
            [
              5.156389,
              43.529722
            ],
            [
              5.158611,
              43.530556
            ],
            [
              5.160833,
              43.531389
            ],
            [
              5.162778,
              43.532222
            ],
            [
              5.165,
              43.533056
            ],
            [
              5.167222,
              43.533889
            ],
            [
              5.169167,
              43.535
            ],
            [
              5.171389,
              43.536111
            ],
            [
              5.173333,
              43.536944
            ],
            [
              5.175278,
              43.538056
            ],
            [
              5.1775,
              43.539167
            ],
            [
              5.179444,
              43.540278
            ],
            [
              5.181111,
              43.541389
            ],
            [
              5.183056,
              43.542778
            ],
            [
              5.185,
              43.543889
            ],
            [
              5.186667,
              43.545278
            ],
            [
              5.188333,
              43.546389
            ],
            [
              5.190278,
              43.547778
            ],
            [
              5.191944,
              43.549167
            ],
            [
              5.193611,
              43.550556
            ],
            [
              5.195,
              43.551944
            ],
            [
              5.196667,
              43.553333
            ],
            [
              5.198056,
              43.554722
            ],
            [
              5.199444,
              43.556111
            ],
            [
              5.201111,
              43.557778
            ],
            [
              5.202222,
              43.559167
            ],
            [
              5.203611,
              43.560833
            ],
            [
              5.205,
              43.562222
            ],
            [
              5.206111,
              43.563889
            ],
            [
              5.207222,
              43.565556
            ],
            [
              5.208333,
              43.567222
            ],
            [
              5.209444,
              43.568611
            ],
            [
              5.210556,
              43.570278
            ],
            [
              5.211389,
              43.571944
            ],
            [
              5.2125,
              43.573611
            ],
            [
              5.213333,
              43.575556
            ],
            [
              5.214167,
              43.577222
            ],
            [
              5.215,
              43.578889
            ],
            [
              5.215556,
              43.580556
            ],
            [
              5.216389,
              43.582222
            ],
            [
              5.216944,
              43.583889
            ],
            [
              5.317778,
              43.565278
            ],
            [
              5.325,
              43.563889
            ],
            [
              5.336389,
              43.561944
            ],
            [
              5.371667,
              43.571944
            ],
            [
              5.395,
              43.567778
            ],
            [
              5.464167,
              43.481667
            ],
            [
              5.408889,
              43.452778
            ],
            [
              5.409167,
              43.356111
            ],
            [
              5.488889,
              43.350556
            ],
            [
              5.489167,
              43.420278
            ],
            [
              5.558056,
              43.413056
            ],
            [
              5.558056,
              43.536667
            ],
            [
              5.4575,
              43.6425
            ],
            [
              5.442778,
              43.680556
            ],
            [
              5.365278,
              43.871667
            ]
          ]
        ]
      },
      "properties": {
        "name": "PROVENCE ME2-N QFU13",
        "owner": "MM",
        "owners": [
          "ME",
          "MMW",
          "RAW",
          "MM"
        ],
        "min": 0,
        "cur": 0,
        "max": 24,
        "color_hex": "#909967",
        "stroke": "#909967",
        "stroke-width": 1,
        "stroke-opacity": 0.7,
        "fill": "#909967",
        "fill-opacity": 0.3
      }
    },
    {
      "type": "Feature",
      "geometry": {
        "type": "Polygon",
        "coordinates": [
          [
            [
              5.365278,
              43.871667
            ],
            [
              5.210556,
              43.889167
            ],
            [
              5.220556,
              43.861111
            ],
            [
              5.074444,
              43.8275
            ],
            [
              5.054444,
              43.821667
            ],
            [
              4.9725,
              43.802778
            ],
            [
              4.966667,
              43.771944
            ],
            [
              5.033056,
              43.65
            ],
            [
              5.054167,
              43.581667
            ],
            [
              5.119167,
              43.522222
            ],
            [
              5.120556,
              43.522222
            ],
            [
              5.123056,
              43.5225
            ],
            [
              5.125556,
              43.522778
            ],
            [
              5.127778,
              43.523056
            ],
            [
              5.130278,
              43.523333
            ],
            [
              5.132778,
              43.523889
            ],
            [
              5.135278,
              43.524167
            ],
            [
              5.1375,
              43.524722
            ],
            [
              5.14,
              43.525
            ],
            [
              5.1425,
              43.525556
            ],
            [
              5.144722,
              43.526111
            ],
            [
              5.146944,
              43.526944
            ],
            [
              5.149444,
              43.5275
            ],
            [
              5.151667,
              43.528056
            ],
            [
              5.153889,
              43.528889
            ],
            [
              5.156389,
              43.529722
            ],
            [
              5.158611,
              43.530556
            ],
            [
              5.160833,
              43.531389
            ],
            [
              5.162778,
              43.532222
            ],
            [
              5.165,
              43.533056
            ],
            [
              5.167222,
              43.533889
            ],
            [
              5.169167,
              43.535
            ],
            [
              5.171389,
              43.536111
            ],
            [
              5.173333,
              43.536944
            ],
            [
              5.175278,
              43.538056
            ],
            [
              5.1775,
              43.539167
            ],
            [
              5.179444,
              43.540278
            ],
            [
              5.181111,
              43.541389
            ],
            [
              5.183056,
              43.542778
            ],
            [
              5.185,
              43.543889
            ],
            [
              5.186667,
              43.545278
            ],
            [
              5.188333,
              43.546389
            ],
            [
              5.190278,
              43.547778
            ],
            [
              5.191944,
              43.549167
            ],
            [
              5.193611,
              43.550556
            ],
            [
              5.195,
              43.551944
            ],
            [
              5.196667,
              43.553333
            ],
            [
              5.198056,
              43.554722
            ],
            [
              5.199444,
              43.556111
            ],
            [
              5.201111,
              43.557778
            ],
            [
              5.202222,
              43.559167
            ],
            [
              5.203611,
              43.560833
            ],
            [
              5.205,
              43.562222
            ],
            [
              5.206111,
              43.563889
            ],
            [
              5.207222,
              43.565556
            ],
            [
              5.208333,
              43.567222
            ],
            [
              5.209444,
              43.568611
            ],
            [
              5.210556,
              43.570278
            ],
            [
              5.211389,
              43.571944
            ],
            [
              5.2125,
              43.573611
            ],
            [
              5.213333,
              43.575556
            ],
            [
              5.214167,
              43.577222
            ],
            [
              5.215,
              43.578889
            ],
            [
              5.215556,
              43.580556
            ],
            [
              5.216389,
              43.582222
            ],
            [
              5.216944,
              43.583889
            ],
            [
              5.317778,
              43.565278
            ],
            [
              5.325,
              43.563889
            ],
            [
              5.336389,
              43.561944
            ],
            [
              5.371667,
              43.571944
            ],
            [
              5.395,
              43.567778
            ],
            [
              5.464167,
              43.481667
            ],
            [
              5.408889,
              43.452778
            ],
            [
              5.409167,
              43.356111
            ],
            [
              5.408889,
              43.252778
            ],
            [
              5.388056,
              43.252778
            ],
            [
              5.390556,
              43.211667
            ],
            [
              5.6325,
              43.076667
            ],
            [
              5.633056,
              43.166667
            ],
            [
              5.487778,
              43.166667
            ],
            [
              5.488889,
              43.350556
            ],
            [
              5.489167,
              43.420278
            ],
            [
              5.558056,
              43.413056
            ],
            [
              5.558056,
              43.536667
            ],
            [
              5.4575,
              43.6425
            ],
            [
              5.442778,
              43.680556
            ],
            [
              5.365278,
              43.871667
            ]
          ]
        ]
      },
      "properties": {
        "name": "PROVENCE ME2 QFU31",
        "owner": "MM",
        "owners": [
          "ME",
          "MMW",
          "RAW",
          "MM"
        ],
        "min": 0,
        "cur": 0,
        "max": 24,
        "color_hex": "#909967",
        "stroke": "#909967",
        "stroke-width": 1,
        "stroke-opacity": 0.7,
        "fill": "#909967",
        "fill-opacity": 0.3
      }
    },
    {
      "type": "Feature",
      "geometry": {
        "type": "Polygon",
        "coordinates": [
          [
            [
              5.488889,
              43.350556
            ],
            [
              5.633056,
              43.340556
            ],
            [
              6.003056,
              43.313611
            ],
            [
              5.983056,
              43.470556
            ],
            [
              5.891111,
              43.485
            ],
            [
              5.558056,
              43.536667
            ],
            [
              5.558056,
              43.413056
            ],
            [
              5.489167,
              43.420278
            ],
            [
              5.488889,
              43.350556
            ]
          ]
        ]
      },
      "properties": {
        "name": "PROVENCE ME1",
        "owner": "MM",
        "owners": [
          "ME",
          "MMW",
          "RAW",
          "MM"
        ],
        "min": 0,
        "cur": 0,
        "max": 114,
        "color_hex": "#909967",
        "stroke": "#909967",
        "stroke-width": 1,
        "stroke-opacity": 0.7,
        "fill": "#909967",
        "fill-opacity": 0.3
      }
    },
    {
      "type": "Feature",
      "geometry": {
        "type": "Polygon",
        "coordinates": [
          [
            [
              5.633056,
              43.340556
            ],
            [
              5.633056,
              43.166667
            ],
            [
              5.6325,
              43.076667
            ],
            [
              5.633056,
              43.033056
            ],
            [
              5.866667,
              43.175
            ],
            [
              6.025,
              43.143889
            ],
            [
              6.023056,
              43.158056
            ],
            [
              6.020833,
              43.175
            ],
            [
              6.003056,
              43.313611
            ],
            [
              5.633056,
              43.340556
            ]
          ]
        ]
      },
      "properties": {
        "name": "PROVENCE ME1",
        "owner": "MM",
        "owners": [
          "ME",
          "MMW",
          "RAW",
          "MM"
        ],
        "min": 0,
        "cur": 0,
        "max": 74,
        "color_hex": "#909967",
        "stroke": "#909967",
        "stroke-width": 1,
        "stroke-opacity": 0.7,
        "fill": "#909967",
        "fill-opacity": 0.3
      }
    },
    {
      "type": "Feature",
      "geometry": {
        "type": "Polygon",
        "coordinates": [
          [
            [
              5.633056,
              43.340556
            ],
            [
              5.633056,
              43.166667
            ],
            [
              5.487778,
              43.166667
            ],
            [
              5.488889,
              43.350556
            ],
            [
              5.633056,
              43.340556
            ]
          ]
        ]
      },
      "properties": {
        "name": "PROVENCE ME1",
        "owner": "MM",
        "owners": [
          "ME",
          "MMW",
          "RAW",
          "MM"
        ],
        "min": 0,
        "cur": 0,
        "max": 44,
        "color_hex": "#909967",
        "stroke": "#909967",
        "stroke-width": 1,
        "stroke-opacity": 0.7,
        "fill": "#909967",
        "fill-opacity": 0.3
      }
    },
    {
      "type": "Feature",
      "geometry": {
        "type": "Polygon",
        "coordinates": [
          [
            [
              4.787778,
              43.710278
            ],
            [
              4.780556,
              43.816667
            ],
            [
              4.765278,
              44.011944
            ],
            [
              4.679444,
              44.070556
            ],
            [
              4.758056,
              44.1
            ],
            [
              4.745,
              44.668611
            ],
            [
              4.454444,
              44.668611
            ],
            [
              4.221944,
              44.668056
            ],
            [
              4.336389,
              44.033056
            ],
            [
              4.520556,
              44.031389
            ],
            [
              4.55,
              43.945556
            ],
            [
              4.551667,
              43.858056
            ],
            [
              4.643889,
              43.8
            ],
            [
              4.787778,
              43.710278
            ]
          ]
        ]
      },
      "properties": {
        "name": "PROVENCE MB-W QFU31",
        "owner": "MM",
        "owners": [
          "MB",
          "ME",
          "MMW",
          "RAW",
          "MM"
        ],
        "min": 0,
        "cur": 0,
        "max": 24,
        "color_hex": "#909967",
        "stroke": "#909967",
        "stroke-width": 1,
        "stroke-opacity": 0.7,
        "fill": "#909967",
        "fill-opacity": 0.3
      }
    },
    {
      "type": "Feature",
      "geometry": {
        "type": "Polygon",
        "coordinates": [
          [
            [
              4.336389,
              44.033056
            ],
            [
              4.520556,
              44.031389
            ],
            [
              4.55,
              43.945556
            ],
            [
              4.551667,
              43.858056
            ],
            [
              4.643889,
              43.8
            ],
            [
              4.787778,
              43.710278
            ],
            [
              5.027222,
              43.555278
            ],
            [
              5.054167,
              43.581667
            ],
            [
              4.991111,
              43.628333
            ],
            [
              4.900278,
              43.810278
            ],
            [
              4.841667,
              43.805556
            ],
            [
              4.780556,
              43.816667
            ],
            [
              4.765278,
              44.011944
            ],
            [
              4.679444,
              44.070556
            ],
            [
              4.758056,
              44.1
            ],
            [
              4.789444,
              44.1
            ],
            [
              4.723611,
              44.356667
            ],
            [
              4.678056,
              44.383056
            ],
            [
              4.635833,
              44.437778
            ],
            [
              4.336389,
              44.033056
            ]
          ]
        ]
      },
      "properties": {
        "name": "PROVENCE MB-W QFU13",
        "owner": "MM",
        "owners": [
          "MB",
          "ME",
          "MMW",
          "RAW",
          "MM"
        ],
        "min": 0,
        "cur": 0,
        "max": 24,
        "color_hex": "#909967",
        "stroke": "#909967",
        "stroke-width": 1,
        "stroke-opacity": 0.7,
        "fill": "#909967",
        "fill-opacity": 0.3
      }
    },
    {
      "type": "Feature",
      "geometry": {
        "type": "Polygon",
        "coordinates": [
          [
            [
              4.336389,
              44.033056
            ],
            [
              4.635833,
              44.437778
            ],
            [
              4.678056,
              44.383056
            ],
            [
              4.723611,
              44.356667
            ],
            [
              4.745,
              44.668611
            ],
            [
              4.454444,
              44.668611
            ],
            [
              4.221944,
              44.668056
            ],
            [
              4.336389,
              44.033056
            ]
          ]
        ]
      },
      "properties": {
        "name": "PROVENCE MB-NW QFU13",
        "owner": "MM",
        "owners": [
          "MB",
          "ME",
          "MMW",
          "RAW",
          "MM"
        ],
        "min": 0,
        "cur": 0,
        "max": 24,
        "color_hex": "#909967",
        "stroke": "#909967",
        "stroke-width": 1,
        "stroke-opacity": 0.7,
        "fill": "#909967",
        "fill-opacity": 0.3
      }
    },
    {
      "type": "Feature",
      "geometry": {
        "type": "Polygon",
        "coordinates": [
          [
            [
              5.220556,
              43.861111
            ],
            [
              5.074444,
              43.8275
            ],
            [
              5.054444,
              43.821667
            ],
            [
              4.9725,
              43.802778
            ],
            [
              4.966667,
              43.771944
            ],
            [
              5.033056,
              43.65
            ],
            [
              5.054167,
              43.581667
            ],
            [
              5.027222,
              43.555278
            ],
            [
              4.787778,
              43.710278
            ],
            [
              4.780556,
              43.816667
            ],
            [
              4.841667,
              43.805556
            ],
            [
              4.900278,
              43.810278
            ],
            [
              4.975,
              43.816667
            ],
            [
              4.993056,
              43.913889
            ],
            [
              5.038889,
              43.938889
            ],
            [
              5.0425,
              44.075556
            ],
            [
              4.963056,
              44.1
            ],
            [
              4.789444,
              44.1
            ],
            [
              4.758056,
              44.1
            ],
            [
              4.745,
              44.668611
            ],
            [
              4.851389,
              44.666667
            ],
            [
              5.023056,
              44.666667
            ],
            [
              5.023056,
              44.594167
            ],
            [
              5.3625,
              44.521944
            ],
            [
              5.366667,
              44.363889
            ],
            [
              5.271667,
              44.094167
            ],
            [
              5.365278,
              43.871667
            ],
            [
              5.210556,
              43.889167
            ],
            [
              5.220556,
              43.861111
            ]
          ]
        ]
      },
      "properties": {
        "name": "PROVENCE MB-E QFU31",
        "owner": "MM",
        "owners": [
          "MB",
          "ME",
          "MMW",
          "RAW",
          "MM"
        ],
        "min": 0,
        "cur": 0,
        "max": 24,
        "color_hex": "#909967",
        "stroke": "#909967",
        "stroke-width": 1,
        "stroke-opacity": 0.7,
        "fill": "#909967",
        "fill-opacity": 0.3
      }
    },
    {
      "type": "Feature",
      "geometry": {
        "type": "Polygon",
        "coordinates": [
          [
            [
              4.900278,
              43.810278
            ],
            [
              4.991111,
              43.628333
            ],
            [
              5.054167,
              43.581667
            ],
            [
              5.033056,
              43.65
            ],
            [
              4.966667,
              43.771944
            ],
            [
              4.9725,
              43.802778
            ],
            [
              5.054444,
              43.821667
            ],
            [
              5.074444,
              43.8275
            ],
            [
              5.220556,
              43.861111
            ],
            [
              5.210556,
              43.889167
            ],
            [
              5.365278,
              43.871667
            ],
            [
              5.271667,
              44.094167
            ],
            [
              5.366667,
              44.363889
            ],
            [
              5.3625,
              44.521944
            ],
            [
              5.023056,
              44.594167
            ],
            [
              5.023056,
              44.666667
            ],
            [
              4.851389,
              44.666667
            ],
            [
              4.745,
              44.668611
            ],
            [
              4.723611,
              44.356667
            ],
            [
              4.789444,
              44.1
            ],
            [
              4.963056,
              44.1
            ],
            [
              5.0425,
              44.075556
            ],
            [
              5.038889,
              43.938889
            ],
            [
              4.993056,
              43.913889
            ],
            [
              4.975,
              43.816667
            ],
            [
              4.900278,
              43.810278
            ]
          ]
        ]
      },
      "properties": {
        "name": "PROVENCE MB-E QFU13",
        "owner": "MM",
        "owners": [
          "MB",
          "ME",
          "MMW",
          "RAW",
          "MM"
        ],
        "min": 0,
        "cur": 0,
        "max": 24,
        "color_hex": "#909967",
        "stroke": "#909967",
        "stroke-width": 1,
        "stroke-opacity": 0.7,
        "fill": "#909967",
        "fill-opacity": 0.3
      }
    },
    {
      "type": "Feature",
      "geometry": {
        "type": "Polygon",
        "coordinates": [
          [
            [
              4.643889,
              43.8
            ],
            [
              4.787778,
              43.710278
            ],
            [
              5.027222,
              43.555278
            ],
            [
              5.021944,
              43.549722
            ],
            [
              5.011111,
              43.538889
            ],
            [
              5.031111,
              43.523611
            ],
            [
              5.058056,
              43.4
            ],
            [
              5.091389,
              43.346111
            ],
            [
              5.179444,
              43.252778
            ],
            [
              5.388056,
              43.252778
            ],
            [
              5.390556,
              43.211667
            ],
            [
              5.6325,
              43.076667
            ],
            [
              5.633056,
              43.033056
            ],
            [
              5.633056,
              42.666667
            ],
            [
              5.633056,
              42.5
            ],
            [
              4.283056,
              42.5
            ],
            [
              4.283056,
              43.0
            ],
            [
              4.486111,
              43.252778
            ],
            [
              4.487778,
              43.285
            ],
            [
              4.500278,
              43.561389
            ],
            [
              4.643889,
              43.8
            ]
          ]
        ]
      },
      "properties": {
        "name": "PROVENCE MAC1",
        "owner": "MM",
        "owners": [
          "MAC",
          "ME",
          "MMW",
          "RAW",
          "MM"
        ],
        "min": 0,
        "cur": 0,
        "max": 24,
        "color_hex": "#909967",
        "stroke": "#909967",
        "stroke-width": 1,
        "stroke-opacity": 0.7,
        "fill": "#909967",
        "fill-opacity": 0.3
      }
    },
    {
      "type": "Feature",
      "geometry": {
        "type": "Polygon",
        "coordinates": [
          [
            [
              6.487778,
              43.328889
            ],
            [
              6.341667,
              43.476389
            ],
            [
              6.222222,
              43.474444
            ],
            [
              6.221944,
              43.675
            ],
            [
              5.983056,
              43.625
            ],
            [
              5.983056,
              43.470556
            ],
            [
              6.003056,
              43.313611
            ],
            [
              6.020833,
              43.175
            ],
            [
              6.043056,
              43.175
            ],
            [
              6.2475,
              43.175278
            ],
            [
              6.266667,
              43.175
            ],
            [
              6.487778,
              43.148056
            ],
            [
              6.487778,
              43.188611
            ],
            [
              6.448056,
              43.173611
            ],
            [
              6.431111,
              43.185
            ],
            [
              6.388611,
              43.223056
            ],
            [
              6.400556,
              43.227778
            ],
            [
              6.487778,
              43.253333
            ],
            [
              6.487778,
              43.267778
            ],
            [
              6.487778,
              43.328889
            ]
          ]
        ]
      },
      "properties": {
        "name": "NICE NO2",
        "owner": "MM",
        "owners": [
          "NO",
          "MME",
          "RAE",
          "MM"
        ],
        "min": 0,
        "cur": 0,
        "max": 34,
        "color_hex": "#909967",
        "stroke": "#909967",
        "stroke-width": 1,
        "stroke-opacity": 0.7,
        "fill": "#909967",
        "fill-opacity": 0.3
      }
    },
    {
      "type": "Feature",
      "geometry": {
        "type": "Polygon",
        "coordinates": [
          [
            [
              6.581667,
              43.643056
            ],
            [
              6.505556,
              43.625
            ],
            [
              6.341667,
              43.625
            ],
            [
              6.320556,
              43.625
            ],
            [
              6.221944,
              43.675
            ],
            [
              6.222222,
              43.474444
            ],
            [
              6.341667,
              43.476389
            ],
            [
              6.487778,
              43.328889
            ],
            [
              6.705556,
              43.306944
            ],
            [
              6.705556,
              43.575556
            ],
            [
              6.631667,
              43.655556
            ],
            [
              6.581667,
              43.643056
            ]
          ]
        ]
      },
      "properties": {
        "name": "NICE NO1",
        "owner": "MM",
        "owners": [
          "NO",
          "MME",
          "RAE",
          "MM"
        ],
        "min": 0,
        "cur": 0,
        "max": 144,
        "color_hex": "#909967",
        "stroke": "#909967",
        "stroke-width": 1,
        "stroke-opacity": 0.7,
        "fill": "#909967",
        "fill-opacity": 0.3
      }
    },
    {
      "type": "Feature",
      "geometry": {
        "type": "Polygon",
        "coordinates": [
          [
            [
              8.5475,
              43.506389
            ],
            [
              8.123611,
              42.8175
            ],
            [
              7.958889,
              42.750556
            ],
            [
              7.9225,
              42.735556
            ],
            [
              7.9225,
              43.153056
            ],
            [
              7.628611,
              43.178611
            ],
            [
              7.606111,
              43.223611
            ],
            [
              7.581667,
              43.261944
            ],
            [
              7.559722,
              43.305556
            ],
            [
              7.568333,
              43.307778
            ],
            [
              8.0375,
              43.431111
            ],
            [
              8.321667,
              43.570278
            ],
            [
              8.406667,
              43.5475
            ],
            [
              8.5475,
              43.506389
            ]
          ]
        ]
      },
      "properties": {
        "name": "NICE NE2",
        "owner": "MM",
        "owners": [
          "NE",
          "NO",
          "MME",
          "RAE",
          "MM"
        ],
        "min": 0,
        "cur": 0,
        "max": 144,
        "color_hex": "#909967",
        "stroke": "#909967",
        "stroke-width": 1,
        "stroke-opacity": 0.7,
        "fill": "#909967",
        "fill-opacity": 0.3
      }
    },
    {
      "type": "Feature",
      "geometry": {
        "type": "Polygon",
        "coordinates": [
          [
            [
              7.559722,
              43.305556
            ],
            [
              7.480833,
              43.4625
            ],
            [
              7.8375,
              43.701944
            ],
            [
              8.321667,
              43.570278
            ],
            [
              8.0375,
              43.431111
            ],
            [
              7.568333,
              43.307778
            ],
            [
              7.559722,
              43.305556
            ]
          ]
        ]
      },
      "properties": {
        "name": "NICE NE1-SE",
        "owner": "MM",
        "owners": [
          "NE",
          "NO",
          "MME",
          "RAE",
          "MM"
        ],
        "min": 0,
        "cur": 0,
        "max": 174,
        "color_hex": "#909967",
        "stroke": "#909967",
        "stroke-width": 1,
        "stroke-opacity": 0.7,
        "fill": "#909967",
        "fill-opacity": 0.3
      }
    },
    {
      "type": "Feature",
      "geometry": {
        "type": "Polygon",
        "coordinates": [
          [
            [
              7.285556,
              44.142222
            ],
            [
              7.287778,
              44.144444
            ],
            [
              7.290833,
              44.145556
            ],
            [
              7.297778,
              44.146111
            ],
            [
              7.307222,
              44.146111
            ],
            [
              7.314722,
              44.144444
            ],
            [
              7.323333,
              44.143611
            ],
            [
              7.3325,
              44.144167
            ],
            [
              7.3375,
              44.145
            ],
            [
              7.343333,
              44.145278
            ],
            [
              7.345556,
              44.143889
            ],
            [
              7.346111,
              44.140556
            ],
            [
              7.346667,
              44.136944
            ],
            [
              7.346389,
              44.135278
            ],
            [
              7.347222,
              44.131667
            ],
            [
              7.352778,
              44.125556
            ],
            [
              7.355,
              44.119722
            ],
            [
              7.361944,
              44.117222
            ],
            [
              7.3725,
              44.118611
            ],
            [
              7.380833,
              44.121667
            ],
            [
              7.386944,
              44.124722
            ],
            [
              7.395833,
              44.123611
            ],
            [
              7.402222,
              44.120556
            ],
            [
              7.411111,
              44.119167
            ],
            [
              7.416667,
              44.115278
            ],
            [
              7.426389,
              44.113611
            ],
            [
              7.428889,
              44.1175
            ],
            [
              7.4275,
              44.123333
            ],
            [
              7.430556,
              44.129167
            ],
            [
              7.439722,
              44.128333
            ],
            [
              7.450833,
              44.1275
            ],
            [
              7.457778,
              44.126944
            ],
            [
              7.464444,
              44.129167
            ],
            [
              7.474722,
              44.131944
            ],
            [
              7.484722,
              44.134444
            ],
            [
              7.491111,
              44.137222
            ],
            [
              7.495556,
              44.14
            ],
            [
              7.500278,
              44.141944
            ],
            [
              7.506111,
              44.143056
            ],
            [
              7.509444,
              44.142222
            ],
            [
              7.512222,
              44.140556
            ],
            [
              7.516667,
              44.138056
            ],
            [
              7.523611,
              44.138611
            ],
            [
              7.5275,
              44.140833
            ],
            [
              7.530833,
              44.146111
            ],
            [
              7.531389,
              44.146389
            ],
            [
              7.534444,
              44.147222
            ],
            [
              7.538056,
              44.146667
            ],
            [
              7.542222,
              44.146111
            ],
            [
              7.549167,
              44.146111
            ],
            [
              7.555,
              44.148056
            ],
            [
              7.558611,
              44.1525
            ],
            [
              7.564722,
              44.153611
            ],
            [
              7.575556,
              44.1525
            ],
            [
              7.586111,
              44.1525
            ],
            [
              7.602222,
              44.152222
            ],
            [
              7.616944,
              44.152222
            ],
            [
              7.624722,
              44.156111
            ],
            [
              7.629444,
              44.163056
            ],
            [
              7.631389,
              44.172222
            ],
            [
              7.64,
              44.176667
            ],
            [
              7.645,
              44.176944
            ],
            [
              7.664444,
              44.176667
            ],
            [
              7.673056,
              44.178889
            ],
            [
              7.682778,
              44.175556
            ],
            [
              7.683611,
              44.168333
            ],
            [
              7.679722,
              44.161944
            ],
            [
              7.671944,
              44.158333
            ],
            [
              7.671111,
              44.153056
            ],
            [
              7.680556,
              44.1475
            ],
            [
              7.678611,
              44.142222
            ],
            [
              7.670833,
              44.137778
            ],
            [
              7.667222,
              44.1275
            ],
            [
              7.678889,
              44.118056
            ],
            [
              7.6875,
              44.111667
            ],
            [
              7.693889,
              44.103056
            ],
            [
              7.702778,
              44.093056
            ],
            [
              7.712778,
              44.086111
            ],
            [
              7.718611,
              44.081667
            ],
            [
              7.714167,
              44.076389
            ],
            [
              7.714722,
              44.068333
            ],
            [
              7.7125,
              44.061111
            ],
            [
              7.708056,
              44.057778
            ],
            [
              7.703056,
              44.050278
            ],
            [
              7.703333,
              44.046667
            ],
            [
              7.700556,
              44.040556
            ],
            [
              7.689722,
              44.039444
            ],
            [
              7.6775,
              44.032778
            ],
            [
              7.675278,
              44.029722
            ],
            [
              7.666389,
              44.031111
            ],
            [
              7.663056,
              44.028889
            ],
            [
              7.661667,
              44.023056
            ],
            [
              7.6625,
              44.021389
            ],
            [
              7.662222,
              44.018889
            ],
            [
              7.663889,
              44.012222
            ],
            [
              7.666944,
              44.006667
            ],
            [
              7.67,
              43.998333
            ],
            [
              7.663333,
              43.991667
            ],
            [
              7.663333,
              43.986389
            ],
            [
              7.656389,
              43.985278
            ],
            [
              7.655556,
              43.9775
            ],
            [
              7.653333,
              43.975556
            ],
            [
              7.652778,
              43.974167
            ],
            [
              7.644167,
              43.973889
            ],
            [
              7.6375,
              43.969167
            ],
            [
              7.628889,
              43.963056
            ],
            [
              7.619722,
              43.96
            ],
            [
              7.611111,
              43.954444
            ],
            [
              7.601389,
              43.9575
            ],
            [
              7.5975,
              43.956389
            ],
            [
              7.589444,
              43.955
            ],
            [
              7.584722,
              43.953056
            ],
            [
              7.581667,
              43.948611
            ],
            [
              7.579167,
              43.949444
            ],
            [
              7.575,
              43.948056
            ],
            [
              7.575278,
              43.945833
            ],
            [
              7.569444,
              43.947222
            ],
            [
              7.569722,
              43.945278
            ],
            [
              7.566667,
              43.943056
            ],
            [
              7.573611,
              43.936667
            ],
            [
              7.570278,
              43.932222
            ],
            [
              7.570833,
              43.928889
            ],
            [
              7.568056,
              43.927222
            ],
            [
              7.568056,
              43.923056
            ],
            [
              7.558056,
              43.917778
            ],
            [
              7.558889,
              43.915278
            ],
            [
              7.561944,
              43.908611
            ],
            [
              7.5625,
              43.903333
            ],
            [
              7.560833,
              43.898611
            ],
            [
              7.550556,
              43.894167
            ],
            [
              7.539722,
              43.893333
            ],
            [
              7.535,
              43.891111
            ],
            [
              7.531944,
              43.890278
            ],
            [
              7.5275,
              43.886667
            ],
            [
              7.520833,
              43.886389
            ],
            [
              7.517222,
              43.882222
            ],
            [
              7.512778,
              43.885
            ],
            [
              7.511944,
              43.883333
            ],
            [
              7.510278,
              43.881944
            ],
            [
              7.51,
              43.880278
            ],
            [
              7.507222,
              43.8775
            ],
            [
              7.5025,
              43.874722
            ],
            [
              7.4975,
              43.871111
            ],
            [
              7.499444,
              43.8675
            ],
            [
              7.499167,
              43.865
            ],
            [
              7.496111,
              43.864167
            ],
            [
              7.495,
              43.857222
            ],
            [
              7.498611,
              43.845833
            ],
            [
              7.506944,
              43.841667
            ],
            [
              7.506944,
              43.84
            ],
            [
              7.508611,
              43.834722
            ],
            [
              7.51,
              43.828611
            ],
            [
              7.159167,
              43.854167
            ],
            [
              7.07,
              44.216389
            ],
            [
              7.043611,
              44.225556
            ],
            [
              7.0525,
              44.2275
            ],
            [
              7.0575,
              44.2275
            ],
            [
              7.063611,
              44.228333
            ],
            [
              7.065,
              44.231111
            ],
            [
              7.077222,
              44.231667
            ],
            [
              7.081667,
              44.229722
            ],
            [
              7.090278,
              44.223611
            ],
            [
              7.094167,
              44.220556
            ],
            [
              7.104444,
              44.219444
            ],
            [
              7.115,
              44.216667
            ],
            [
              7.119167,
              44.214722
            ],
            [
              7.1275,
              44.209722
            ],
            [
              7.137778,
              44.203333
            ],
            [
              7.146389,
              44.200833
            ],
            [
              7.150278,
              44.203056
            ],
            [
              7.155556,
              44.205
            ],
            [
              7.163056,
              44.2075
            ],
            [
              7.168333,
              44.204167
            ],
            [
              7.169167,
              44.201389
            ],
            [
              7.171667,
              44.2
            ],
            [
              7.176667,
              44.197778
            ],
            [
              7.181667,
              44.200278
            ],
            [
              7.189167,
              44.200278
            ],
            [
              7.188889,
              44.197222
            ],
            [
              7.192222,
              44.193889
            ],
            [
              7.191667,
              44.188889
            ],
            [
              7.195278,
              44.186944
            ],
            [
              7.2,
              44.186667
            ],
            [
              7.203056,
              44.184722
            ],
            [
              7.205833,
              44.179444
            ],
            [
              7.211111,
              44.177222
            ],
            [
              7.213889,
              44.174444
            ],
            [
              7.215833,
              44.170556
            ],
            [
              7.221111,
              44.169167
            ],
            [
              7.227222,
              44.168889
            ],
            [
              7.230556,
              44.171389
            ],
            [
              7.232778,
              44.174722
            ],
            [
              7.238333,
              44.173611
            ],
            [
              7.243333,
              44.170833
            ],
            [
              7.244167,
              44.168889
            ],
            [
              7.244722,
              44.165556
            ],
            [
              7.246389,
              44.161667
            ],
            [
              7.250833,
              44.157222
            ],
            [
              7.256667,
              44.153889
            ],
            [
              7.260833,
              44.147778
            ],
            [
              7.265833,
              44.146667
            ],
            [
              7.273333,
              44.144722
            ],
            [
              7.276111,
              44.143333
            ],
            [
              7.281389,
              44.140833
            ],
            [
              7.285556,
              44.142222
            ]
          ]
        ]
      },
      "properties": {
        "name": "NICE NE1",
        "owner": "MM",
        "owners": [
          "NE",
          "NO",
          "MME",
          "RAE",
          "MM"
        ],
        "min": 0,
        "cur": 0,
        "max": 174,
        "color_hex": "#909967",
        "stroke": "#909967",
        "stroke-width": 1,
        "stroke-opacity": 0.7,
        "fill": "#909967",
        "fill-opacity": 0.3
      }
    },
    {
      "type": "Feature",
      "geometry": {
        "type": "Polygon",
        "coordinates": [
          [
            [
              7.278889,
              43.251944
            ],
            [
              7.559722,
              43.305556
            ],
            [
              7.581667,
              43.261944
            ],
            [
              7.606111,
              43.223611
            ],
            [
              7.628611,
              43.178611
            ],
            [
              7.9225,
              43.153056
            ],
            [
              7.9225,
              42.735556
            ],
            [
              7.699167,
              42.643611
            ],
            [
              7.253056,
              42.867778
            ],
            [
              6.666667,
              42.833056
            ],
            [
              6.666667,
              43.066667
            ],
            [
              6.55,
              43.136667
            ],
            [
              6.487778,
              43.1375
            ],
            [
              6.487778,
              43.148056
            ],
            [
              6.487778,
              43.188611
            ],
            [
              6.571667,
              43.221111
            ],
            [
              6.625278,
              43.266667
            ],
            [
              6.581111,
              43.281667
            ],
            [
              6.556111,
              43.256389
            ],
            [
              6.543611,
              43.254167
            ],
            [
              6.516667,
              43.261944
            ],
            [
              6.487778,
              43.253333
            ],
            [
              6.487778,
              43.328889
            ],
            [
              6.705556,
              43.306944
            ],
            [
              7.278889,
              43.251944
            ]
          ]
        ]
      },
      "properties": {
        "name": "NICE ND2",
        "owner": "MM",
        "owners": [
          "ND",
          "NO",
          "MME",
          "RAE",
          "MM"
        ],
        "min": 0,
        "cur": 0,
        "max": 34,
        "color_hex": "#909967",
        "stroke": "#909967",
        "stroke-width": 1,
        "stroke-opacity": 0.7,
        "fill": "#909967",
        "fill-opacity": 0.3
      }
    },
    {
      "type": "Feature",
      "geometry": {
        "type": "Polygon",
        "coordinates": [
          [
            [
              7.121667,
              43.486111
            ],
            [
              7.1,
              43.480556
            ],
            [
              6.919167,
              43.388056
            ],
            [
              6.888056,
              43.420556
            ],
            [
              6.858056,
              43.451667
            ],
            [
              6.830556,
              43.511667
            ],
            [
              6.8425,
              43.526944
            ],
            [
              6.841667,
              43.528889
            ],
            [
              6.841111,
              43.531111
            ],
            [
              6.840556,
              43.533333
            ],
            [
              6.840278,
              43.535556
            ],
            [
              6.839722,
              43.537778
            ],
            [
              6.839444,
              43.54
            ],
            [
              6.839444,
              43.542222
            ],
            [
              6.839167,
              43.544722
            ],
            [
              6.839167,
              43.546944
            ],
            [
              6.839167,
              43.549167
            ],
            [
              6.839444,
              43.551389
            ],
            [
              6.839444,
              43.553611
            ],
            [
              6.84,
              43.555833
            ],
            [
              6.840278,
              43.558056
            ],
            [
              6.840833,
              43.560278
            ],
            [
              6.841389,
              43.5625
            ],
            [
              6.841944,
              43.564722
            ],
            [
              6.8425,
              43.566667
            ],
            [
              6.843333,
              43.568889
            ],
            [
              6.844167,
              43.571111
            ],
            [
              6.845278,
              43.573333
            ],
            [
              6.846389,
              43.575278
            ],
            [
              6.8475,
              43.5775
            ],
            [
              6.848611,
              43.579444
            ],
            [
              6.849722,
              43.581667
            ],
            [
              6.851111,
              43.583611
            ],
            [
              6.8525,
              43.585556
            ],
            [
              6.854167,
              43.5875
            ],
            [
              6.855556,
              43.589444
            ],
            [
              6.857222,
              43.591389
            ],
            [
              6.858889,
              43.593333
            ],
            [
              6.860833,
              43.595
            ],
            [
              6.8625,
              43.596944
            ],
            [
              6.864444,
              43.598611
            ],
            [
              6.866389,
              43.600278
            ],
            [
              6.868611,
              43.601944
            ],
            [
              6.870556,
              43.603611
            ],
            [
              6.872778,
              43.605278
            ],
            [
              6.875,
              43.606944
            ],
            [
              6.877222,
              43.608333
            ],
            [
              6.879722,
              43.61
            ],
            [
              6.881944,
              43.611389
            ],
            [
              6.884444,
              43.612778
            ],
            [
              6.886944,
              43.613889
            ],
            [
              6.889444,
              43.615278
            ],
            [
              6.892222,
              43.616667
            ],
            [
              6.894722,
              43.617778
            ],
            [
              6.8975,
              43.618889
            ],
            [
              6.9,
              43.62
            ],
            [
              6.902778,
              43.620833
            ],
            [
              6.905556,
              43.621944
            ],
            [
              6.908611,
              43.622778
            ],
            [
              6.911389,
              43.623611
            ],
            [
              6.914167,
              43.624444
            ],
            [
              6.917222,
              43.625278
            ],
            [
              6.92,
              43.625833
            ],
            [
              6.923056,
              43.626667
            ],
            [
              7.0,
              43.641944
            ],
            [
              7.206389,
              43.723056
            ],
            [
              7.185,
              43.73
            ],
            [
              7.159167,
              43.854167
            ],
            [
              7.07,
              44.216389
            ],
            [
              7.043611,
              44.225556
            ],
            [
              7.043056,
              44.225278
            ],
            [
              7.042222,
              44.225278
            ],
            [
              7.041111,
              44.224722
            ],
            [
              7.039722,
              44.224167
            ],
            [
              7.038611,
              44.223889
            ],
            [
              7.037778,
              44.223889
            ],
            [
              7.036944,
              44.224167
            ],
            [
              7.035833,
              44.224167
            ],
            [
              7.035,
              44.224444
            ],
            [
              7.033611,
              44.225
            ],
            [
              7.0325,
              44.225833
            ],
            [
              7.031389,
              44.226667
            ],
            [
              7.030833,
              44.228056
            ],
            [
              7.031111,
              44.229167
            ],
            [
              7.030556,
              44.230556
            ],
            [
              7.030278,
              44.231111
            ],
            [
              7.029167,
              44.231111
            ],
            [
              7.026944,
              44.230278
            ],
            [
              7.025,
              44.231944
            ],
            [
              7.01,
              44.228889
            ],
            [
              6.995,
              44.225833
            ],
            [
              6.980278,
              44.222222
            ],
            [
              6.965278,
              44.218611
            ],
            [
              6.950833,
              44.214722
            ],
            [
              6.936111,
              44.210833
            ],
            [
              6.921667,
              44.206667
            ],
            [
              6.9075,
              44.2025
            ],
            [
              6.893056,
              44.197778
            ],
            [
              6.878889,
              44.193056
            ],
            [
              6.865,
              44.188333
            ],
            [
              6.851111,
              44.183333
            ],
            [
              6.837222,
              44.178056
            ],
            [
              6.823611,
              44.172778
            ],
            [
              6.81,
              44.167222
            ],
            [
              6.796667,
              44.161389
            ],
            [
              6.783333,
              44.155556
            ],
            [
              6.770278,
              44.149722
            ],
            [
              6.757222,
              44.143333
            ],
            [
              6.744444,
              44.137222
            ],
            [
              6.731667,
              44.130556
            ],
            [
              6.719167,
              44.123889
            ],
            [
              6.706667,
              44.117222
            ],
            [
              6.694444,
              44.110278
            ],
            [
              6.6825,
              44.103056
            ],
            [
              6.670556,
              44.095833
            ],
            [
              6.658889,
              44.088611
            ],
            [
              6.6475,
              44.081111
            ],
            [
              6.713611,
              43.771944
            ],
            [
              6.733611,
              43.68
            ],
            [
              6.631667,
              43.655556
            ],
            [
              6.705556,
              43.575556
            ],
            [
              6.705556,
              43.306944
            ],
            [
              7.278889,
              43.251944
            ],
            [
              7.559722,
              43.305556
            ],
            [
              7.480833,
              43.4625
            ],
            [
              7.4125,
              43.600278
            ],
            [
              7.374444,
              43.584444
            ],
            [
              7.160278,
              43.495556
            ],
            [
              7.121667,
              43.486111
            ]
          ]
        ]
      },
      "properties": {
        "name": "NICE ND1-W",
        "owner": "MM",
        "owners": [
          "ND",
          "NO",
          "MME",
          "RAE",
          "MM"
        ],
        "min": 0,
        "cur": 0,
        "max": 34,
        "color_hex": "#909967",
        "stroke": "#909967",
        "stroke-width": 1,
        "stroke-opacity": 0.7,
        "fill": "#909967",
        "fill-opacity": 0.3
      }
    },
    {
      "type": "Feature",
      "geometry": {
        "type": "Polygon",
        "coordinates": [
          [
            [
              7.51,
              43.828611
            ],
            [
              7.514167,
              43.817778
            ],
            [
              7.5175,
              43.805833
            ],
            [
              7.520278,
              43.800833
            ],
            [
              7.529167,
              43.789722
            ],
            [
              7.529722,
              43.783889
            ],
            [
              7.591944,
              43.7675
            ],
            [
              7.613056,
              43.761667
            ],
            [
              7.8375,
              43.701944
            ],
            [
              7.480833,
              43.4625
            ],
            [
              7.4125,
              43.600278
            ],
            [
              7.433056,
              43.608889
            ],
            [
              7.433056,
              43.708611
            ],
            [
              7.433056,
              43.751667
            ],
            [
              7.278889,
              43.751667
            ],
            [
              7.268889,
              43.747778
            ],
            [
              7.206389,
              43.723056
            ],
            [
              7.185,
              43.73
            ],
            [
              7.159167,
              43.854167
            ],
            [
              7.51,
              43.828611
            ]
          ]
        ]
      },
      "properties": {
        "name": "NICE ND1-E",
        "owner": "MM",
        "owners": [
          "ND",
          "NE",
          "NO",
          "MME",
          "RAE",
          "MM"
        ],
        "min": 0,
        "cur": 0,
        "max": 34,
        "color_hex": "#909967",
        "stroke": "#909967",
        "stroke-width": 1,
        "stroke-opacity": 0.7,
        "fill": "#909967",
        "fill-opacity": 0.3
      }
    },
    {
      "type": "Feature",
      "geometry": {
        "type": "Polygon",
        "coordinates": [
          [
            [
              7.1,
              43.520556
            ],
            [
              7.053056,
              43.538056
            ],
            [
              7.076944,
              43.561389
            ],
            [
              7.078056,
              43.5625
            ],
            [
              7.078889,
              43.563333
            ],
            [
              7.08,
              43.564167
            ],
            [
              7.081111,
              43.564722
            ],
            [
              7.0825,
              43.565556
            ],
            [
              7.083889,
              43.566111
            ],
            [
              7.085278,
              43.566667
            ],
            [
              7.086667,
              43.567222
            ],
            [
              7.088056,
              43.5675
            ],
            [
              7.089722,
              43.567778
            ],
            [
              7.091111,
              43.568056
            ],
            [
              7.092778,
              43.568333
            ],
            [
              7.094167,
              43.568333
            ],
            [
              7.095833,
              43.568333
            ],
            [
              7.097222,
              43.568056
            ],
            [
              7.098889,
              43.568056
            ],
            [
              7.100278,
              43.567778
            ],
            [
              7.101944,
              43.567222
            ],
            [
              7.103333,
              43.566944
            ],
            [
              7.104722,
              43.566389
            ],
            [
              7.106111,
              43.565833
            ],
            [
              7.1075,
              43.565278
            ],
            [
              7.108611,
              43.564444
            ],
            [
              7.109722,
              43.563611
            ],
            [
              7.110833,
              43.562778
            ],
            [
              7.111667,
              43.561944
            ],
            [
              7.1125,
              43.561111
            ],
            [
              7.113333,
              43.56
            ],
            [
              7.114167,
              43.558889
            ],
            [
              7.114722,
              43.558056
            ],
            [
              7.115,
              43.556944
            ],
            [
              7.115556,
              43.555833
            ],
            [
              7.115556,
              43.554722
            ],
            [
              7.115833,
              43.553611
            ],
            [
              7.115833,
              43.5525
            ],
            [
              7.115556,
              43.551111
            ],
            [
              7.115556,
              43.55
            ],
            [
              7.115,
              43.548889
            ],
            [
              7.114722,
              43.548056
            ],
            [
              7.121667,
              43.526111
            ],
            [
              7.121667,
              43.486111
            ],
            [
              7.1,
              43.480556
            ],
            [
              7.1,
              43.520556
            ]
          ]
        ]
      },
      "properties": {
        "name": "NICE ND1-CTR",
        "owner": "MM",
        "owners": [
          "ND",
          "NO",
          "MME",
          "RAE",
          "MM"
        ],
        "min": 0,
        "cur": 0,
        "max": 34,
        "color_hex": "#909967",
        "stroke": "#909967",
        "stroke-width": 1,
        "stroke-opacity": 0.7,
        "fill": "#909967",
        "fill-opacity": 0.3
      }
    },
    {
      "type": "Feature",
      "geometry": {
        "type": "Polygon",
        "coordinates": [
          [
            [
              7.1,
              43.520556
            ],
            [
              7.1,
              43.480556
            ],
            [
              6.919167,
              43.388056
            ],
            [
              6.888056,
              43.420556
            ],
            [
              7.1,
              43.520556
            ]
          ]
        ]
      },
      "properties": {
        "name": "NICE ND1",
        "owner": "MM",
        "owners": [
          "ND",
          "NO",
          "MME",
          "RAE",
          "MM"
        ],
        "min": 0,
        "cur": 0,
        "max": 7,
        "color_hex": "#909967",
        "stroke": "#909967",
        "stroke-width": 1,
        "stroke-opacity": 0.7,
        "fill": "#909967",
        "fill-opacity": 0.3
      }
    },
    {
      "type": "Feature",
      "geometry": {
        "type": "Polygon",
        "coordinates": [
          [
            [
              4.208056,
              43.393889
            ],
            [
              4.487778,
              43.285
            ],
            [
              4.500278,
              43.561389
            ],
            [
              4.4975,
              43.560833
            ],
            [
              4.494722,
              43.560278
            ],
            [
              4.492222,
              43.559722
            ],
            [
              4.489444,
              43.559167
            ],
            [
              4.486944,
              43.558611
            ],
            [
              4.484167,
              43.558333
            ],
            [
              4.481389,
              43.557778
            ],
            [
              4.478889,
              43.5575
            ],
            [
              4.476111,
              43.556944
            ],
            [
              4.473333,
              43.556667
            ],
            [
              4.470833,
              43.556111
            ],
            [
              4.468056,
              43.555833
            ],
            [
              4.465278,
              43.555556
            ],
            [
              4.4625,
              43.555278
            ],
            [
              4.46,
              43.555
            ],
            [
              4.457222,
              43.554722
            ],
            [
              4.454444,
              43.554444
            ],
            [
              4.451667,
              43.554167
            ],
            [
              4.448889,
              43.553889
            ],
            [
              4.446111,
              43.553611
            ],
            [
              4.443333,
              43.553611
            ],
            [
              4.440833,
              43.553333
            ],
            [
              4.438056,
              43.553333
            ],
            [
              4.435278,
              43.553056
            ],
            [
              4.4325,
              43.553056
            ],
            [
              4.429722,
              43.552778
            ],
            [
              4.426944,
              43.552778
            ],
            [
              4.424167,
              43.552778
            ],
            [
              4.421389,
              43.552778
            ],
            [
              4.418611,
              43.552778
            ],
            [
              4.416111,
              43.552778
            ],
            [
              4.413333,
              43.552778
            ],
            [
              4.410556,
              43.552778
            ],
            [
              4.407778,
              43.552778
            ],
            [
              4.405,
              43.552778
            ],
            [
              4.402222,
              43.553056
            ],
            [
              4.399444,
              43.553056
            ],
            [
              4.396667,
              43.553333
            ],
            [
              4.393889,
              43.553333
            ],
            [
              4.391389,
              43.553611
            ],
            [
              4.388611,
              43.553611
            ],
            [
              4.385833,
              43.553889
            ],
            [
              4.383056,
              43.554167
            ],
            [
              4.380278,
              43.554444
            ],
            [
              4.3775,
              43.554722
            ],
            [
              4.375,
              43.555
            ],
            [
              4.372222,
              43.555278
            ],
            [
              4.369444,
              43.555556
            ],
            [
              4.366667,
              43.555833
            ],
            [
              4.364167,
              43.556389
            ],
            [
              4.361389,
              43.556667
            ],
            [
              4.358611,
              43.556944
            ],
            [
              4.355833,
              43.5575
            ],
            [
              4.353333,
              43.557778
            ],
            [
              4.350556,
              43.558333
            ],
            [
              4.347778,
              43.558611
            ],
            [
              4.345278,
              43.559167
            ],
            [
              4.3425,
              43.559722
            ],
            [
              4.34,
              43.560278
            ],
            [
              4.337222,
              43.560833
            ],
            [
              4.334722,
              43.561389
            ],
            [
              4.331944,
              43.561944
            ],
            [
              4.329444,
              43.5625
            ],
            [
              4.326667,
              43.563056
            ],
            [
              4.324167,
              43.563611
            ],
            [
              4.321389,
              43.564444
            ],
            [
              4.318889,
              43.565
            ],
            [
              4.316389,
              43.565556
            ],
            [
              4.313611,
              43.566389
            ],
            [
              4.311111,
              43.566944
            ],
            [
              4.308611,
              43.567778
            ],
            [
              4.306111,
              43.568611
            ],
            [
              4.303889,
              43.569167
            ],
            [
              4.303611,
              43.569167
            ],
            [
              4.286111,
              43.601389
            ],
            [
              4.160556,
              43.625278
            ],
            [
              4.308056,
              43.5
            ],
            [
              4.208056,
              43.393889
            ]
          ]
        ]
      },
      "properties": {
        "name": "MONTPELLIER FE4",
        "owner": "MM",
        "owners": [
          "FE",
          "MMW",
          "RAW",
          "MM"
        ],
        "min": 0,
        "cur": 0,
        "max": 24,
        "color_hex": "#909967",
        "stroke": "#909967",
        "stroke-width": 1,
        "stroke-opacity": 0.7,
        "fill": "#909967",
        "fill-opacity": 0.3
      }
    },
    {
      "type": "Feature",
      "geometry": {
        "type": "Polygon",
        "coordinates": [
          [
            [
              4.160556,
              43.625278
            ],
            [
              4.308056,
              43.5
            ],
            [
              4.208056,
              43.393889
            ],
            [
              3.996944,
              43.475278
            ],
            [
              4.072778,
              43.469167
            ],
            [
              4.073056,
              43.469444
            ],
            [
              4.074722,
              43.470278
            ],
            [
              4.076389,
              43.471111
            ],
            [
              4.078056,
              43.471944
            ],
            [
              4.079444,
              43.472778
            ],
            [
              4.081111,
              43.473611
            ],
            [
              4.082778,
              43.474444
            ],
            [
              4.084444,
              43.475278
            ],
            [
              4.086111,
              43.476389
            ],
            [
              4.0875,
              43.477222
            ],
            [
              4.089167,
              43.478056
            ],
            [
              4.090556,
              43.479167
            ],
            [
              4.092222,
              43.48
            ],
            [
              4.093611,
              43.481111
            ],
            [
              4.095278,
              43.481944
            ],
            [
              4.096667,
              43.483056
            ],
            [
              4.098056,
              43.484167
            ],
            [
              4.099722,
              43.485
            ],
            [
              4.101111,
              43.486111
            ],
            [
              4.1025,
              43.487222
            ],
            [
              4.103889,
              43.488056
            ],
            [
              4.105278,
              43.489167
            ],
            [
              4.106667,
              43.490278
            ],
            [
              4.108056,
              43.491389
            ],
            [
              4.109444,
              43.4925
            ],
            [
              4.110556,
              43.493611
            ],
            [
              4.111944,
              43.494722
            ],
            [
              4.113333,
              43.495833
            ],
            [
              4.114444,
              43.496944
            ],
            [
              4.115833,
              43.498056
            ],
            [
              4.116944,
              43.499444
            ],
            [
              4.118333,
              43.500556
            ],
            [
              4.119444,
              43.501667
            ],
            [
              4.120556,
              43.502778
            ],
            [
              4.121667,
              43.504167
            ],
            [
              4.123056,
              43.505278
            ],
            [
              4.124167,
              43.506389
            ],
            [
              4.125278,
              43.507778
            ],
            [
              4.126389,
              43.508889
            ],
            [
              4.127222,
              43.510278
            ],
            [
              4.128333,
              43.511389
            ],
            [
              4.129444,
              43.512778
            ],
            [
              4.130556,
              43.513889
            ],
            [
              4.131389,
              43.515278
            ],
            [
              4.1325,
              43.516667
            ],
            [
              4.133333,
              43.517778
            ],
            [
              4.134444,
              43.519167
            ],
            [
              4.135278,
              43.520556
            ],
            [
              4.136111,
              43.521667
            ],
            [
              4.136944,
              43.523056
            ],
            [
              4.137778,
              43.524444
            ],
            [
              4.138611,
              43.525833
            ],
            [
              4.139444,
              43.527222
            ],
            [
              4.140278,
              43.528333
            ],
            [
              4.141111,
              43.529722
            ],
            [
              4.141944,
              43.531111
            ],
            [
              4.1425,
              43.5325
            ],
            [
              4.143333,
              43.533889
            ],
            [
              4.144167,
              43.535278
            ],
            [
              4.144722,
              43.536667
            ],
            [
              4.145278,
              43.538056
            ],
            [
              4.146111,
              43.539444
            ],
            [
              4.146667,
              43.540833
            ],
            [
              4.147222,
              43.542222
            ],
            [
              4.147778,
              43.543611
            ],
            [
              4.148333,
              43.545
            ],
            [
              4.148889,
              43.546389
            ],
            [
              4.149444,
              43.548056
            ],
            [
              4.149722,
              43.549444
            ],
            [
              4.150278,
              43.550833
            ],
            [
              4.150833,
              43.552222
            ],
            [
              4.151111,
              43.553611
            ],
            [
              4.151389,
              43.555
            ],
            [
              4.151944,
              43.556667
            ],
            [
              4.152222,
              43.558056
            ],
            [
              4.1525,
              43.559444
            ],
            [
              4.152778,
              43.560833
            ],
            [
              4.153056,
              43.562222
            ],
            [
              4.153333,
              43.563889
            ],
            [
              4.153611,
              43.565278
            ],
            [
              4.153889,
              43.566667
            ],
            [
              4.154167,
              43.568056
            ],
            [
              4.154167,
              43.569722
            ],
            [
              4.154444,
              43.571111
            ],
            [
              4.154444,
              43.5725
            ],
            [
              4.154722,
              43.573889
            ],
            [
              4.154722,
              43.575556
            ],
            [
              4.154722,
              43.576944
            ],
            [
              4.154722,
              43.578333
            ],
            [
              4.154722,
              43.58
            ],
            [
              4.154722,
              43.581389
            ],
            [
              4.154722,
              43.582778
            ],
            [
              4.154722,
              43.584167
            ],
            [
              4.154167,
              43.584167
            ],
            [
              4.080556,
              43.588056
            ],
            [
              4.061389,
              43.6075
            ],
            [
              4.076944,
              43.640556
            ],
            [
              4.160556,
              43.625278
            ]
          ]
        ]
      },
      "properties": {
        "name": "MONTPELLIER FE3",
        "owner": "MM",
        "owners": [
          "FE",
          "MMW",
          "RAW",
          "MM"
        ],
        "min": 0,
        "cur": 0,
        "max": 24,
        "color_hex": "#909967",
        "stroke": "#909967",
        "stroke-width": 1,
        "stroke-opacity": 0.7,
        "fill": "#909967",
        "fill-opacity": 0.3
      }
    },
    {
      "type": "Feature",
      "geometry": {
        "type": "Polygon",
        "coordinates": [
          [
            [
              4.551667,
              43.858056
            ],
            [
              4.525,
              43.875
            ],
            [
              4.523056,
              43.9325
            ],
            [
              4.518889,
              43.933889
            ],
            [
              4.514167,
              43.935278
            ],
            [
              4.509444,
              43.936667
            ],
            [
              4.504444,
              43.937778
            ],
            [
              4.499722,
              43.939167
            ],
            [
              4.494722,
              43.940278
            ],
            [
              4.49,
              43.941389
            ],
            [
              4.485,
              43.9425
            ],
            [
              4.48,
              43.943333
            ],
            [
              4.475,
              43.944167
            ],
            [
              4.47,
              43.945
            ],
            [
              4.465,
              43.945833
            ],
            [
              4.46,
              43.946389
            ],
            [
              4.455,
              43.946944
            ],
            [
              4.449722,
              43.9475
            ],
            [
              4.444722,
              43.948056
            ],
            [
              4.439444,
              43.948333
            ],
            [
              4.437222,
              43.948333
            ],
            [
              4.336389,
              44.033056
            ],
            [
              4.520556,
              44.031389
            ],
            [
              4.55,
              43.945556
            ],
            [
              4.551667,
              43.858056
            ]
          ]
        ]
      },
      "properties": {
        "name": "MONTPELLIER FE2",
        "owner": "MM",
        "owners": [
          "FE",
          "MMW",
          "RAW",
          "MM"
        ],
        "min": 0,
        "cur": 0,
        "max": 24,
        "color_hex": "#909967",
        "stroke": "#909967",
        "stroke-width": 1,
        "stroke-opacity": 0.7,
        "fill": "#909967",
        "fill-opacity": 0.3
      }
    },
    {
      "type": "Feature",
      "geometry": {
        "type": "Polygon",
        "coordinates": [
          [
            [
              4.336389,
              44.033056
            ],
            [
              4.246389,
              44.033056
            ],
            [
              3.883056,
              43.864167
            ],
            [
              3.577778,
              44.25
            ],
            [
              2.904167,
              44.249444
            ],
            [
              2.821667,
              44.025833
            ],
            [
              2.709444,
              43.714722
            ],
            [
              3.535556,
              43.562778
            ],
            [
              3.549167,
              43.439722
            ],
            [
              3.555556,
              43.378889
            ],
            [
              3.81,
              43.363889
            ],
            [
              4.05,
              43.0
            ],
            [
              4.283056,
              43.0
            ],
            [
              4.486111,
              43.252778
            ],
            [
              4.487778,
              43.285
            ],
            [
              4.208056,
              43.393889
            ],
            [
              3.996944,
              43.475278
            ],
            [
              3.9,
              43.483056
            ],
            [
              3.871667,
              43.468056
            ],
            [
              3.866944,
              43.470278
            ],
            [
              3.863056,
              43.472222
            ],
            [
              3.858889,
              43.474444
            ],
            [
              3.855,
              43.476667
            ],
            [
              3.851389,
              43.478889
            ],
            [
              3.8475,
              43.481389
            ],
            [
              3.843889,
              43.483889
            ],
            [
              3.840278,
              43.486389
            ],
            [
              3.836944,
              43.488889
            ],
            [
              3.833611,
              43.491667
            ],
            [
              3.830278,
              43.494444
            ],
            [
              3.827222,
              43.497222
            ],
            [
              3.824167,
              43.5
            ],
            [
              3.821111,
              43.503056
            ],
            [
              3.818333,
              43.505833
            ],
            [
              3.815556,
              43.508889
            ],
            [
              3.813056,
              43.511944
            ],
            [
              3.810556,
              43.515278
            ],
            [
              3.808056,
              43.518333
            ],
            [
              3.805833,
              43.521667
            ],
            [
              3.803611,
              43.524722
            ],
            [
              3.801667,
              43.528056
            ],
            [
              3.799722,
              43.531389
            ],
            [
              3.798056,
              43.534722
            ],
            [
              3.796389,
              43.538333
            ],
            [
              3.795,
              43.541667
            ],
            [
              3.793611,
              43.545278
            ],
            [
              3.792222,
              43.548611
            ],
            [
              3.791111,
              43.552222
            ],
            [
              3.790278,
              43.555833
            ],
            [
              3.789444,
              43.559167
            ],
            [
              3.788611,
              43.562778
            ],
            [
              3.788056,
              43.566389
            ],
            [
              3.7875,
              43.57
            ],
            [
              3.787222,
              43.573611
            ],
            [
              3.786944,
              43.577222
            ],
            [
              3.786944,
              43.580833
            ],
            [
              3.787222,
              43.584444
            ],
            [
              3.787222,
              43.588056
            ],
            [
              3.787778,
              43.591667
            ],
            [
              3.788056,
              43.595278
            ],
            [
              3.788889,
              43.598889
            ],
            [
              3.789444,
              43.6025
            ],
            [
              3.790556,
              43.605833
            ],
            [
              3.791389,
              43.609444
            ],
            [
              3.792778,
              43.613056
            ],
            [
              3.793889,
              43.616389
            ],
            [
              3.795278,
              43.62
            ],
            [
              3.796944,
              43.623333
            ],
            [
              3.798611,
              43.626667
            ],
            [
              3.800278,
              43.630278
            ],
            [
              3.802222,
              43.633333
            ],
            [
              3.804444,
              43.636667
            ],
            [
              3.806667,
              43.64
            ],
            [
              3.808889,
              43.643333
            ],
            [
              3.811389,
              43.646389
            ],
            [
              3.813889,
              43.649444
            ],
            [
              3.816389,
              43.6525
            ],
            [
              3.819167,
              43.655556
            ],
            [
              3.822222,
              43.658611
            ],
            [
              3.825,
              43.661389
            ],
            [
              3.828056,
              43.664167
            ],
            [
              3.831389,
              43.666944
            ],
            [
              3.834722,
              43.669722
            ],
            [
              3.838056,
              43.672222
            ],
            [
              3.841667,
              43.675
            ],
            [
              3.845278,
              43.6775
            ],
            [
              3.848889,
              43.68
            ],
            [
              3.852778,
              43.682222
            ],
            [
              3.856389,
              43.684444
            ],
            [
              3.860556,
              43.686667
            ],
            [
              3.864444,
              43.688889
            ],
            [
              3.868611,
              43.690833
            ],
            [
              3.872778,
              43.692778
            ],
            [
              3.876944,
              43.694722
            ],
            [
              3.881389,
              43.696667
            ],
            [
              3.885833,
              43.698333
            ],
            [
              3.890278,
              43.7
            ],
            [
              3.894722,
              43.701389
            ],
            [
              3.899444,
              43.702778
            ],
            [
              3.903889,
              43.704167
            ],
            [
              3.908611,
              43.705556
            ],
            [
              3.913333,
              43.706667
            ],
            [
              3.918056,
              43.707778
            ],
            [
              3.922778,
              43.708889
            ],
            [
              3.927778,
              43.709722
            ],
            [
              3.9325,
              43.710556
            ],
            [
              3.9375,
              43.711111
            ],
            [
              3.9425,
              43.711667
            ],
            [
              3.9475,
              43.712222
            ],
            [
              3.952222,
              43.712778
            ],
            [
              3.957222,
              43.713056
            ],
            [
              4.061389,
              43.6075
            ],
            [
              4.076944,
              43.640556
            ],
            [
              4.160556,
              43.625278
            ],
            [
              4.286111,
              43.601389
            ],
            [
              4.196667,
              43.765556
            ],
            [
              4.228611,
              43.888056
            ],
            [
              4.231389,
              43.890556
            ],
            [
              4.235,
              43.893333
            ],
            [
              4.238611,
              43.895833
            ],
            [
              4.242222,
              43.898333
            ],
            [
              4.246111,
              43.900833
            ],
            [
              4.249722,
              43.903333
            ],
            [
              4.253611,
              43.905833
            ],
            [
              4.2575,
              43.908333
            ],
            [
              4.261667,
              43.910556
            ],
            [
              4.265833,
              43.912778
            ],
            [
              4.27,
              43.915
            ],
            [
              4.274167,
              43.916944
            ],
            [
              4.278333,
              43.919167
            ],
            [
              4.282778,
              43.921111
            ],
            [
              4.286944,
              43.923056
            ],
            [
              4.291389,
              43.925
            ],
            [
              4.295833,
              43.926667
            ],
            [
              4.300556,
              43.928333
            ],
            [
              4.305,
              43.93
            ],
            [
              4.309722,
              43.931667
            ],
            [
              4.314444,
              43.933333
            ],
            [
              4.319167,
              43.934722
            ],
            [
              4.323889,
              43.936111
            ],
            [
              4.328611,
              43.9375
            ],
            [
              4.333333,
              43.938611
            ],
            [
              4.338333,
              43.94
            ],
            [
              4.343056,
              43.941111
            ],
            [
              4.348056,
              43.941944
            ],
            [
              4.353056,
              43.943056
            ],
            [
              4.358056,
              43.943889
            ],
            [
              4.363056,
              43.944722
            ],
            [
              4.368056,
              43.945556
            ],
            [
              4.373056,
              43.946111
            ],
            [
              4.378056,
              43.946667
            ],
            [
              4.383333,
              43.947222
            ],
            [
              4.388333,
              43.947778
            ],
            [
              4.393333,
              43.948056
            ],
            [
              4.398611,
              43.948611
            ],
            [
              4.403611,
              43.948611
            ],
            [
              4.408889,
              43.948889
            ],
            [
              4.413889,
              43.948889
            ],
            [
              4.419167,
              43.948889
            ],
            [
              4.424167,
              43.948889
            ],
            [
              4.429444,
              43.948889
            ],
            [
              4.434444,
              43.948611
            ],
            [
              4.437222,
              43.948333
            ],
            [
              4.336389,
              44.033056
            ]
          ]
        ]
      },
      "properties": {
        "name": "MONTPELLIER FE1",
        "owner": "MM",
        "owners": [
          "FE",
          "MMW",
          "RAW",
          "MM"
        ],
        "min": 0,
        "cur": 0,
        "max": 24,
        "color_hex": "#909967",
        "stroke": "#909967",
        "stroke-width": 1,
        "stroke-opacity": 0.7,
        "fill": "#909967",
        "fill-opacity": 0.3
      }
    },
    {
      "type": "Feature",
      "geometry": {
        "type": "Polygon",
        "coordinates": [
          [
            [
              2.069444,
              42.3625
            ],
            [
              2.25,
              42.433333
            ],
            [
              2.558333,
              42.333056
            ],
            [
              2.705556,
              42.424722
            ],
            [
              2.875833,
              42.465
            ],
            [
              2.949444,
              42.483056
            ],
            [
              3.0425,
              42.478056
            ],
            [
              3.099444,
              42.434444
            ],
            [
              3.166667,
              42.433333
            ],
            [
              3.375556,
              42.374722
            ],
            [
              3.508333,
              42.3575
            ],
            [
              3.564444,
              42.409167
            ],
            [
              3.489167,
              42.603056
            ],
            [
              3.250556,
              42.72
            ],
            [
              2.929167,
              42.875556
            ],
            [
              3.0,
              42.686667
            ],
            [
              2.998889,
              42.685278
            ],
            [
              2.997778,
              42.684167
            ],
            [
              2.996667,
              42.682778
            ],
            [
              2.995278,
              42.681667
            ],
            [
              2.994167,
              42.680278
            ],
            [
              2.992778,
              42.679167
            ],
            [
              2.991667,
              42.678056
            ],
            [
              2.990278,
              42.676667
            ],
            [
              2.988889,
              42.675556
            ],
            [
              2.987778,
              42.674444
            ],
            [
              2.986389,
              42.673333
            ],
            [
              2.985,
              42.672222
            ],
            [
              2.983611,
              42.671111
            ],
            [
              2.982222,
              42.67
            ],
            [
              2.980556,
              42.668889
            ],
            [
              2.979167,
              42.667778
            ],
            [
              2.977778,
              42.666667
            ],
            [
              2.976389,
              42.665556
            ],
            [
              2.974722,
              42.664444
            ],
            [
              2.973333,
              42.663611
            ],
            [
              2.971667,
              42.6625
            ],
            [
              2.97,
              42.661667
            ],
            [
              2.968611,
              42.660556
            ],
            [
              2.966944,
              42.659722
            ],
            [
              2.965278,
              42.658611
            ],
            [
              2.963611,
              42.657778
            ],
            [
              2.961944,
              42.656667
            ],
            [
              2.960278,
              42.655833
            ],
            [
              2.958611,
              42.655
            ],
            [
              2.956944,
              42.654167
            ],
            [
              2.955278,
              42.653333
            ],
            [
              2.953611,
              42.6525
            ],
            [
              2.951667,
              42.651667
            ],
            [
              2.95,
              42.650833
            ],
            [
              2.948333,
              42.65
            ],
            [
              2.946389,
              42.649167
            ],
            [
              2.944722,
              42.648611
            ],
            [
              2.942778,
              42.647778
            ],
            [
              2.941111,
              42.646944
            ],
            [
              2.939167,
              42.646389
            ],
            [
              2.937222,
              42.645556
            ],
            [
              2.935556,
              42.645
            ],
            [
              2.933611,
              42.644444
            ],
            [
              2.931667,
              42.643611
            ],
            [
              2.929722,
              42.643056
            ],
            [
              2.927778,
              42.6425
            ],
            [
              2.925833,
              42.641944
            ],
            [
              2.923889,
              42.641389
            ],
            [
              2.921944,
              42.640833
            ],
            [
              2.92,
              42.640278
            ],
            [
              2.918056,
              42.639722
            ],
            [
              2.916111,
              42.639444
            ],
            [
              2.914167,
              42.638889
            ],
            [
              2.912222,
              42.638333
            ],
            [
              2.910278,
              42.638056
            ],
            [
              2.908333,
              42.6375
            ],
            [
              2.906111,
              42.637222
            ],
            [
              2.904167,
              42.636944
            ],
            [
              2.902222,
              42.636667
            ],
            [
              2.900278,
              42.636111
            ],
            [
              2.898056,
              42.635833
            ],
            [
              2.896111,
              42.635556
            ],
            [
              2.894167,
              42.635278
            ],
            [
              2.891944,
              42.635
            ],
            [
              2.89,
              42.634722
            ],
            [
              2.888056,
              42.634722
            ],
            [
              2.885833,
              42.634444
            ],
            [
              2.883889,
              42.634167
            ],
            [
              2.881667,
              42.634167
            ],
            [
              2.879722,
              42.633889
            ],
            [
              2.8775,
              42.633889
            ],
            [
              2.875556,
              42.633889
            ],
            [
              2.873611,
              42.633611
            ],
            [
              2.871389,
              42.633611
            ],
            [
              2.869444,
              42.633611
            ],
            [
              2.867222,
              42.633611
            ],
            [
              2.865278,
              42.633611
            ],
            [
              2.863056,
              42.633611
            ],
            [
              2.861111,
              42.633611
            ],
            [
              2.858889,
              42.633889
            ],
            [
              2.706944,
              42.813889
            ],
            [
              2.708333,
              42.815556
            ],
            [
              2.709722,
              42.817222
            ],
            [
              2.711111,
              42.818889
            ],
            [
              2.7125,
              42.820833
            ],
            [
              2.713889,
              42.8225
            ],
            [
              2.715556,
              42.824167
            ],
            [
              2.717222,
              42.825833
            ],
            [
              2.718611,
              42.827778
            ],
            [
              2.720278,
              42.829444
            ],
            [
              2.721944,
              42.831111
            ],
            [
              2.723889,
              42.8325
            ],
            [
              2.725556,
              42.834167
            ],
            [
              2.727222,
              42.835833
            ],
            [
              2.729167,
              42.8375
            ],
            [
              2.731111,
              42.838889
            ],
            [
              2.732778,
              42.840556
            ],
            [
              2.734722,
              42.841944
            ],
            [
              2.736667,
              42.843611
            ],
            [
              2.738889,
              42.845
            ],
            [
              2.740833,
              42.846389
            ],
            [
              2.742778,
              42.847778
            ],
            [
              2.745,
              42.849167
            ],
            [
              2.746944,
              42.850556
            ],
            [
              2.749167,
              42.851944
            ],
            [
              2.751944,
              42.853611
            ],
            [
              2.680556,
              42.845
            ],
            [
              2.6,
              42.712222
            ],
            [
              2.493889,
              42.805556
            ],
            [
              2.275,
              43.0
            ],
            [
              2.054167,
              42.806389
            ],
            [
              2.1,
              42.383056
            ],
            [
              2.069444,
              42.3625
            ]
          ]
        ]
      },
      "properties": {
        "name": "MONTPELLIER FA3",
        "owner": "MM",
        "owners": [
          "FA",
          "FE",
          "MMW",
          "RAW",
          "MM"
        ],
        "min": 0,
        "cur": 0,
        "max": 19,
        "color_hex": "#909967",
        "stroke": "#909967",
        "stroke-width": 1,
        "stroke-opacity": 0.7,
        "fill": "#909967",
        "fill-opacity": 0.3
      }
    },
    {
      "type": "Feature",
      "geometry": {
        "type": "Polygon",
        "coordinates": [
          [
            [
              2.6,
              42.712222
            ],
            [
              2.680556,
              42.845
            ],
            [
              2.751944,
              42.853611
            ],
            [
              2.753611,
              42.854722
            ],
            [
              2.755556,
              42.855833
            ],
            [
              2.758056,
              42.857222
            ],
            [
              2.760278,
              42.858333
            ],
            [
              2.7625,
              42.859444
            ],
            [
              2.764722,
              42.860833
            ],
            [
              2.767222,
              42.861944
            ],
            [
              2.769444,
              42.863056
            ],
            [
              2.771944,
              42.864167
            ],
            [
              2.774444,
              42.865278
            ],
            [
              2.776667,
              42.866111
            ],
            [
              2.779167,
              42.867222
            ],
            [
              2.781667,
              42.868333
            ],
            [
              2.784167,
              42.869167
            ],
            [
              2.786667,
              42.87
            ],
            [
              2.789167,
              42.871111
            ],
            [
              2.791944,
              42.871944
            ],
            [
              2.794444,
              42.872778
            ],
            [
              2.796944,
              42.873611
            ],
            [
              2.799722,
              42.874444
            ],
            [
              2.802222,
              42.875
            ],
            [
              2.805,
              42.875833
            ],
            [
              2.8075,
              42.876389
            ],
            [
              2.810278,
              42.877222
            ],
            [
              2.812778,
              42.877778
            ],
            [
              2.815556,
              42.878333
            ],
            [
              2.818333,
              42.878889
            ],
            [
              2.821111,
              42.879444
            ],
            [
              2.823889,
              42.88
            ],
            [
              2.826389,
              42.880556
            ],
            [
              2.829167,
              42.880833
            ],
            [
              2.831944,
              42.881389
            ],
            [
              2.834722,
              42.881667
            ],
            [
              2.8375,
              42.881944
            ],
            [
              2.840278,
              42.8825
            ],
            [
              2.843056,
              42.882778
            ],
            [
              2.846111,
              42.882778
            ],
            [
              2.848889,
              42.883056
            ],
            [
              2.851667,
              42.883333
            ],
            [
              2.854444,
              42.883611
            ],
            [
              2.857222,
              42.883611
            ],
            [
              2.86,
              42.883611
            ],
            [
              2.862778,
              42.883889
            ],
            [
              2.865556,
              42.883889
            ],
            [
              2.868611,
              42.883889
            ],
            [
              2.871389,
              42.883889
            ],
            [
              2.874167,
              42.883611
            ],
            [
              2.876944,
              42.883611
            ],
            [
              2.879722,
              42.883611
            ],
            [
              2.8825,
              42.883333
            ],
            [
              2.885278,
              42.883056
            ],
            [
              2.888333,
              42.882778
            ],
            [
              2.891111,
              42.882778
            ],
            [
              2.893889,
              42.882222
            ],
            [
              2.896667,
              42.881944
            ],
            [
              2.899444,
              42.881667
            ],
            [
              2.902222,
              42.881389
            ],
            [
              2.905,
              42.880833
            ],
            [
              2.907778,
              42.880556
            ],
            [
              2.910278,
              42.88
            ],
            [
              2.913056,
              42.879444
            ],
            [
              2.915833,
              42.878889
            ],
            [
              2.918611,
              42.878333
            ],
            [
              2.921389,
              42.877778
            ],
            [
              2.923889,
              42.877222
            ],
            [
              2.926667,
              42.876389
            ],
            [
              2.929167,
              42.875556
            ],
            [
              3.250556,
              42.72
            ],
            [
              3.489167,
              42.603056
            ],
            [
              3.338056,
              42.986944
            ],
            [
              3.355556,
              43.0
            ],
            [
              4.05,
              43.0
            ],
            [
              3.81,
              43.363889
            ],
            [
              3.555556,
              43.378889
            ],
            [
              3.561667,
              43.321667
            ],
            [
              3.511111,
              43.271389
            ],
            [
              3.414167,
              43.208056
            ],
            [
              3.353056,
              43.206667
            ],
            [
              3.353056,
              43.206389
            ],
            [
              3.350833,
              43.206389
            ],
            [
              3.348333,
              43.206389
            ],
            [
              3.345833,
              43.206667
            ],
            [
              3.343611,
              43.206667
            ],
            [
              3.341111,
              43.206667
            ],
            [
              3.338611,
              43.206944
            ],
            [
              3.336389,
              43.207222
            ],
            [
              3.333889,
              43.207222
            ],
            [
              3.331389,
              43.2075
            ],
            [
              3.329167,
              43.207778
            ],
            [
              3.326667,
              43.208056
            ],
            [
              3.324444,
              43.208333
            ],
            [
              3.321944,
              43.208611
            ],
            [
              3.319722,
              43.209167
            ],
            [
              3.317222,
              43.209444
            ],
            [
              3.315,
              43.209722
            ],
            [
              3.3125,
              43.210278
            ],
            [
              3.310278,
              43.210833
            ],
            [
              3.307778,
              43.211111
            ],
            [
              3.305556,
              43.211667
            ],
            [
              3.303333,
              43.212222
            ],
            [
              3.301111,
              43.212778
            ],
            [
              3.298611,
              43.213333
            ],
            [
              3.296389,
              43.213889
            ],
            [
              3.294167,
              43.214722
            ],
            [
              3.291944,
              43.215278
            ],
            [
              3.289722,
              43.216111
            ],
            [
              3.2875,
              43.216667
            ],
            [
              3.285278,
              43.2175
            ],
            [
              3.283056,
              43.218333
            ],
            [
              3.280833,
              43.218889
            ],
            [
              3.278889,
              43.219722
            ],
            [
              3.276667,
              43.220556
            ],
            [
              3.274444,
              43.221389
            ],
            [
              3.2725,
              43.222222
            ],
            [
              3.270278,
              43.223333
            ],
            [
              3.268333,
              43.224167
            ],
            [
              3.266389,
              43.225
            ],
            [
              3.264167,
              43.226111
            ],
            [
              3.262222,
              43.226944
            ],
            [
              3.260278,
              43.228056
            ],
            [
              3.258333,
              43.229167
            ],
            [
              3.256389,
              43.230278
            ],
            [
              3.254444,
              43.231111
            ],
            [
              3.2525,
              43.232222
            ],
            [
              3.250556,
              43.233333
            ],
            [
              3.248889,
              43.234444
            ],
            [
              3.246944,
              43.235833
            ],
            [
              3.245278,
              43.236944
            ],
            [
              3.243333,
              43.238056
            ],
            [
              3.241667,
              43.239444
            ],
            [
              3.24,
              43.240556
            ],
            [
              3.238333,
              43.241944
            ],
            [
              3.236667,
              43.243056
            ],
            [
              3.235,
              43.244444
            ],
            [
              3.233333,
              43.245556
            ],
            [
              3.231667,
              43.246944
            ],
            [
              3.23,
              43.248333
            ],
            [
              3.228611,
              43.249722
            ],
            [
              3.226944,
              43.251111
            ],
            [
              3.225556,
              43.2525
            ],
            [
              3.224167,
              43.253889
            ],
            [
              3.222778,
              43.255278
            ],
            [
              3.221389,
              43.256667
            ],
            [
              3.22,
              43.258333
            ],
            [
              3.218611,
              43.259722
            ],
            [
              3.217222,
              43.261111
            ],
            [
              3.216111,
              43.262778
            ],
            [
              3.214722,
              43.264167
            ],
            [
              3.213611,
              43.265833
            ],
            [
              3.2125,
              43.267222
            ],
            [
              3.211389,
              43.268889
            ],
            [
              3.210278,
              43.270278
            ],
            [
              3.209167,
              43.271944
            ],
            [
              3.208056,
              43.273611
            ],
            [
              3.206944,
              43.275
            ],
            [
              3.206111,
              43.276667
            ],
            [
              3.205,
              43.278333
            ],
            [
              3.204167,
              43.28
            ],
            [
              3.203333,
              43.281667
            ],
            [
              3.201944,
              43.284167
            ],
            [
              3.200833,
              43.286944
            ],
            [
              3.199444,
              43.289722
            ],
            [
              3.198333,
              43.292222
            ],
            [
              3.1975,
              43.295
            ],
            [
              3.196667,
              43.297778
            ],
            [
              3.195833,
              43.300556
            ],
            [
              3.195,
              43.303333
            ],
            [
              3.194444,
              43.306111
            ],
            [
              3.193889,
              43.308889
            ],
            [
              3.193611,
              43.311667
            ],
            [
              3.193056,
              43.314444
            ],
            [
              3.193056,
              43.3175
            ],
            [
              3.192778,
              43.320278
            ],
            [
              3.192778,
              43.323056
            ],
            [
              3.192778,
              43.325833
            ],
            [
              3.192778,
              43.328611
            ],
            [
              3.193056,
              43.331389
            ],
            [
              3.193333,
              43.334167
            ],
            [
              3.193889,
              43.337222
            ],
            [
              3.194444,
              43.34
            ],
            [
              3.195,
              43.342778
            ],
            [
              3.195556,
              43.345556
            ],
            [
              3.196389,
              43.348333
            ],
            [
              3.197222,
              43.351111
            ],
            [
              3.198333,
              43.353611
            ],
            [
              3.199444,
              43.356389
            ],
            [
              3.200556,
              43.359167
            ],
            [
              3.201667,
              43.361667
            ],
            [
              3.203056,
              43.364444
            ],
            [
              3.204444,
              43.366944
            ],
            [
              3.205833,
              43.369722
            ],
            [
              3.2075,
              43.372222
            ],
            [
              3.209167,
              43.374722
            ],
            [
              3.210833,
              43.377222
            ],
            [
              3.212778,
              43.379722
            ],
            [
              3.214722,
              43.382222
            ],
            [
              3.216667,
              43.384722
            ],
            [
              3.218889,
              43.386944
            ],
            [
              3.220833,
              43.389444
            ],
            [
              3.223056,
              43.391667
            ],
            [
              3.225556,
              43.393889
            ],
            [
              3.227778,
              43.396111
            ],
            [
              3.230278,
              43.398333
            ],
            [
              3.232778,
              43.400556
            ],
            [
              3.235556,
              43.4025
            ],
            [
              3.238056,
              43.404722
            ],
            [
              3.240833,
              43.406667
            ],
            [
              3.243611,
              43.408611
            ],
            [
              3.246667,
              43.410556
            ],
            [
              3.249444,
              43.412222
            ],
            [
              3.2525,
              43.414167
            ],
            [
              3.255556,
              43.415833
            ],
            [
              3.258611,
              43.4175
            ],
            [
              3.261944,
              43.419167
            ],
            [
              3.265,
              43.420833
            ],
            [
              3.268333,
              43.422222
            ],
            [
              3.271667,
              43.423889
            ],
            [
              3.275,
              43.425278
            ],
            [
              3.278333,
              43.426667
            ],
            [
              3.281944,
              43.427778
            ],
            [
              3.285556,
              43.429167
            ],
            [
              3.288889,
              43.430278
            ],
            [
              3.2925,
              43.431389
            ],
            [
              3.296111,
              43.432222
            ],
            [
              3.299722,
              43.433333
            ],
            [
              3.303611,
              43.434167
            ],
            [
              3.307222,
              43.435
            ],
            [
              3.310833,
              43.435833
            ],
            [
              3.314722,
              43.436667
            ],
            [
              3.318611,
              43.437222
            ],
            [
              3.322222,
              43.437778
            ],
            [
              3.326111,
              43.438333
            ],
            [
              3.33,
              43.438611
            ],
            [
              3.333889,
              43.439167
            ],
            [
              3.337778,
              43.439444
            ],
            [
              3.341667,
              43.439722
            ],
            [
              3.345556,
              43.439722
            ],
            [
              3.349444,
              43.44
            ],
            [
              3.353056,
              43.44
            ],
            [
              3.549167,
              43.439722
            ],
            [
              3.535556,
              43.562778
            ],
            [
              2.709444,
              43.714722
            ],
            [
              2.706944,
              43.2125
            ],
            [
              2.66,
              43.228611
            ],
            [
              2.66,
              43.213611
            ],
            [
              2.625,
              43.130833
            ],
            [
              2.425556,
              43.130556
            ],
            [
              2.311667,
              43.031944
            ],
            [
              2.311389,
              43.031667
            ],
            [
              2.275,
              43.0
            ],
            [
              2.493889,
              42.805556
            ],
            [
              2.6,
              42.712222
            ]
          ]
        ]
      },
      "properties": {
        "name": "MONTPELLIER FA1",
        "owner": "MM",
        "owners": [
          "FA",
          "FE",
          "MMW",
          "RAW",
          "MM"
        ],
        "min": 0,
        "cur": 0,
        "max": 19,
        "color_hex": "#909967",
        "stroke": "#909967",
        "stroke-width": 1,
        "stroke-opacity": 0.7,
        "fill": "#909967",
        "fill-opacity": 0.3
      }
    },
    {
      "type": "Feature",
      "geometry": {
        "type": "Polygon",
        "coordinates": [
          [
            [
              4.638889,
              45.066667
            ],
            [
              4.889444,
              44.871944
            ],
            [
              4.888889,
              44.868056
            ],
            [
              4.888889,
              44.863889
            ],
            [
              4.889167,
              44.86
            ],
            [
              4.89,
              44.856111
            ],
            [
              4.891389,
              44.852222
            ],
            [
              4.892778,
              44.848611
            ],
            [
              4.895,
              44.845
            ],
            [
              4.8975,
              44.841389
            ],
            [
              4.900278,
              44.838056
            ],
            [
              4.903333,
              44.834722
            ],
            [
              4.906944,
              44.831667
            ],
            [
              4.910833,
              44.828889
            ],
            [
              4.915,
              44.826389
            ],
            [
              4.919444,
              44.824167
            ],
            [
              4.924167,
              44.821944
            ],
            [
              4.929167,
              44.82
            ],
            [
              4.934167,
              44.818611
            ],
            [
              4.939444,
              44.817222
            ],
            [
              4.944722,
              44.816389
            ],
            [
              4.950278,
              44.815556
            ],
            [
              4.955833,
              44.815278
            ],
            [
              4.961389,
              44.815278
            ],
            [
              4.966667,
              44.815556
            ],
            [
              4.972222,
              44.816111
            ],
            [
              4.977778,
              44.816944
            ],
            [
              4.983056,
              44.818056
            ],
            [
              4.988056,
              44.819444
            ],
            [
              4.993056,
              44.821111
            ],
            [
              4.997778,
              44.823056
            ],
            [
              5.0025,
              44.825278
            ],
            [
              5.006667,
              44.827778
            ],
            [
              5.010833,
              44.830556
            ],
            [
              5.014444,
              44.833611
            ],
            [
              5.017778,
              44.836667
            ],
            [
              5.020833,
              44.84
            ],
            [
              5.023333,
              44.843611
            ],
            [
              5.025556,
              44.847222
            ],
            [
              5.0275,
              44.850833
            ],
            [
              5.028889,
              44.854722
            ],
            [
              5.191667,
              44.850556
            ],
            [
              5.023056,
              44.666667
            ],
            [
              4.851389,
              44.666667
            ],
            [
              4.638889,
              45.066667
            ]
          ]
        ]
      },
      "properties": {
        "name": "LYON VW1-S QFU35",
        "owner": "MM",
        "owners": [
          "VW",
          "MMW",
          "RAW",
          "MM"
        ],
        "min": 0,
        "cur": 0,
        "max": 34,
        "color_hex": "#909967",
        "stroke": "#909967",
        "stroke-width": 1,
        "stroke-opacity": 0.7,
        "fill": "#909967",
        "fill-opacity": 0.3
      }
    },
    {
      "type": "Feature",
      "geometry": {
        "type": "Polygon",
        "coordinates": [
          [
            [
              4.638889,
              45.066667
            ],
            [
              4.889444,
              44.871944
            ],
            [
              4.888889,
              44.868056
            ],
            [
              4.888889,
              44.863889
            ],
            [
              4.889167,
              44.86
            ],
            [
              4.89,
              44.856111
            ],
            [
              4.891389,
              44.852222
            ],
            [
              4.892778,
              44.848611
            ],
            [
              4.895,
              44.845
            ],
            [
              4.8975,
              44.841389
            ],
            [
              4.900278,
              44.838056
            ],
            [
              4.903333,
              44.834722
            ],
            [
              4.906944,
              44.831667
            ],
            [
              4.910833,
              44.828889
            ],
            [
              4.915,
              44.826389
            ],
            [
              4.919444,
              44.824167
            ],
            [
              4.924167,
              44.821944
            ],
            [
              4.929167,
              44.82
            ],
            [
              4.934167,
              44.818611
            ],
            [
              4.939444,
              44.817222
            ],
            [
              4.944722,
              44.816389
            ],
            [
              4.950278,
              44.815556
            ],
            [
              4.955833,
              44.815278
            ],
            [
              4.961389,
              44.815278
            ],
            [
              4.966667,
              44.815556
            ],
            [
              4.972222,
              44.816111
            ],
            [
              4.977778,
              44.816944
            ],
            [
              4.983056,
              44.818056
            ],
            [
              4.988056,
              44.819444
            ],
            [
              4.993056,
              44.821111
            ],
            [
              4.997778,
              44.823056
            ],
            [
              5.0025,
              44.825278
            ],
            [
              5.006667,
              44.827778
            ],
            [
              5.010833,
              44.830556
            ],
            [
              5.014444,
              44.833611
            ],
            [
              5.017778,
              44.836667
            ],
            [
              5.020833,
              44.84
            ],
            [
              5.023333,
              44.843611
            ],
            [
              5.025556,
              44.847222
            ],
            [
              5.0275,
              44.850833
            ],
            [
              5.028889,
              44.854722
            ],
            [
              5.191667,
              44.850556
            ],
            [
              5.023056,
              44.666667
            ],
            [
              4.851389,
              44.666667
            ],
            [
              4.638889,
              45.066667
            ]
          ]
        ]
      },
      "properties": {
        "name": "LYON VW1-S QFU17",
        "owner": "MM",
        "owners": [
          "VW",
          "MMW",
          "RAW",
          "MM"
        ],
        "min": 0,
        "cur": 0,
        "max": 34,
        "color_hex": "#909967",
        "stroke": "#909967",
        "stroke-width": 1,
        "stroke-opacity": 0.7,
        "fill": "#909967",
        "fill-opacity": 0.3
      }
    },
    {
      "type": "Feature",
      "geometry": {
        "type": "Polygon",
        "coordinates": [
          [
            [
              5.028889,
              44.854722
            ],
            [
              5.191667,
              44.850556
            ],
            [
              5.143333,
              45.279167
            ],
            [
              5.102778,
              45.279167
            ],
            [
              5.102778,
              45.425556
            ],
            [
              5.126111,
              45.43
            ],
            [
              5.111944,
              45.554722
            ],
            [
              5.109167,
              45.554722
            ],
            [
              5.106389,
              45.554444
            ],
            [
              5.103333,
              45.554444
            ],
            [
              5.100556,
              45.554444
            ],
            [
              5.097778,
              45.554167
            ],
            [
              5.094722,
              45.554167
            ],
            [
              5.091944,
              45.554167
            ],
            [
              5.088889,
              45.554167
            ],
            [
              5.086111,
              45.554167
            ],
            [
              5.083333,
              45.554167
            ],
            [
              5.080278,
              45.554444
            ],
            [
              5.0775,
              45.554444
            ],
            [
              5.074444,
              45.554444
            ],
            [
              5.071667,
              45.554722
            ],
            [
              5.068889,
              45.554722
            ],
            [
              5.065833,
              45.555
            ],
            [
              5.063056,
              45.555278
            ],
            [
              5.063056,
              45.555556
            ],
            [
              5.058889,
              45.57
            ],
            [
              5.0575,
              45.569444
            ],
            [
              5.056111,
              45.568889
            ],
            [
              5.054722,
              45.568611
            ],
            [
              5.053333,
              45.568056
            ],
            [
              5.051944,
              45.5675
            ],
            [
              5.050556,
              45.567222
            ],
            [
              5.049167,
              45.566667
            ],
            [
              5.047778,
              45.566111
            ],
            [
              5.046389,
              45.565833
            ],
            [
              5.045,
              45.565278
            ],
            [
              5.043611,
              45.565
            ],
            [
              5.041944,
              45.564444
            ],
            [
              5.040556,
              45.564167
            ],
            [
              5.039167,
              45.563611
            ],
            [
              5.037778,
              45.563333
            ],
            [
              5.036389,
              45.562778
            ],
            [
              5.034722,
              45.5625
            ],
            [
              5.033333,
              45.562222
            ],
            [
              5.031944,
              45.561667
            ],
            [
              5.030556,
              45.561389
            ],
            [
              5.028889,
              45.561111
            ],
            [
              5.0275,
              45.560556
            ],
            [
              5.026111,
              45.560278
            ],
            [
              5.024722,
              45.56
            ],
            [
              5.023056,
              45.559722
            ],
            [
              5.021667,
              45.559444
            ],
            [
              5.020278,
              45.558889
            ],
            [
              5.018611,
              45.558611
            ],
            [
              5.017222,
              45.558333
            ],
            [
              5.015556,
              45.558056
            ],
            [
              5.014167,
              45.557778
            ],
            [
              5.012778,
              45.5575
            ],
            [
              5.011111,
              45.557222
            ],
            [
              5.009722,
              45.556944
            ],
            [
              5.008333,
              45.556667
            ],
            [
              5.006667,
              45.556389
            ],
            [
              5.005278,
              45.556111
            ],
            [
              5.003611,
              45.555833
            ],
            [
              5.002222,
              45.555556
            ],
            [
              5.000556,
              45.555278
            ],
            [
              4.999167,
              45.555278
            ],
            [
              4.9975,
              45.555
            ],
            [
              4.996111,
              45.554722
            ],
            [
              4.994444,
              45.554444
            ],
            [
              4.993056,
              45.554444
            ],
            [
              4.991389,
              45.554167
            ],
            [
              4.99,
              45.553889
            ],
            [
              4.988333,
              45.553889
            ],
            [
              4.986944,
              45.553611
            ],
            [
              4.985278,
              45.553333
            ],
            [
              4.983889,
              45.553333
            ],
            [
              4.982222,
              45.553056
            ],
            [
              4.980833,
              45.553056
            ],
            [
              4.979167,
              45.552778
            ],
            [
              4.977778,
              45.552778
            ],
            [
              4.976111,
              45.5525
            ],
            [
              4.974722,
              45.5525
            ],
            [
              4.973056,
              45.552222
            ],
            [
              4.971667,
              45.552222
            ],
            [
              4.971667,
              45.551667
            ],
            [
              4.842778,
              45.844444
            ],
            [
              4.8425,
              45.843889
            ],
            [
              4.843611,
              45.844444
            ],
            [
              4.844444,
              45.844722
            ],
            [
              4.845556,
              45.845278
            ],
            [
              4.846389,
              45.845556
            ],
            [
              4.8475,
              45.846111
            ],
            [
              4.848333,
              45.846389
            ],
            [
              4.849444,
              45.846667
            ],
            [
              4.850278,
              45.847222
            ],
            [
              4.851389,
              45.8475
            ],
            [
              4.852222,
              45.848056
            ],
            [
              4.853333,
              45.848333
            ],
            [
              4.854444,
              45.848611
            ],
            [
              4.855278,
              45.848889
            ],
            [
              4.856389,
              45.849444
            ],
            [
              4.857222,
              45.849722
            ],
            [
              4.858333,
              45.85
            ],
            [
              4.859444,
              45.850556
            ],
            [
              4.860278,
              45.850833
            ],
            [
              4.861389,
              45.851111
            ],
            [
              4.8625,
              45.851389
            ],
            [
              4.863333,
              45.851667
            ],
            [
              4.864444,
              45.852222
            ],
            [
              4.865556,
              45.8525
            ],
            [
              4.866389,
              45.852778
            ],
            [
              4.8675,
              45.853056
            ],
            [
              4.868611,
              45.853333
            ],
            [
              4.869444,
              45.853611
            ],
            [
              4.870556,
              45.853889
            ],
            [
              4.871667,
              45.854167
            ],
            [
              4.872778,
              45.854444
            ],
            [
              4.873611,
              45.854722
            ],
            [
              4.874722,
              45.855
            ],
            [
              4.875833,
              45.855278
            ],
            [
              4.876944,
              45.855556
            ],
            [
              4.878056,
              45.855833
            ],
            [
              4.878889,
              45.856111
            ],
            [
              4.88,
              45.856389
            ],
            [
              4.881111,
              45.856667
            ],
            [
              4.882222,
              45.856944
            ],
            [
              4.883333,
              45.857222
            ],
            [
              4.884444,
              45.8575
            ],
            [
              4.885278,
              45.857778
            ],
            [
              4.886389,
              45.858056
            ],
            [
              4.8875,
              45.858333
            ],
            [
              4.888611,
              45.858333
            ],
            [
              4.889722,
              45.858611
            ],
            [
              4.890833,
              45.858889
            ],
            [
              4.891944,
              45.859167
            ],
            [
              4.893056,
              45.859444
            ],
            [
              4.893889,
              45.859444
            ],
            [
              4.895,
              45.859722
            ],
            [
              4.896111,
              45.86
            ],
            [
              4.897222,
              45.860278
            ],
            [
              4.898333,
              45.860278
            ],
            [
              4.899444,
              45.860556
            ],
            [
              4.900556,
              45.860833
            ],
            [
              4.901667,
              45.860833
            ],
            [
              4.902778,
              45.861111
            ],
            [
              4.903889,
              45.861111
            ],
            [
              4.905,
              45.861389
            ],
            [
              4.906111,
              45.861667
            ],
            [
              4.907222,
              45.861667
            ],
            [
              4.908333,
              45.861944
            ],
            [
              4.909444,
              45.861944
            ],
            [
              4.910556,
              45.862222
            ],
            [
              4.911667,
              45.862222
            ],
            [
              4.912778,
              45.8625
            ],
            [
              4.913889,
              45.8625
            ],
            [
              4.915,
              45.862778
            ],
            [
              4.916111,
              45.862778
            ],
            [
              4.917222,
              45.863056
            ],
            [
              4.918333,
              45.863056
            ],
            [
              4.919444,
              45.863056
            ],
            [
              4.920556,
              45.863333
            ],
            [
              4.921667,
              45.863333
            ],
            [
              4.922778,
              45.863611
            ],
            [
              4.923889,
              45.863611
            ],
            [
              4.925,
              45.863611
            ],
            [
              4.926111,
              45.863889
            ],
            [
              4.927222,
              45.863889
            ],
            [
              4.928333,
              45.863889
            ],
            [
              4.929444,
              45.863889
            ],
            [
              4.930556,
              45.864167
            ],
            [
              4.931667,
              45.864167
            ],
            [
              4.932778,
              45.864167
            ],
            [
              4.933889,
              45.864167
            ],
            [
              4.935,
              45.864167
            ],
            [
              4.936111,
              45.864444
            ],
            [
              4.937222,
              45.864444
            ],
            [
              4.938333,
              45.864444
            ],
            [
              4.939444,
              45.864444
            ],
            [
              4.940556,
              45.864444
            ],
            [
              4.941667,
              45.864444
            ],
            [
              4.942778,
              45.864444
            ],
            [
              4.943889,
              45.864444
            ],
            [
              4.945,
              45.864444
            ],
            [
              4.944722,
              45.864722
            ],
            [
              4.948056,
              45.866667
            ],
            [
              4.951111,
              45.868333
            ],
            [
              4.954444,
              45.87
            ],
            [
              4.9575,
              45.871667
            ],
            [
              4.960833,
              45.873333
            ],
            [
              4.964444,
              45.875
            ],
            [
              4.967778,
              45.876667
            ],
            [
              4.971111,
              45.878333
            ],
            [
              4.974722,
              45.879722
            ],
            [
              4.978056,
              45.881111
            ],
            [
              4.981667,
              45.8825
            ],
            [
              4.985278,
              45.883889
            ],
            [
              4.988889,
              45.885278
            ],
            [
              4.9925,
              45.886389
            ],
            [
              4.996389,
              45.887778
            ],
            [
              5.0,
              45.888889
            ],
            [
              5.003889,
              45.89
            ],
            [
              5.0075,
              45.891111
            ],
            [
              5.011389,
              45.891944
            ],
            [
              5.015278,
              45.893056
            ],
            [
              5.019167,
              45.893889
            ],
            [
              5.023056,
              45.894722
            ],
            [
              5.026944,
              45.895556
            ],
            [
              5.030833,
              45.896389
            ],
            [
              5.034722,
              45.897222
            ],
            [
              5.038889,
              45.897778
            ],
            [
              5.042778,
              45.898611
            ],
            [
              5.046667,
              45.899167
            ],
            [
              5.050833,
              45.899722
            ],
            [
              5.054722,
              45.9
            ],
            [
              5.058889,
              45.900556
            ],
            [
              5.063056,
              45.900833
            ],
            [
              5.066944,
              45.901111
            ],
            [
              5.071111,
              45.901389
            ],
            [
              5.075278,
              45.901667
            ],
            [
              5.079167,
              45.901944
            ],
            [
              5.083333,
              45.901944
            ],
            [
              5.0875,
              45.901944
            ],
            [
              5.091389,
              45.901944
            ],
            [
              5.095556,
              45.901944
            ],
            [
              5.099722,
              45.901944
            ],
            [
              5.103889,
              45.901667
            ],
            [
              5.107778,
              45.901667
            ],
            [
              5.109722,
              45.901389
            ],
            [
              5.407778,
              46.363333
            ],
            [
              5.606111,
              46.477222
            ],
            [
              5.586111,
              46.5
            ],
            [
              5.218611,
              46.5
            ],
            [
              5.161667,
              46.5
            ],
            [
              5.090278,
              46.5
            ],
            [
              5.016667,
              46.5
            ],
            [
              4.952778,
              46.5
            ],
            [
              4.833333,
              46.5
            ],
            [
              4.674722,
              46.5
            ],
            [
              4.731111,
              46.306944
            ],
            [
              4.670556,
              46.218056
            ],
            [
              4.661389,
              46.203611
            ],
            [
              4.203611,
              46.086111
            ],
            [
              4.290278,
              45.923889
            ],
            [
              4.310556,
              45.884444
            ],
            [
              4.383056,
              45.743056
            ],
            [
              4.616667,
              45.283056
            ],
            [
              4.533056,
              45.266667
            ],
            [
              4.638889,
              45.066667
            ],
            [
              4.889444,
              44.871944
            ],
            [
              4.889722,
              44.871944
            ],
            [
              4.902778,
              44.922222
            ],
            [
              4.903889,
              44.926111
            ],
            [
              4.905278,
              44.929722
            ],
            [
              4.906944,
              44.933333
            ],
            [
              4.909167,
              44.936944
            ],
            [
              4.911667,
              44.940278
            ],
            [
              4.914722,
              44.943611
            ],
            [
              4.918056,
              44.946667
            ],
            [
              4.921667,
              44.949722
            ],
            [
              4.925556,
              44.952222
            ],
            [
              4.929722,
              44.954722
            ],
            [
              4.934167,
              44.956944
            ],
            [
              4.938889,
              44.958889
            ],
            [
              4.943889,
              44.960556
            ],
            [
              4.948889,
              44.961944
            ],
            [
              4.953889,
              44.963333
            ],
            [
              4.959444,
              44.964167
            ],
            [
              4.964722,
              44.964722
            ],
            [
              4.970278,
              44.965
            ],
            [
              4.975556,
              44.965
            ],
            [
              4.981111,
              44.964722
            ],
            [
              4.986389,
              44.964167
            ],
            [
              4.991667,
              44.963056
            ],
            [
              4.996944,
              44.961944
            ],
            [
              5.001944,
              44.960556
            ],
            [
              5.006944,
              44.958889
            ],
            [
              5.011389,
              44.956944
            ],
            [
              5.015833,
              44.954722
            ],
            [
              5.02,
              44.952222
            ],
            [
              5.023889,
              44.949444
            ],
            [
              5.0275,
              44.946389
            ],
            [
              5.030833,
              44.943333
            ],
            [
              5.033889,
              44.940278
            ],
            [
              5.036389,
              44.936667
            ],
            [
              5.038611,
              44.933333
            ],
            [
              5.040278,
              44.929722
            ],
            [
              5.041667,
              44.925833
            ],
            [
              5.042778,
              44.922222
            ],
            [
              5.043333,
              44.918333
            ],
            [
              5.043333,
              44.914444
            ],
            [
              5.043056,
              44.914444
            ],
            [
              5.028611,
              44.854722
            ],
            [
              5.028889,
              44.854722
            ]
          ]
        ]
      },
      "properties": {
        "name": "LYON VW1-N QFU35",
        "owner": "MM",
        "owners": [
          "VW",
          "MMW",
          "RAW",
          "MM"
        ],
        "min": 0,
        "cur": 0,
        "max": 34,
        "color_hex": "#909967",
        "stroke": "#909967",
        "stroke-width": 1,
        "stroke-opacity": 0.7,
        "fill": "#909967",
        "fill-opacity": 0.3
      }
    },
    {
      "type": "Feature",
      "geometry": {
        "type": "Polygon",
        "coordinates": [
          [
            [
              5.026944,
              45.895556
            ],
            [
              5.023056,
              45.894722
            ],
            [
              5.019167,
              45.893889
            ],
            [
              5.015278,
              45.893056
            ],
            [
              5.011389,
              45.891944
            ],
            [
              5.0075,
              45.891111
            ],
            [
              5.003889,
              45.89
            ],
            [
              5.0,
              45.888889
            ],
            [
              4.996389,
              45.887778
            ],
            [
              4.9925,
              45.886389
            ],
            [
              4.988889,
              45.885278
            ],
            [
              4.985278,
              45.883889
            ],
            [
              4.981667,
              45.8825
            ],
            [
              4.978056,
              45.881111
            ],
            [
              4.974722,
              45.879722
            ],
            [
              4.971111,
              45.878333
            ],
            [
              4.967778,
              45.876667
            ],
            [
              4.964444,
              45.875
            ],
            [
              4.960833,
              45.873333
            ],
            [
              4.9575,
              45.871667
            ],
            [
              4.954444,
              45.87
            ],
            [
              4.951111,
              45.868333
            ],
            [
              4.948056,
              45.866667
            ],
            [
              4.944722,
              45.864722
            ],
            [
              4.945,
              45.864444
            ],
            [
              4.943889,
              45.864444
            ],
            [
              4.942778,
              45.864444
            ],
            [
              4.941667,
              45.864444
            ],
            [
              4.940556,
              45.864444
            ],
            [
              4.939444,
              45.864444
            ],
            [
              4.938333,
              45.864444
            ],
            [
              4.937222,
              45.864444
            ],
            [
              4.936111,
              45.864444
            ],
            [
              4.935,
              45.864167
            ],
            [
              4.933889,
              45.864167
            ],
            [
              4.932778,
              45.864167
            ],
            [
              4.931667,
              45.864167
            ],
            [
              4.930556,
              45.864167
            ],
            [
              4.929444,
              45.863889
            ],
            [
              4.928333,
              45.863889
            ],
            [
              4.927222,
              45.863889
            ],
            [
              4.926111,
              45.863889
            ],
            [
              4.925,
              45.863611
            ],
            [
              4.923889,
              45.863611
            ],
            [
              4.922778,
              45.863611
            ],
            [
              4.921667,
              45.863333
            ],
            [
              4.920556,
              45.863333
            ],
            [
              4.919444,
              45.863056
            ],
            [
              4.918333,
              45.863056
            ],
            [
              4.917222,
              45.863056
            ],
            [
              4.916111,
              45.862778
            ],
            [
              4.915,
              45.862778
            ],
            [
              4.913889,
              45.8625
            ],
            [
              4.912778,
              45.8625
            ],
            [
              4.911667,
              45.862222
            ],
            [
              4.910556,
              45.862222
            ],
            [
              4.909444,
              45.861944
            ],
            [
              4.908333,
              45.861944
            ],
            [
              4.907222,
              45.861667
            ],
            [
              4.906111,
              45.861667
            ],
            [
              4.905,
              45.861389
            ],
            [
              4.903889,
              45.861111
            ],
            [
              4.902778,
              45.861111
            ],
            [
              4.901667,
              45.860833
            ],
            [
              4.900556,
              45.860833
            ],
            [
              4.899444,
              45.860556
            ],
            [
              4.898333,
              45.860278
            ],
            [
              4.897222,
              45.860278
            ],
            [
              4.896111,
              45.86
            ],
            [
              4.895,
              45.859722
            ],
            [
              4.893889,
              45.859444
            ],
            [
              4.893056,
              45.859444
            ],
            [
              4.891944,
              45.859167
            ],
            [
              4.890833,
              45.858889
            ],
            [
              4.889722,
              45.858611
            ],
            [
              4.888611,
              45.858333
            ],
            [
              4.8875,
              45.858333
            ],
            [
              4.886389,
              45.858056
            ],
            [
              4.885278,
              45.857778
            ],
            [
              4.884444,
              45.8575
            ],
            [
              4.883333,
              45.857222
            ],
            [
              4.882222,
              45.856944
            ],
            [
              4.881111,
              45.856667
            ],
            [
              4.88,
              45.856389
            ],
            [
              4.878889,
              45.856111
            ],
            [
              4.878056,
              45.855833
            ],
            [
              4.876944,
              45.855556
            ],
            [
              4.875833,
              45.855278
            ],
            [
              4.874722,
              45.855
            ],
            [
              4.873611,
              45.854722
            ],
            [
              4.872778,
              45.854444
            ],
            [
              4.871667,
              45.854167
            ],
            [
              4.870556,
              45.853889
            ],
            [
              4.869444,
              45.853611
            ],
            [
              4.868611,
              45.853333
            ],
            [
              4.8675,
              45.853056
            ],
            [
              4.866389,
              45.852778
            ],
            [
              4.865556,
              45.8525
            ],
            [
              4.864444,
              45.852222
            ],
            [
              4.863333,
              45.851667
            ],
            [
              4.8625,
              45.851389
            ],
            [
              4.861389,
              45.851111
            ],
            [
              4.860278,
              45.850833
            ],
            [
              4.859444,
              45.850556
            ],
            [
              4.858333,
              45.85
            ],
            [
              4.857222,
              45.849722
            ],
            [
              4.856389,
              45.849444
            ],
            [
              4.855278,
              45.848889
            ],
            [
              4.854444,
              45.848611
            ],
            [
              4.853333,
              45.848333
            ],
            [
              4.852222,
              45.848056
            ],
            [
              4.851389,
              45.8475
            ],
            [
              4.850278,
              45.847222
            ],
            [
              4.849444,
              45.846667
            ],
            [
              4.848333,
              45.846389
            ],
            [
              4.8475,
              45.846111
            ],
            [
              4.846389,
              45.845556
            ],
            [
              4.845556,
              45.845278
            ],
            [
              4.844444,
              45.844722
            ],
            [
              4.843611,
              45.844444
            ],
            [
              4.8425,
              45.843889
            ],
            [
              4.842778,
              45.844444
            ],
            [
              4.971667,
              45.551667
            ],
            [
              4.971667,
              45.552222
            ],
            [
              4.973056,
              45.552222
            ],
            [
              4.974722,
              45.5525
            ],
            [
              4.976111,
              45.5525
            ],
            [
              4.977778,
              45.552778
            ],
            [
              4.979167,
              45.552778
            ],
            [
              4.980833,
              45.553056
            ],
            [
              4.982222,
              45.553056
            ],
            [
              4.983889,
              45.553333
            ],
            [
              4.985278,
              45.553333
            ],
            [
              4.986944,
              45.553611
            ],
            [
              4.988333,
              45.553889
            ],
            [
              4.99,
              45.553889
            ],
            [
              4.991389,
              45.554167
            ],
            [
              4.993056,
              45.554444
            ],
            [
              4.994444,
              45.554444
            ],
            [
              4.996111,
              45.554722
            ],
            [
              4.9975,
              45.555
            ],
            [
              4.999167,
              45.555278
            ],
            [
              5.000556,
              45.555278
            ],
            [
              5.002222,
              45.555556
            ],
            [
              5.003611,
              45.555833
            ],
            [
              5.005278,
              45.556111
            ],
            [
              5.006667,
              45.556389
            ],
            [
              5.008333,
              45.556667
            ],
            [
              5.009722,
              45.556944
            ],
            [
              5.011111,
              45.557222
            ],
            [
              5.012778,
              45.5575
            ],
            [
              5.014167,
              45.557778
            ],
            [
              5.015556,
              45.558056
            ],
            [
              5.017222,
              45.558333
            ],
            [
              5.018611,
              45.558611
            ],
            [
              5.020278,
              45.558889
            ],
            [
              5.021667,
              45.559444
            ],
            [
              5.023056,
              45.559722
            ],
            [
              5.024722,
              45.56
            ],
            [
              5.026111,
              45.560278
            ],
            [
              5.0275,
              45.560556
            ],
            [
              5.028889,
              45.561111
            ],
            [
              5.030556,
              45.561389
            ],
            [
              5.031944,
              45.561667
            ],
            [
              5.033333,
              45.562222
            ],
            [
              5.034722,
              45.5625
            ],
            [
              5.036389,
              45.562778
            ],
            [
              5.037778,
              45.563333
            ],
            [
              5.039167,
              45.563611
            ],
            [
              5.040556,
              45.564167
            ],
            [
              5.041944,
              45.564444
            ],
            [
              5.043611,
              45.565
            ],
            [
              5.045,
              45.565278
            ],
            [
              5.046389,
              45.565833
            ],
            [
              5.047778,
              45.566111
            ],
            [
              5.049167,
              45.566667
            ],
            [
              5.050556,
              45.567222
            ],
            [
              5.051944,
              45.5675
            ],
            [
              5.053333,
              45.568056
            ],
            [
              5.054722,
              45.568611
            ],
            [
              5.056111,
              45.568889
            ],
            [
              5.0575,
              45.569444
            ],
            [
              5.058889,
              45.57
            ],
            [
              5.063056,
              45.555556
            ],
            [
              5.063056,
              45.555278
            ],
            [
              5.065833,
              45.555
            ],
            [
              5.068889,
              45.554722
            ],
            [
              5.071667,
              45.554722
            ],
            [
              5.074444,
              45.554444
            ],
            [
              5.0775,
              45.554444
            ],
            [
              5.080278,
              45.554444
            ],
            [
              5.083333,
              45.554167
            ],
            [
              5.086111,
              45.554167
            ],
            [
              5.088889,
              45.554167
            ],
            [
              5.091944,
              45.554167
            ],
            [
              5.094722,
              45.554167
            ],
            [
              5.097778,
              45.554167
            ],
            [
              5.100556,
              45.554444
            ],
            [
              5.103333,
              45.554444
            ],
            [
              5.106389,
              45.554444
            ],
            [
              5.109167,
              45.554722
            ],
            [
              5.111944,
              45.554722
            ],
            [
              5.181667,
              45.440556
            ],
            [
              5.126111,
              45.43
            ],
            [
              5.102778,
              45.425556
            ],
            [
              5.102778,
              45.279167
            ],
            [
              5.143333,
              45.279167
            ],
            [
              5.184444,
              45.279167
            ],
            [
              5.191667,
              44.850556
            ],
            [
              5.028889,
              44.854722
            ],
            [
              5.028611,
              44.854722
            ],
            [
              5.043056,
              44.914444
            ],
            [
              5.043333,
              44.914444
            ],
            [
              5.043333,
              44.918333
            ],
            [
              5.042778,
              44.922222
            ],
            [
              5.041667,
              44.925833
            ],
            [
              5.040278,
              44.929722
            ],
            [
              5.038611,
              44.933333
            ],
            [
              5.036389,
              44.936667
            ],
            [
              5.033889,
              44.940278
            ],
            [
              5.030833,
              44.943333
            ],
            [
              5.0275,
              44.946389
            ],
            [
              5.023889,
              44.949444
            ],
            [
              5.02,
              44.952222
            ],
            [
              5.015833,
              44.954722
            ],
            [
              5.011389,
              44.956944
            ],
            [
              5.006944,
              44.958889
            ],
            [
              5.001944,
              44.960556
            ],
            [
              4.996944,
              44.961944
            ],
            [
              4.991667,
              44.963056
            ],
            [
              4.986389,
              44.964167
            ],
            [
              4.981111,
              44.964722
            ],
            [
              4.975556,
              44.965
            ],
            [
              4.970278,
              44.965
            ],
            [
              4.964722,
              44.964722
            ],
            [
              4.959444,
              44.964167
            ],
            [
              4.953889,
              44.963333
            ],
            [
              4.948889,
              44.961944
            ],
            [
              4.943889,
              44.960556
            ],
            [
              4.938889,
              44.958889
            ],
            [
              4.934167,
              44.956944
            ],
            [
              4.929722,
              44.954722
            ],
            [
              4.925556,
              44.952222
            ],
            [
              4.921667,
              44.949722
            ],
            [
              4.918056,
              44.946667
            ],
            [
              4.914722,
              44.943611
            ],
            [
              4.911667,
              44.940278
            ],
            [
              4.909167,
              44.936944
            ],
            [
              4.906944,
              44.933333
            ],
            [
              4.905278,
              44.929722
            ],
            [
              4.903889,
              44.926111
            ],
            [
              4.902778,
              44.922222
            ],
            [
              4.889722,
              44.871944
            ],
            [
              4.889444,
              44.871944
            ],
            [
              4.638889,
              45.066667
            ],
            [
              4.533056,
              45.266667
            ],
            [
              4.616667,
              45.283056
            ],
            [
              4.383056,
              45.743056
            ],
            [
              4.310556,
              45.884444
            ],
            [
              4.290278,
              45.923889
            ],
            [
              4.203611,
              46.086111
            ],
            [
              4.661389,
              46.203611
            ],
            [
              4.670556,
              46.218056
            ],
            [
              4.693056,
              46.250278
            ],
            [
              5.026944,
              45.895556
            ]
          ]
        ]
      },
      "properties": {
        "name": "LYON VW1-N QFU17",
        "owner": "MM",
        "owners": [
          "VW",
          "MMW",
          "RAW",
          "MM"
        ],
        "min": 0,
        "cur": 0,
        "max": 34,
        "color_hex": "#909967",
        "stroke": "#909967",
        "stroke-width": 1,
        "stroke-opacity": 0.7,
        "fill": "#909967",
        "fill-opacity": 0.3
      }
    },
    {
      "type": "Feature",
      "geometry": {
        "type": "Polygon",
        "coordinates": [
          [
            [
              5.606111,
              46.477222
            ],
            [
              5.743333,
              46.312222
            ],
            [
              5.801111,
              46.242222
            ],
            [
              5.661667,
              46.173333
            ],
            [
              5.659444,
              46.172222
            ],
            [
              5.633611,
              46.156667
            ],
            [
              5.611389,
              46.138889
            ],
            [
              5.593611,
              46.118611
            ],
            [
              5.580833,
              46.096944
            ],
            [
              5.572778,
              46.073889
            ],
            [
              5.570556,
              46.060278
            ],
            [
              5.576389,
              46.237222
            ],
            [
              5.407778,
              46.363333
            ],
            [
              5.606111,
              46.477222
            ]
          ]
        ]
      },
      "properties": {
        "name": "LYON VE2",
        "owner": "MM",
        "owners": [
          "VE",
          "VW",
          "MMW",
          "RAW",
          "MM"
        ],
        "min": 0,
        "cur": 0,
        "max": 74,
        "color_hex": "#909967",
        "stroke": "#909967",
        "stroke-width": 1,
        "stroke-opacity": 0.7,
        "fill": "#909967",
        "fill-opacity": 0.3
      }
    },
    {
      "type": "Feature",
      "geometry": {
        "type": "Polygon",
        "coordinates": [
          [
            [
              5.583611,
              45.423889
            ],
            [
              5.583611,
              45.328056
            ],
            [
              5.419444,
              45.279167
            ],
            [
              5.184444,
              45.279167
            ],
            [
              5.143333,
              45.279167
            ],
            [
              5.191667,
              44.850556
            ],
            [
              5.328056,
              45.0
            ],
            [
              5.521111,
              45.0
            ],
            [
              5.890556,
              45.020556
            ],
            [
              5.786111,
              45.174167
            ],
            [
              5.765556,
              45.193056
            ],
            [
              5.8325,
              45.238056
            ],
            [
              5.878056,
              45.2625
            ],
            [
              5.895556,
              45.246667
            ],
            [
              6.0,
              45.255278
            ],
            [
              6.075556,
              45.464167
            ],
            [
              5.788889,
              45.438056
            ],
            [
              5.725556,
              45.451111
            ],
            [
              5.583611,
              45.423889
            ]
          ]
        ]
      },
      "properties": {
        "name": "LYON VE1-SW QFU35",
        "owner": "MM",
        "owners": [
          "VE",
          "VW",
          "MMW",
          "RAW",
          "MM"
        ],
        "min": 0,
        "cur": 0,
        "max": 34,
        "color_hex": "#909967",
        "stroke": "#909967",
        "stroke-width": 1,
        "stroke-opacity": 0.7,
        "fill": "#909967",
        "fill-opacity": 0.3
      }
    },
    {
      "type": "Feature",
      "geometry": {
        "type": "Polygon",
        "coordinates": [
          [
            [
              5.788889,
              45.438056
            ],
            [
              5.878056,
              45.2625
            ],
            [
              5.8325,
              45.238056
            ],
            [
              5.765556,
              45.193056
            ],
            [
              5.786111,
              45.174167
            ],
            [
              5.890556,
              45.020556
            ],
            [
              5.521111,
              45.0
            ],
            [
              5.328056,
              45.0
            ],
            [
              5.191667,
              44.850556
            ],
            [
              5.184444,
              45.279167
            ],
            [
              5.419444,
              45.279167
            ],
            [
              5.583611,
              45.328056
            ],
            [
              5.788889,
              45.438056
            ]
          ]
        ]
      },
      "properties": {
        "name": "LYON VE1-SW QFU17",
        "owner": "MM",
        "owners": [
          "VE",
          "VW",
          "MMW",
          "RAW",
          "MM"
        ],
        "min": 0,
        "cur": 0,
        "max": 34,
        "color_hex": "#909967",
        "stroke": "#909967",
        "stroke-width": 1,
        "stroke-opacity": 0.7,
        "fill": "#909967",
        "fill-opacity": 0.3
      }
    },
    {
      "type": "Feature",
      "geometry": {
        "type": "Polygon",
        "coordinates": [
          [
            [
              5.890556,
              45.020556
            ],
            [
              5.786111,
              45.174167
            ],
            [
              5.861667,
              45.215278
            ],
            [
              5.895556,
              45.246667
            ],
            [
              6.0,
              45.255278
            ],
            [
              5.890556,
              45.020556
            ]
          ]
        ]
      },
      "properties": {
        "name": "LYON VE1-SE QFU35",
        "owner": "MM",
        "owners": [
          "VE",
          "VW",
          "MMW",
          "RAW",
          "MM"
        ],
        "min": 0,
        "cur": 0,
        "max": 34,
        "color_hex": "#909967",
        "stroke": "#909967",
        "stroke-width": 1,
        "stroke-opacity": 0.7,
        "fill": "#909967",
        "fill-opacity": 0.3
      }
    },
    {
      "type": "Feature",
      "geometry": {
        "type": "Polygon",
        "coordinates": [
          [
            [
              5.788889,
              45.438056
            ],
            [
              5.878056,
              45.2625
            ],
            [
              5.895556,
              45.246667
            ],
            [
              5.861667,
              45.215278
            ],
            [
              5.786111,
              45.174167
            ],
            [
              5.890556,
              45.020556
            ],
            [
              6.0,
              45.255278
            ],
            [
              6.075556,
              45.464167
            ],
            [
              5.788889,
              45.438056
            ]
          ]
        ]
      },
      "properties": {
        "name": "LYON VE1-SE QFU17",
        "owner": "MM",
        "owners": [
          "VE",
          "VW",
          "MMW",
          "RAW",
          "MM"
        ],
        "min": 0,
        "cur": 0,
        "max": 34,
        "color_hex": "#909967",
        "stroke": "#909967",
        "stroke-width": 1,
        "stroke-opacity": 0.7,
        "fill": "#909967",
        "fill-opacity": 0.3
      }
    },
    {
      "type": "Feature",
      "geometry": {
        "type": "Polygon",
        "coordinates": [
          [
            [
              5.2,
              45.837778
            ],
            [
              5.153611,
              45.854167
            ],
            [
              5.148056,
              45.896667
            ],
            [
              5.148056,
              45.896944
            ],
            [
              5.144167,
              45.8975
            ],
            [
              5.140278,
              45.898056
            ],
            [
              5.136111,
              45.898889
            ],
            [
              5.132222,
              45.899444
            ],
            [
              5.128056,
              45.899722
            ],
            [
              5.124167,
              45.900278
            ],
            [
              5.12,
              45.900833
            ],
            [
              5.116111,
              45.901111
            ],
            [
              5.111944,
              45.901389
            ],
            [
              5.109722,
              45.901389
            ],
            [
              5.407778,
              46.363333
            ],
            [
              5.576389,
              46.237222
            ],
            [
              5.570556,
              46.060278
            ],
            [
              5.57,
              46.050556
            ],
            [
              5.572778,
              46.026944
            ],
            [
              5.580833,
              46.004167
            ],
            [
              5.593611,
              45.982222
            ],
            [
              5.600278,
              45.975278
            ],
            [
              5.485556,
              45.916667
            ],
            [
              5.450556,
              45.856111
            ],
            [
              5.489444,
              45.716667
            ],
            [
              5.498056,
              45.685556
            ],
            [
              5.528056,
              45.581667
            ],
            [
              5.717778,
              45.490278
            ],
            [
              5.725556,
              45.451111
            ],
            [
              5.583611,
              45.423889
            ],
            [
              5.545556,
              45.447778
            ],
            [
              5.523889,
              45.447778
            ],
            [
              5.181667,
              45.440556
            ],
            [
              5.126111,
              45.43
            ],
            [
              5.111944,
              45.554722
            ],
            [
              5.115,
              45.555
            ],
            [
              5.117778,
              45.555278
            ],
            [
              5.120556,
              45.555278
            ],
            [
              5.123611,
              45.555556
            ],
            [
              5.126389,
              45.555833
            ],
            [
              5.129167,
              45.556111
            ],
            [
              5.132222,
              45.556389
            ],
            [
              5.135,
              45.556667
            ],
            [
              5.137778,
              45.556944
            ],
            [
              5.140556,
              45.5575
            ],
            [
              5.143611,
              45.557778
            ],
            [
              5.146389,
              45.558333
            ],
            [
              5.149167,
              45.558611
            ],
            [
              5.151944,
              45.559167
            ],
            [
              5.154722,
              45.559444
            ],
            [
              5.1575,
              45.56
            ],
            [
              5.160278,
              45.560556
            ],
            [
              5.163056,
              45.561111
            ],
            [
              5.165833,
              45.561667
            ],
            [
              5.168611,
              45.562222
            ],
            [
              5.171389,
              45.562778
            ],
            [
              5.174167,
              45.563333
            ],
            [
              5.176944,
              45.563889
            ],
            [
              5.179722,
              45.564722
            ],
            [
              5.1825,
              45.565278
            ],
            [
              5.185278,
              45.566111
            ],
            [
              5.187778,
              45.566667
            ],
            [
              5.190556,
              45.5675
            ],
            [
              5.193333,
              45.568333
            ],
            [
              5.195833,
              45.568889
            ],
            [
              5.198611,
              45.569722
            ],
            [
              5.201111,
              45.570556
            ],
            [
              5.203889,
              45.571389
            ],
            [
              5.206389,
              45.572222
            ],
            [
              5.209167,
              45.573056
            ],
            [
              5.211667,
              45.573889
            ],
            [
              5.214167,
              45.575
            ],
            [
              5.216944,
              45.575833
            ],
            [
              5.219444,
              45.576667
            ],
            [
              5.221944,
              45.577778
            ],
            [
              5.224444,
              45.578611
            ],
            [
              5.226944,
              45.579722
            ],
            [
              5.229444,
              45.580833
            ],
            [
              5.231944,
              45.581667
            ],
            [
              5.234444,
              45.582778
            ],
            [
              5.236944,
              45.583889
            ],
            [
              5.239167,
              45.585
            ],
            [
              5.241667,
              45.586111
            ],
            [
              5.241667,
              45.585556
            ],
            [
              5.2,
              45.837778
            ]
          ]
        ]
      },
      "properties": {
        "name": "LYON VE1-N QFU35",
        "owner": "MM",
        "owners": [
          "VE",
          "VW",
          "MMW",
          "RAW",
          "MM"
        ],
        "min": 0,
        "cur": 0,
        "max": 34,
        "color_hex": "#909967",
        "stroke": "#909967",
        "stroke-width": 1,
        "stroke-opacity": 0.7,
        "fill": "#909967",
        "fill-opacity": 0.3
      }
    },
    {
      "type": "Feature",
      "geometry": {
        "type": "Polygon",
        "coordinates": [
          [
            [
              5.161667,
              46.5
            ],
            [
              5.218611,
              46.5
            ],
            [
              5.586111,
              46.5
            ],
            [
              5.606111,
              46.477222
            ],
            [
              5.407778,
              46.363333
            ],
            [
              5.576389,
              46.237222
            ],
            [
              5.570556,
              46.060278
            ],
            [
              5.57,
              46.050556
            ],
            [
              5.572778,
              46.026944
            ],
            [
              5.580833,
              46.004167
            ],
            [
              5.593611,
              45.982222
            ],
            [
              5.600278,
              45.975278
            ],
            [
              5.485556,
              45.916667
            ],
            [
              5.450556,
              45.856111
            ],
            [
              5.489444,
              45.716667
            ],
            [
              5.498056,
              45.685556
            ],
            [
              5.528056,
              45.581667
            ],
            [
              5.717778,
              45.490278
            ],
            [
              5.725556,
              45.451111
            ],
            [
              5.788889,
              45.438056
            ],
            [
              5.583611,
              45.328056
            ],
            [
              5.583611,
              45.423889
            ],
            [
              5.545556,
              45.447778
            ],
            [
              5.523889,
              45.447778
            ],
            [
              5.181667,
              45.440556
            ],
            [
              5.111944,
              45.554722
            ],
            [
              5.115,
              45.555
            ],
            [
              5.117778,
              45.555278
            ],
            [
              5.120556,
              45.555278
            ],
            [
              5.123611,
              45.555556
            ],
            [
              5.126389,
              45.555833
            ],
            [
              5.129167,
              45.556111
            ],
            [
              5.132222,
              45.556389
            ],
            [
              5.135,
              45.556667
            ],
            [
              5.137778,
              45.556944
            ],
            [
              5.140556,
              45.5575
            ],
            [
              5.143611,
              45.557778
            ],
            [
              5.146389,
              45.558333
            ],
            [
              5.149167,
              45.558611
            ],
            [
              5.151944,
              45.559167
            ],
            [
              5.154722,
              45.559444
            ],
            [
              5.1575,
              45.56
            ],
            [
              5.160278,
              45.560556
            ],
            [
              5.163056,
              45.561111
            ],
            [
              5.165833,
              45.561667
            ],
            [
              5.168611,
              45.562222
            ],
            [
              5.171389,
              45.562778
            ],
            [
              5.174167,
              45.563333
            ],
            [
              5.176944,
              45.563889
            ],
            [
              5.179722,
              45.564722
            ],
            [
              5.1825,
              45.565278
            ],
            [
              5.185278,
              45.566111
            ],
            [
              5.187778,
              45.566667
            ],
            [
              5.190556,
              45.5675
            ],
            [
              5.193333,
              45.568333
            ],
            [
              5.195833,
              45.568889
            ],
            [
              5.198611,
              45.569722
            ],
            [
              5.201111,
              45.570556
            ],
            [
              5.203889,
              45.571389
            ],
            [
              5.206389,
              45.572222
            ],
            [
              5.209167,
              45.573056
            ],
            [
              5.211667,
              45.573889
            ],
            [
              5.214167,
              45.575
            ],
            [
              5.216944,
              45.575833
            ],
            [
              5.219444,
              45.576667
            ],
            [
              5.221944,
              45.577778
            ],
            [
              5.224444,
              45.578611
            ],
            [
              5.226944,
              45.579722
            ],
            [
              5.229444,
              45.580833
            ],
            [
              5.231944,
              45.581667
            ],
            [
              5.234444,
              45.582778
            ],
            [
              5.236944,
              45.583889
            ],
            [
              5.239167,
              45.585
            ],
            [
              5.241667,
              45.586111
            ],
            [
              5.241667,
              45.585556
            ],
            [
              5.2,
              45.837778
            ],
            [
              5.153611,
              45.854167
            ],
            [
              5.148056,
              45.896667
            ],
            [
              5.148056,
              45.896944
            ],
            [
              5.144167,
              45.8975
            ],
            [
              5.140278,
              45.898056
            ],
            [
              5.136111,
              45.898889
            ],
            [
              5.132222,
              45.899444
            ],
            [
              5.128056,
              45.899722
            ],
            [
              5.124167,
              45.900278
            ],
            [
              5.12,
              45.900833
            ],
            [
              5.116111,
              45.901111
            ],
            [
              5.111944,
              45.901389
            ],
            [
              5.109722,
              45.901389
            ],
            [
              5.107778,
              45.901667
            ],
            [
              5.103889,
              45.901667
            ],
            [
              5.099722,
              45.901944
            ],
            [
              5.095556,
              45.901944
            ],
            [
              5.091389,
              45.901944
            ],
            [
              5.0875,
              45.901944
            ],
            [
              5.083333,
              45.901944
            ],
            [
              5.079167,
              45.901944
            ],
            [
              5.075278,
              45.901667
            ],
            [
              5.071111,
              45.901389
            ],
            [
              5.066944,
              45.901111
            ],
            [
              5.063056,
              45.900833
            ],
            [
              5.058889,
              45.900556
            ],
            [
              5.054722,
              45.9
            ],
            [
              5.050833,
              45.899722
            ],
            [
              5.046667,
              45.899167
            ],
            [
              5.042778,
              45.898611
            ],
            [
              5.038889,
              45.897778
            ],
            [
              5.034722,
              45.897222
            ],
            [
              5.030833,
              45.896389
            ],
            [
              5.026944,
              45.895556
            ],
            [
              4.693056,
              46.250278
            ],
            [
              4.731111,
              46.306944
            ],
            [
              4.674722,
              46.5
            ],
            [
              4.833333,
              46.5
            ],
            [
              4.952778,
              46.5
            ],
            [
              5.016667,
              46.5
            ],
            [
              5.090278,
              46.5
            ],
            [
              5.161667,
              46.5
            ]
          ]
        ]
      },
      "properties": {
        "name": "LYON VE1-N QFU17",
        "owner": "MM",
        "owners": [
          "VE",
          "VW",
          "MMW",
          "RAW",
          "MM"
        ],
        "min": 0,
        "cur": 0,
        "max": 34,
        "color_hex": "#909967",
        "stroke": "#909967",
        "stroke-width": 1,
        "stroke-opacity": 0.7,
        "fill": "#909967",
        "fill-opacity": 0.3
      }
    },
    {
      "type": "Feature",
      "geometry": {
        "type": "Polygon",
        "coordinates": [
          [
            [
              5.820278,
              45.902222
            ],
            [
              5.833056,
              45.776944
            ],
            [
              5.833056,
              45.751111
            ],
            [
              5.833056,
              45.601389
            ],
            [
              5.816667,
              45.601389
            ],
            [
              5.816667,
              45.533056
            ],
            [
              5.788889,
              45.502778
            ],
            [
              5.717778,
              45.490278
            ],
            [
              5.528056,
              45.581667
            ],
            [
              5.498056,
              45.685556
            ],
            [
              5.489444,
              45.716667
            ],
            [
              5.450556,
              45.856111
            ],
            [
              5.485556,
              45.916667
            ],
            [
              5.600278,
              45.975278
            ],
            [
              5.611389,
              45.962222
            ],
            [
              5.633611,
              45.944444
            ],
            [
              5.659444,
              45.929167
            ],
            [
              5.6625,
              45.927778
            ],
            [
              5.688333,
              45.916944
            ],
            [
              5.719722,
              45.907778
            ],
            [
              5.752778,
              45.902222
            ],
            [
              5.758056,
              45.901944
            ],
            [
              5.786667,
              45.900556
            ],
            [
              5.820278,
              45.902222
            ]
          ]
        ]
      },
      "properties": {
        "name": "LYON LB1-W",
        "owner": "MM",
        "owners": [
          "LB",
          "VE",
          "VW",
          "MMW",
          "RAW",
          "MM"
        ],
        "min": 0,
        "cur": 0,
        "max": 39,
        "color_hex": "#909967",
        "stroke": "#909967",
        "stroke-width": 1,
        "stroke-opacity": 0.7,
        "fill": "#909967",
        "fill-opacity": 0.3
      }
    },
    {
      "type": "Feature",
      "geometry": {
        "type": "Polygon",
        "coordinates": [
          [
            [
              5.820278,
              45.902222
            ],
            [
              5.853333,
              45.907778
            ],
            [
              5.884722,
              45.916944
            ],
            [
              5.910833,
              45.928056
            ],
            [
              5.918056,
              45.9325
            ],
            [
              5.917222,
              45.931111
            ],
            [
              5.917222,
              45.930556
            ],
            [
              5.917222,
              45.928611
            ],
            [
              5.917222,
              45.926667
            ],
            [
              5.917222,
              45.924722
            ],
            [
              5.9175,
              45.922778
            ],
            [
              5.9175,
              45.921111
            ],
            [
              5.917778,
              45.919167
            ],
            [
              5.917778,
              45.917222
            ],
            [
              5.918056,
              45.915278
            ],
            [
              5.918333,
              45.913333
            ],
            [
              5.918889,
              45.911667
            ],
            [
              5.919167,
              45.909722
            ],
            [
              5.919444,
              45.907778
            ],
            [
              5.92,
              45.905833
            ],
            [
              5.920556,
              45.904167
            ],
            [
              5.921111,
              45.902222
            ],
            [
              5.921667,
              45.900278
            ],
            [
              5.922222,
              45.898611
            ],
            [
              5.923056,
              45.896667
            ],
            [
              5.923611,
              45.895
            ],
            [
              5.924444,
              45.893056
            ],
            [
              5.925278,
              45.891111
            ],
            [
              5.926111,
              45.889444
            ],
            [
              5.926944,
              45.887778
            ],
            [
              5.927778,
              45.885833
            ],
            [
              5.928611,
              45.884167
            ],
            [
              5.929722,
              45.882222
            ],
            [
              5.930833,
              45.880556
            ],
            [
              5.931667,
              45.878889
            ],
            [
              5.932778,
              45.876944
            ],
            [
              5.933889,
              45.875278
            ],
            [
              5.935278,
              45.873611
            ],
            [
              5.936389,
              45.871944
            ],
            [
              5.9375,
              45.870278
            ],
            [
              5.938889,
              45.868611
            ],
            [
              5.940278,
              45.866944
            ],
            [
              5.941667,
              45.865278
            ],
            [
              5.943056,
              45.863611
            ],
            [
              5.944444,
              45.861944
            ],
            [
              5.945833,
              45.860556
            ],
            [
              5.9475,
              45.858889
            ],
            [
              5.948889,
              45.857222
            ],
            [
              5.950556,
              45.855833
            ],
            [
              5.951944,
              45.854167
            ],
            [
              5.953611,
              45.852778
            ],
            [
              5.955278,
              45.851111
            ],
            [
              5.957222,
              45.849722
            ],
            [
              5.958889,
              45.848333
            ],
            [
              5.960556,
              45.846944
            ],
            [
              5.9625,
              45.845556
            ],
            [
              5.964167,
              45.844167
            ],
            [
              5.966111,
              45.842778
            ],
            [
              5.968056,
              45.841389
            ],
            [
              5.97,
              45.84
            ],
            [
              5.971944,
              45.838611
            ],
            [
              5.973889,
              45.837222
            ],
            [
              5.975833,
              45.836111
            ],
            [
              5.977778,
              45.834722
            ],
            [
              5.98,
              45.833611
            ],
            [
              5.981944,
              45.832222
            ],
            [
              5.984167,
              45.831111
            ],
            [
              5.986111,
              45.83
            ],
            [
              5.988333,
              45.828889
            ],
            [
              5.990556,
              45.827778
            ],
            [
              5.992778,
              45.826667
            ],
            [
              5.995,
              45.825556
            ],
            [
              5.997222,
              45.824444
            ],
            [
              5.999722,
              45.823333
            ],
            [
              6.001944,
              45.8225
            ],
            [
              6.004167,
              45.821389
            ],
            [
              6.006667,
              45.820556
            ],
            [
              6.008889,
              45.819722
            ],
            [
              6.011389,
              45.818611
            ],
            [
              6.013889,
              45.817778
            ],
            [
              6.016111,
              45.816944
            ],
            [
              6.018611,
              45.816111
            ],
            [
              6.021111,
              45.815278
            ],
            [
              6.023611,
              45.814444
            ],
            [
              6.026111,
              45.813889
            ],
            [
              6.028611,
              45.813056
            ],
            [
              6.031111,
              45.8125
            ],
            [
              6.033611,
              45.811667
            ],
            [
              6.036111,
              45.811111
            ],
            [
              6.038889,
              45.810556
            ],
            [
              6.041667,
              45.81
            ],
            [
              6.242222,
              45.985
            ],
            [
              6.256667,
              45.973611
            ],
            [
              6.204167,
              45.918889
            ],
            [
              6.163056,
              45.876389
            ],
            [
              6.096389,
              45.806389
            ],
            [
              6.087778,
              45.620556
            ],
            [
              6.075556,
              45.464167
            ],
            [
              5.788889,
              45.438056
            ],
            [
              5.725556,
              45.451111
            ],
            [
              5.717778,
              45.490278
            ],
            [
              5.788889,
              45.502778
            ],
            [
              5.805556,
              45.502778
            ],
            [
              5.833056,
              45.529167
            ],
            [
              5.833056,
              45.5375
            ],
            [
              5.93,
              45.538056
            ],
            [
              5.949167,
              45.559167
            ],
            [
              5.945556,
              45.607778
            ],
            [
              5.934167,
              45.607778
            ],
            [
              5.923611,
              45.751667
            ],
            [
              5.886111,
              45.751389
            ],
            [
              5.870556,
              45.776944
            ],
            [
              5.833056,
              45.776944
            ],
            [
              5.820278,
              45.902222
            ]
          ]
        ]
      },
      "properties": {
        "name": "LYON LB1-E",
        "owner": "MM",
        "owners": [
          "LB",
          "VE",
          "VW",
          "MMW",
          "RAW",
          "MM"
        ],
        "min": 0,
        "cur": 0,
        "max": 39,
        "color_hex": "#909967",
        "stroke": "#909967",
        "stroke-width": 1,
        "stroke-opacity": 0.7,
        "fill": "#909967",
        "fill-opacity": 0.3
      }
    },
    {
      "type": "Feature",
      "geometry": {
        "type": "Polygon",
        "coordinates": [
          [
            [
              4.290278,
              45.923889
            ],
            [
              4.203611,
              46.086111
            ],
            [
              4.661389,
              46.203611
            ],
            [
              4.670556,
              46.218056
            ],
            [
              4.731111,
              46.306944
            ],
            [
              4.674722,
              46.5
            ],
            [
              4.4,
              46.5
            ],
            [
              4.05,
              46.175
            ],
            [
              3.853889,
              46.05
            ],
            [
              3.898056,
              45.969167
            ],
            [
              4.290278,
              45.923889
            ]
          ]
        ]
      },
      "properties": {
        "name": "CLERMONT CY2-QFU35",
        "owner": "MM",
        "owners": [
          "LN",
          "CY",
          "CF",
          "MMW",
          "RAW",
          "MM"
        ],
        "min": 0,
        "cur": 0,
        "max": 84,
        "color_hex": "#909967",
        "stroke": "#909967",
        "stroke-width": 1,
        "stroke-opacity": 0.7,
        "fill": "#909967",
        "fill-opacity": 0.3
      }
    },
    {
      "type": "Feature",
      "geometry": {
        "type": "Polygon",
        "coordinates": [
          [
            [
              4.290278,
              45.923889
            ],
            [
              4.203611,
              46.086111
            ],
            [
              4.661389,
              46.203611
            ],
            [
              4.670556,
              46.218056
            ],
            [
              4.693056,
              46.250278
            ],
            [
              4.731111,
              46.306944
            ],
            [
              4.674722,
              46.5
            ],
            [
              4.4,
              46.5
            ],
            [
              4.05,
              46.175
            ],
            [
              3.853889,
              46.05
            ],
            [
              3.898056,
              45.969167
            ],
            [
              4.290278,
              45.923889
            ]
          ]
        ]
      },
      "properties": {
        "name": "CLERMONT CY2-QFU17",
        "owner": "MM",
        "owners": [
          "LN",
          "CY",
          "CF",
          "MMW",
          "RAW",
          "MM"
        ],
        "min": 0,
        "cur": 0,
        "max": 84,
        "color_hex": "#909967",
        "stroke": "#909967",
        "stroke-width": 1,
        "stroke-opacity": 0.7,
        "fill": "#909967",
        "fill-opacity": 0.3
      }
    },
    {
      "type": "Feature",
      "geometry": {
        "type": "Polygon",
        "coordinates": [
          [
            [
              4.044444,
              46.555556
            ],
            [
              4.366944,
              46.88
            ],
            [
              4.270556,
              47.359167
            ],
            [
              3.501944,
              47.109722
            ],
            [
              3.383333,
              46.983333
            ],
            [
              3.313056,
              46.728056
            ],
            [
              2.867778,
              46.5775
            ],
            [
              2.916667,
              46.333333
            ],
            [
              3.566667,
              46.333056
            ],
            [
              3.633056,
              46.308056
            ],
            [
              3.633056,
              46.2
            ],
            [
              3.683056,
              46.104167
            ],
            [
              3.853889,
              46.05
            ],
            [
              4.05,
              46.175
            ],
            [
              4.053333,
              46.257778
            ],
            [
              4.031667,
              46.256389
            ],
            [
              4.01,
              46.256389
            ],
            [
              3.988611,
              46.257778
            ],
            [
              3.967222,
              46.260833
            ],
            [
              3.946389,
              46.265278
            ],
            [
              3.926389,
              46.271111
            ],
            [
              3.9075,
              46.278056
            ],
            [
              3.889444,
              46.286667
            ],
            [
              3.872778,
              46.296389
            ],
            [
              3.857778,
              46.306944
            ],
            [
              3.844167,
              46.318889
            ],
            [
              3.832222,
              46.331389
            ],
            [
              3.8225,
              46.344722
            ],
            [
              3.814444,
              46.358611
            ],
            [
              3.808611,
              46.373056
            ],
            [
              3.805,
              46.387778
            ],
            [
              3.803333,
              46.402778
            ],
            [
              3.803889,
              46.417778
            ],
            [
              3.806667,
              46.432778
            ],
            [
              3.811389,
              46.4475
            ],
            [
              3.818333,
              46.461667
            ],
            [
              3.8275,
              46.475278
            ],
            [
              3.838333,
              46.488333
            ],
            [
              3.851111,
              46.500278
            ],
            [
              3.865556,
              46.511667
            ],
            [
              3.881667,
              46.521667
            ],
            [
              3.899167,
              46.530833
            ],
            [
              3.917778,
              46.538611
            ],
            [
              3.9375,
              46.545
            ],
            [
              3.958056,
              46.55
            ],
            [
              3.979167,
              46.553611
            ],
            [
              4.000833,
              46.555833
            ],
            [
              4.0225,
              46.556389
            ],
            [
              4.044444,
              46.555556
            ]
          ]
        ]
      },
      "properties": {
        "name": "CLERMONT CY1-W",
        "owner": "MM",
        "owners": [
          "LN",
          "CY",
          "CF",
          "MMW",
          "RAW",
          "MM"
        ],
        "min": 0,
        "cur": 0,
        "max": 19,
        "color_hex": "#909967",
        "stroke": "#909967",
        "stroke-width": 1,
        "stroke-opacity": 0.7,
        "fill": "#909967",
        "fill-opacity": 0.3
      }
    },
    {
      "type": "Feature",
      "geometry": {
        "type": "Polygon",
        "coordinates": [
          [
            [
              4.366944,
              46.88
            ],
            [
              4.044444,
              46.555556
            ],
            [
              4.049444,
              46.555
            ],
            [
              4.054444,
              46.554722
            ],
            [
              4.059444,
              46.554167
            ],
            [
              4.064444,
              46.553333
            ],
            [
              4.069444,
              46.552778
            ],
            [
              4.074444,
              46.551944
            ],
            [
              4.079167,
              46.550833
            ],
            [
              4.084167,
              46.55
            ],
            [
              4.088889,
              46.548889
            ],
            [
              4.093889,
              46.547778
            ],
            [
              4.098611,
              46.546667
            ],
            [
              4.103333,
              46.545278
            ],
            [
              4.107778,
              46.543889
            ],
            [
              4.1125,
              46.5425
            ],
            [
              4.117222,
              46.541111
            ],
            [
              4.121667,
              46.539444
            ],
            [
              4.126111,
              46.537778
            ],
            [
              4.130556,
              46.536111
            ],
            [
              4.135,
              46.534167
            ],
            [
              4.139167,
              46.5325
            ],
            [
              4.143333,
              46.530556
            ],
            [
              4.1475,
              46.528611
            ],
            [
              4.151667,
              46.526389
            ],
            [
              4.155556,
              46.524444
            ],
            [
              4.159722,
              46.522222
            ],
            [
              4.163611,
              46.52
            ],
            [
              4.167222,
              46.5175
            ],
            [
              4.171111,
              46.515278
            ],
            [
              4.174722,
              46.512778
            ],
            [
              4.178056,
              46.510278
            ],
            [
              4.181667,
              46.507778
            ],
            [
              4.185,
              46.505
            ],
            [
              4.188333,
              46.5025
            ],
            [
              4.191389,
              46.499722
            ],
            [
              4.194722,
              46.496944
            ],
            [
              4.1975,
              46.494167
            ],
            [
              4.200556,
              46.491389
            ],
            [
              4.203333,
              46.488333
            ],
            [
              4.206111,
              46.485556
            ],
            [
              4.208611,
              46.4825
            ],
            [
              4.211111,
              46.479444
            ],
            [
              4.213611,
              46.476389
            ],
            [
              4.215833,
              46.473333
            ],
            [
              4.218056,
              46.470278
            ],
            [
              4.220278,
              46.466944
            ],
            [
              4.222222,
              46.463889
            ],
            [
              4.224167,
              46.460556
            ],
            [
              4.225833,
              46.457222
            ],
            [
              4.2275,
              46.453889
            ],
            [
              4.229167,
              46.450556
            ],
            [
              4.230556,
              46.447222
            ],
            [
              4.235278,
              46.432778
            ],
            [
              4.238056,
              46.417778
            ],
            [
              4.238611,
              46.402778
            ],
            [
              4.236944,
              46.387778
            ],
            [
              4.233333,
              46.373056
            ],
            [
              4.2275,
              46.358611
            ],
            [
              4.219444,
              46.344722
            ],
            [
              4.209444,
              46.331389
            ],
            [
              4.197778,
              46.318611
            ],
            [
              4.184167,
              46.306944
            ],
            [
              4.168889,
              46.296111
            ],
            [
              4.1525,
              46.286667
            ],
            [
              4.134444,
              46.278056
            ],
            [
              4.115278,
              46.271111
            ],
            [
              4.095278,
              46.265278
            ],
            [
              4.074722,
              46.260833
            ],
            [
              4.053333,
              46.257778
            ],
            [
              4.05,
              46.175
            ],
            [
              4.4,
              46.5
            ],
            [
              4.674722,
              46.5
            ],
            [
              4.65,
              46.583333
            ],
            [
              4.366944,
              46.88
            ]
          ]
        ]
      },
      "properties": {
        "name": "CLERMONT CY1-E",
        "owner": "MM",
        "owners": [
          "LN",
          "CY",
          "CF",
          "MMW",
          "RAW",
          "MM"
        ],
        "min": 0,
        "cur": 0,
        "max": 19,
        "color_hex": "#909967",
        "stroke": "#909967",
        "stroke-width": 1,
        "stroke-opacity": 0.7,
        "fill": "#909967",
        "fill-opacity": 0.3
      }
    },
    {
      "type": "Feature",
      "geometry": {
        "type": "Polygon",
        "coordinates": [
          [
            [
              1.036944,
              44.5
            ],
            [
              1.298611,
              44.500278
            ],
            [
              1.716667,
              44.5
            ],
            [
              2.605556,
              44.058333
            ],
            [
              1.858333,
              44.166389
            ],
            [
              1.804444,
              44.293333
            ],
            [
              1.748611,
              44.295
            ],
            [
              1.301111,
              44.326667
            ],
            [
              1.025278,
              44.346111
            ],
            [
              1.036944,
              44.5
            ]
          ]
        ]
      },
      "properties": {
        "name": "CLERMONT CN2",
        "owner": "MM",
        "owners": [
          "CN",
          "CF",
          "MMW",
          "RAW",
          "MM"
        ],
        "min": 0,
        "cur": 0,
        "max": 114,
        "color_hex": "#909967",
        "stroke": "#909967",
        "stroke-width": 1,
        "stroke-opacity": 0.7,
        "fill": "#909967",
        "fill-opacity": 0.3
      }
    },
    {
      "type": "Feature",
      "geometry": {
        "type": "Polygon",
        "coordinates": [
          [
            [
              2.605556,
              44.058333
            ],
            [
              1.716667,
              44.5
            ],
            [
              1.298611,
              44.500278
            ],
            [
              1.036944,
              44.5
            ],
            [
              1.057778,
              44.747778
            ],
            [
              1.358333,
              44.770833
            ],
            [
              1.4775,
              44.780278
            ],
            [
              1.773333,
              44.768333
            ],
            [
              2.0,
              44.759444
            ],
            [
              2.388889,
              44.53
            ],
            [
              2.384167,
              44.528056
            ],
            [
              2.379722,
              44.526111
            ],
            [
              2.375556,
              44.524167
            ],
            [
              2.371389,
              44.522222
            ],
            [
              2.367222,
              44.52
            ],
            [
              2.363333,
              44.517778
            ],
            [
              2.359167,
              44.515556
            ],
            [
              2.355278,
              44.513333
            ],
            [
              2.351667,
              44.510833
            ],
            [
              2.347778,
              44.508333
            ],
            [
              2.344167,
              44.505833
            ],
            [
              2.340833,
              44.503333
            ],
            [
              2.337222,
              44.500833
            ],
            [
              2.333889,
              44.498056
            ],
            [
              2.330833,
              44.495278
            ],
            [
              2.3275,
              44.4925
            ],
            [
              2.324444,
              44.489444
            ],
            [
              2.321667,
              44.486667
            ],
            [
              2.318611,
              44.483611
            ],
            [
              2.315833,
              44.480556
            ],
            [
              2.313333,
              44.4775
            ],
            [
              2.310833,
              44.474444
            ],
            [
              2.308333,
              44.471389
            ],
            [
              2.306111,
              44.468056
            ],
            [
              2.303889,
              44.464722
            ],
            [
              2.301944,
              44.461667
            ],
            [
              2.299722,
              44.458333
            ],
            [
              2.298056,
              44.455
            ],
            [
              2.296389,
              44.451389
            ],
            [
              2.294722,
              44.448056
            ],
            [
              2.293056,
              44.444722
            ],
            [
              2.291667,
              44.441111
            ],
            [
              2.290556,
              44.437778
            ],
            [
              2.289444,
              44.434167
            ],
            [
              2.288333,
              44.430556
            ],
            [
              2.2875,
              44.427222
            ],
            [
              2.286667,
              44.423611
            ],
            [
              2.286111,
              44.42
            ],
            [
              2.285556,
              44.416389
            ],
            [
              2.285278,
              44.412778
            ],
            [
              2.285,
              44.409167
            ],
            [
              2.284722,
              44.405556
            ],
            [
              2.284722,
              44.401944
            ],
            [
              2.285,
              44.398333
            ],
            [
              2.285278,
              44.394722
            ],
            [
              2.285556,
              44.391111
            ],
            [
              2.286111,
              44.3875
            ],
            [
              2.286667,
              44.383889
            ],
            [
              2.2875,
              44.380556
            ],
            [
              2.470278,
              44.275556
            ],
            [
              2.473056,
              44.275556
            ],
            [
              2.475833,
              44.275278
            ],
            [
              2.478611,
              44.275278
            ],
            [
              2.481667,
              44.275278
            ],
            [
              2.484444,
              44.275
            ],
            [
              2.4875,
              44.275
            ],
            [
              2.490278,
              44.275
            ],
            [
              2.493333,
              44.275278
            ],
            [
              2.496111,
              44.275278
            ],
            [
              2.498889,
              44.275278
            ],
            [
              2.501944,
              44.275556
            ],
            [
              2.504722,
              44.275556
            ],
            [
              2.507778,
              44.275833
            ],
            [
              2.510556,
              44.276111
            ],
            [
              2.513333,
              44.276389
            ],
            [
              2.516111,
              44.276667
            ],
            [
              2.519167,
              44.277222
            ],
            [
              2.521944,
              44.2775
            ],
            [
              2.524722,
              44.277778
            ],
            [
              2.5275,
              44.278333
            ],
            [
              2.530556,
              44.278889
            ],
            [
              2.533333,
              44.279444
            ],
            [
              2.536111,
              44.279722
            ],
            [
              2.538889,
              44.280556
            ],
            [
              2.541667,
              44.281111
            ],
            [
              2.544444,
              44.281667
            ],
            [
              2.546944,
              44.282222
            ],
            [
              2.549722,
              44.283056
            ],
            [
              2.5525,
              44.283889
            ],
            [
              2.555278,
              44.284444
            ],
            [
              2.557778,
              44.285278
            ],
            [
              2.560556,
              44.286111
            ],
            [
              2.563056,
              44.286944
            ],
            [
              2.565833,
              44.287778
            ],
            [
              2.568333,
              44.288889
            ],
            [
              2.570833,
              44.289722
            ],
            [
              2.573611,
              44.290833
            ],
            [
              2.576111,
              44.291667
            ],
            [
              2.578611,
              44.292778
            ],
            [
              2.581111,
              44.293889
            ],
            [
              2.583611,
              44.295
            ],
            [
              2.585833,
              44.296111
            ],
            [
              2.588333,
              44.297222
            ],
            [
              2.590833,
              44.298333
            ],
            [
              2.593056,
              44.299444
            ],
            [
              2.595556,
              44.300833
            ],
            [
              2.597778,
              44.301944
            ],
            [
              2.6,
              44.303333
            ],
            [
              2.602222,
              44.304722
            ],
            [
              2.604444,
              44.306111
            ],
            [
              2.606667,
              44.307222
            ],
            [
              2.608889,
              44.308611
            ],
            [
              2.610833,
              44.310278
            ],
            [
              2.613056,
              44.311667
            ],
            [
              2.615,
              44.313056
            ],
            [
              2.616944,
              44.314444
            ],
            [
              2.619167,
              44.316111
            ],
            [
              2.621111,
              44.3175
            ],
            [
              2.623056,
              44.319167
            ],
            [
              2.624722,
              44.320556
            ],
            [
              2.626667,
              44.322222
            ],
            [
              2.628611,
              44.323889
            ],
            [
              2.630278,
              44.325556
            ],
            [
              2.631944,
              44.327222
            ],
            [
              2.633611,
              44.328889
            ],
            [
              2.635278,
              44.330556
            ],
            [
              2.636944,
              44.332222
            ],
            [
              2.638611,
              44.333889
            ],
            [
              2.640278,
              44.335833
            ],
            [
              2.641667,
              44.3375
            ],
            [
              2.643056,
              44.339444
            ],
            [
              2.644444,
              44.341111
            ],
            [
              2.645833,
              44.343056
            ],
            [
              2.647222,
              44.344722
            ],
            [
              2.648611,
              44.346667
            ],
            [
              2.65,
              44.348611
            ],
            [
              2.651111,
              44.350278
            ],
            [
              2.652222,
              44.352222
            ],
            [
              2.653333,
              44.354167
            ],
            [
              2.654444,
              44.356111
            ],
            [
              2.655556,
              44.358056
            ],
            [
              2.656667,
              44.36
            ],
            [
              2.6575,
              44.361944
            ],
            [
              2.658333,
              44.363889
            ],
            [
              2.659167,
              44.365833
            ],
            [
              2.66,
              44.367778
            ],
            [
              2.660833,
              44.369722
            ],
            [
              2.661667,
              44.371944
            ],
            [
              2.904167,
              44.249444
            ],
            [
              2.821667,
              44.025833
            ],
            [
              2.605556,
              44.058333
            ]
          ]
        ]
      },
      "properties": {
        "name": "CLERMONT CN1-S",
        "owner": "MM",
        "owners": [
          "CN",
          "CF",
          "MMW",
          "RAW",
          "MM"
        ],
        "min": 0,
        "cur": 0,
        "max": 39,
        "color_hex": "#909967",
        "stroke": "#909967",
        "stroke-width": 1,
        "stroke-opacity": 0.7,
        "fill": "#909967",
        "fill-opacity": 0.3
      }
    },
    {
      "type": "Feature",
      "geometry": {
        "type": "Polygon",
        "coordinates": [
          [
            [
              2.0,
              45.315556
            ],
            [
              2.5,
              45.435833
            ],
            [
              2.5,
              45.253611
            ],
            [
              2.5,
              45.166667
            ],
            [
              3.0325,
              44.884167
            ],
            [
              3.040278,
              44.650556
            ],
            [
              3.041111,
              44.624722
            ],
            [
              2.904167,
              44.249444
            ],
            [
              2.661667,
              44.371944
            ],
            [
              2.388889,
              44.53
            ],
            [
              2.0,
              44.759444
            ],
            [
              2.0,
              45.315556
            ]
          ]
        ]
      },
      "properties": {
        "name": "CLERMONT CN1-N",
        "owner": "MM",
        "owners": [
          "CN",
          "CF",
          "MMW",
          "RAW",
          "MM"
        ],
        "min": 0,
        "cur": 0,
        "max": 39,
        "color_hex": "#909967",
        "stroke": "#909967",
        "stroke-width": 1,
        "stroke-opacity": 0.7,
        "fill": "#909967",
        "fill-opacity": 0.3
      }
    },
    {
      "type": "Feature",
      "geometry": {
        "type": "Polygon",
        "coordinates": [
          [
            [
              4.041944,
              45.136667
            ],
            [
              4.316667,
              45.2
            ],
            [
              4.533056,
              45.266667
            ],
            [
              4.638889,
              45.066667
            ],
            [
              4.851389,
              44.666667
            ],
            [
              4.745,
              44.668611
            ],
            [
              4.454444,
              44.668611
            ],
            [
              4.171667,
              44.904167
            ],
            [
              4.041944,
              45.136667
            ]
          ]
        ]
      },
      "properties": {
        "name": "CLERMONT CL2",
        "owner": "MM",
        "owners": [
          "CL",
          "CF",
          "MMW",
          "RAW",
          "MM"
        ],
        "min": 0,
        "cur": 0,
        "max": 84,
        "color_hex": "#909967",
        "stroke": "#909967",
        "stroke-width": 1,
        "stroke-opacity": 0.7,
        "fill": "#909967",
        "fill-opacity": 0.3
      }
    },
    {
      "type": "Feature",
      "geometry": {
        "type": "Polygon",
        "coordinates": [
          [
            [
              3.577778,
              44.25
            ],
            [
              3.701667,
              44.666667
            ],
            [
              3.283056,
              44.875556
            ],
            [
              3.048611,
              44.875556
            ],
            [
              3.0325,
              44.884167
            ],
            [
              3.040278,
              44.650556
            ],
            [
              3.041111,
              44.624722
            ],
            [
              2.904167,
              44.249444
            ],
            [
              3.577778,
              44.25
            ]
          ]
        ]
      },
      "properties": {
        "name": "CLERMONT CL1-S",
        "owner": "MM",
        "owners": [
          "CL",
          "CF",
          "MMW",
          "RAW",
          "MM"
        ],
        "min": 0,
        "cur": 0,
        "max": 144,
        "color_hex": "#909967",
        "stroke": "#909967",
        "stroke-width": 1,
        "stroke-opacity": 0.7,
        "fill": "#909967",
        "fill-opacity": 0.3
      }
    },
    {
      "type": "Feature",
      "geometry": {
        "type": "Polygon",
        "coordinates": [
          [
            [
              3.0325,
              44.884167
            ],
            [
              2.5,
              45.166667
            ],
            [
              2.604444,
              45.166667
            ],
            [
              3.021111,
              45.223056
            ],
            [
              4.108889,
              45.581667
            ],
            [
              4.041944,
              45.136667
            ],
            [
              4.171667,
              44.904167
            ],
            [
              4.454444,
              44.668611
            ],
            [
              4.221944,
              44.668056
            ],
            [
              3.701667,
              44.666667
            ],
            [
              3.283056,
              44.875556
            ],
            [
              3.048611,
              44.875556
            ],
            [
              3.0325,
              44.884167
            ]
          ]
        ]
      },
      "properties": {
        "name": "CLERMONT CL1",
        "owner": "MM",
        "owners": [
          "CL",
          "CF",
          "MMW",
          "RAW",
          "MM"
        ],
        "min": 0,
        "cur": 0,
        "max": 144,
        "color_hex": "#909967",
        "stroke": "#909967",
        "stroke-width": 1,
        "stroke-opacity": 0.7,
        "fill": "#909967",
        "fill-opacity": 0.3
      }
    },
    {
      "type": "Feature",
      "geometry": {
        "type": "Polygon",
        "coordinates": [
          [
            [
              3.898056,
              45.969167
            ],
            [
              3.915,
              45.938333
            ],
            [
              4.093333,
              45.609722
            ],
            [
              4.096944,
              45.614444
            ],
            [
              4.1,
              45.618056
            ],
            [
              4.103056,
              45.621389
            ],
            [
              4.106389,
              45.625
            ],
            [
              4.11,
              45.628333
            ],
            [
              4.113611,
              45.631944
            ],
            [
              4.117222,
              45.635278
            ],
            [
              4.121111,
              45.638333
            ],
            [
              4.125,
              45.641667
            ],
            [
              4.128889,
              45.644722
            ],
            [
              4.133056,
              45.647778
            ],
            [
              4.1375,
              45.650556
            ],
            [
              4.141944,
              45.653611
            ],
            [
              4.146389,
              45.656389
            ],
            [
              4.150833,
              45.658889
            ],
            [
              4.155556,
              45.661667
            ],
            [
              4.160556,
              45.664167
            ],
            [
              4.165278,
              45.666667
            ],
            [
              4.170278,
              45.668889
            ],
            [
              4.175278,
              45.671111
            ],
            [
              4.180556,
              45.673333
            ],
            [
              4.185833,
              45.675556
            ],
            [
              4.191111,
              45.6775
            ],
            [
              4.196389,
              45.679444
            ],
            [
              4.201944,
              45.681111
            ],
            [
              4.207222,
              45.682778
            ],
            [
              4.213056,
              45.684444
            ],
            [
              4.218611,
              45.685833
            ],
            [
              4.224167,
              45.687222
            ],
            [
              4.23,
              45.688611
            ],
            [
              4.235833,
              45.689722
            ],
            [
              4.241667,
              45.690833
            ],
            [
              4.2475,
              45.691667
            ],
            [
              4.253333,
              45.6925
            ],
            [
              4.259167,
              45.693333
            ],
            [
              4.265278,
              45.693889
            ],
            [
              4.271111,
              45.694444
            ],
            [
              4.277222,
              45.695
            ],
            [
              4.283056,
              45.695278
            ],
            [
              4.289167,
              45.695278
            ],
            [
              4.295,
              45.695556
            ],
            [
              4.301111,
              45.695556
            ],
            [
              4.307222,
              45.695278
            ],
            [
              4.313056,
              45.695
            ],
            [
              4.319167,
              45.694722
            ],
            [
              4.325,
              45.694444
            ],
            [
              4.331111,
              45.693611
            ],
            [
              4.336944,
              45.693056
            ],
            [
              4.343056,
              45.692222
            ],
            [
              4.348889,
              45.691389
            ],
            [
              4.354722,
              45.690278
            ],
            [
              4.360556,
              45.689167
            ],
            [
              4.366111,
              45.688056
            ],
            [
              4.371944,
              45.686667
            ],
            [
              4.3775,
              45.685278
            ],
            [
              4.3775,
              45.685556
            ],
            [
              4.399167,
              45.52
            ],
            [
              4.411111,
              45.4275
            ],
            [
              4.409167,
              45.426389
            ],
            [
              4.407222,
              45.425556
            ],
            [
              4.405278,
              45.424444
            ],
            [
              4.403056,
              45.423611
            ],
            [
              4.401111,
              45.4225
            ],
            [
              4.398889,
              45.421667
            ],
            [
              4.396944,
              45.420556
            ],
            [
              4.394722,
              45.419722
            ],
            [
              4.392778,
              45.418889
            ],
            [
              4.390556,
              45.418056
            ],
            [
              4.388333,
              45.417222
            ],
            [
              4.386111,
              45.416389
            ],
            [
              4.383889,
              45.415556
            ],
            [
              4.381667,
              45.414722
            ],
            [
              4.379444,
              45.413889
            ],
            [
              4.377222,
              45.413333
            ],
            [
              4.375,
              45.4125
            ],
            [
              4.372778,
              45.411944
            ],
            [
              4.370556,
              45.411111
            ],
            [
              4.368333,
              45.410556
            ],
            [
              4.365833,
              45.409722
            ],
            [
              4.363611,
              45.409167
            ],
            [
              4.361389,
              45.408611
            ],
            [
              4.358889,
              45.408056
            ],
            [
              4.356667,
              45.4075
            ],
            [
              4.354167,
              45.406944
            ],
            [
              4.351944,
              45.406389
            ],
            [
              4.349444,
              45.406111
            ],
            [
              4.347222,
              45.405556
            ],
            [
              4.344722,
              45.405
            ],
            [
              4.3425,
              45.404722
            ],
            [
              4.34,
              45.404167
            ],
            [
              4.3375,
              45.403889
            ],
            [
              4.335278,
              45.403611
            ],
            [
              4.332778,
              45.403056
            ],
            [
              4.330278,
              45.402778
            ],
            [
              4.327778,
              45.4025
            ],
            [
              4.325278,
              45.402222
            ],
            [
              4.323056,
              45.401944
            ],
            [
              4.320556,
              45.401944
            ],
            [
              4.318056,
              45.401667
            ],
            [
              4.315556,
              45.401389
            ],
            [
              4.313056,
              45.401389
            ],
            [
              4.310556,
              45.401111
            ],
            [
              4.308333,
              45.401111
            ],
            [
              4.305833,
              45.400833
            ],
            [
              4.303333,
              45.400833
            ],
            [
              4.300833,
              45.400833
            ],
            [
              4.298333,
              45.400833
            ],
            [
              4.295833,
              45.400833
            ],
            [
              4.293333,
              45.400833
            ],
            [
              4.290833,
              45.400833
            ],
            [
              4.288333,
              45.400833
            ],
            [
              4.285833,
              45.401111
            ],
            [
              4.283611,
              45.401111
            ],
            [
              4.281111,
              45.401389
            ],
            [
              4.278611,
              45.401389
            ],
            [
              4.276111,
              45.401667
            ],
            [
              4.273611,
              45.401944
            ],
            [
              4.271111,
              45.401944
            ],
            [
              4.268889,
              45.402222
            ],
            [
              4.266389,
              45.4025
            ],
            [
              4.263889,
              45.402778
            ],
            [
              4.261389,
              45.403056
            ],
            [
              4.259167,
              45.403611
            ],
            [
              4.256667,
              45.403889
            ],
            [
              4.254167,
              45.404167
            ],
            [
              4.251667,
              45.404722
            ],
            [
              4.249444,
              45.405
            ],
            [
              4.246944,
              45.405556
            ],
            [
              4.244722,
              45.406111
            ],
            [
              4.242222,
              45.406389
            ],
            [
              4.24,
              45.406944
            ],
            [
              4.2375,
              45.4075
            ],
            [
              4.235278,
              45.408056
            ],
            [
              4.232778,
              45.408611
            ],
            [
              4.230556,
              45.409167
            ],
            [
              4.228333,
              45.409722
            ],
            [
              4.225833,
              45.410556
            ],
            [
              4.223611,
              45.411111
            ],
            [
              4.221389,
              45.411944
            ],
            [
              4.219167,
              45.4125
            ],
            [
              4.216944,
              45.413333
            ],
            [
              4.214722,
              45.413889
            ],
            [
              4.2125,
              45.414722
            ],
            [
              4.210278,
              45.415556
            ],
            [
              4.208056,
              45.416389
            ],
            [
              4.205833,
              45.417222
            ],
            [
              4.203611,
              45.418056
            ],
            [
              4.201389,
              45.418889
            ],
            [
              4.199444,
              45.419722
            ],
            [
              4.197778,
              45.420556
            ],
            [
              4.175,
              45.462778
            ],
            [
              4.108889,
              45.581667
            ],
            [
              4.041944,
              45.136667
            ],
            [
              4.316667,
              45.2
            ],
            [
              4.533056,
              45.266667
            ],
            [
              4.616667,
              45.283056
            ],
            [
              4.383056,
              45.743056
            ],
            [
              4.310556,
              45.884444
            ],
            [
              4.290278,
              45.923889
            ],
            [
              3.898056,
              45.969167
            ]
          ]
        ]
      },
      "properties": {
        "name": "CLERMONT CK",
        "owner": "MM",
        "owners": [
          "CK",
          "CF",
          "MMW",
          "RAW",
          "MM"
        ],
        "min": 0,
        "cur": 0,
        "max": 44,
        "color_hex": "#909967",
        "stroke": "#909967",
        "stroke-width": 1,
        "stroke-opacity": 0.7,
        "fill": "#909967",
        "fill-opacity": 0.3
      }
    },
    {
      "type": "Feature",
      "geometry": {
        "type": "Polygon",
        "coordinates": [
          [
            [
              3.853889,
              46.05
            ],
            [
              3.898056,
              45.969167
            ],
            [
              3.915,
              45.938333
            ],
            [
              4.093333,
              45.609722
            ],
            [
              4.108889,
              45.581667
            ],
            [
              3.021111,
              45.223056
            ],
            [
              2.604444,
              45.166667
            ],
            [
              2.5,
              45.166667
            ],
            [
              2.5,
              45.253611
            ],
            [
              2.5,
              45.435833
            ],
            [
              3.063611,
              45.7025
            ],
            [
              3.065833,
              45.700833
            ],
            [
              3.067778,
              45.699722
            ],
            [
              3.069722,
              45.698889
            ],
            [
              3.071667,
              45.697778
            ],
            [
              3.073611,
              45.696667
            ],
            [
              3.075833,
              45.695833
            ],
            [
              3.077778,
              45.695
            ],
            [
              3.079722,
              45.693889
            ],
            [
              3.081944,
              45.693056
            ],
            [
              3.084167,
              45.692222
            ],
            [
              3.086111,
              45.691389
            ],
            [
              3.088333,
              45.690556
            ],
            [
              3.090556,
              45.689722
            ],
            [
              3.092778,
              45.688889
            ],
            [
              3.095,
              45.688056
            ],
            [
              3.097222,
              45.6875
            ],
            [
              3.099444,
              45.686667
            ],
            [
              3.101667,
              45.686111
            ],
            [
              3.103889,
              45.685278
            ],
            [
              3.106111,
              45.684722
            ],
            [
              3.108333,
              45.684167
            ],
            [
              3.110833,
              45.683611
            ],
            [
              3.113056,
              45.683056
            ],
            [
              3.115278,
              45.6825
            ],
            [
              3.117778,
              45.681944
            ],
            [
              3.12,
              45.681389
            ],
            [
              3.1225,
              45.681111
            ],
            [
              3.124722,
              45.680556
            ],
            [
              3.127222,
              45.680278
            ],
            [
              3.129722,
              45.679722
            ],
            [
              3.131944,
              45.679444
            ],
            [
              3.134444,
              45.679167
            ],
            [
              3.136944,
              45.678889
            ],
            [
              3.139167,
              45.678611
            ],
            [
              3.141667,
              45.678333
            ],
            [
              3.144167,
              45.678056
            ],
            [
              3.146667,
              45.678056
            ],
            [
              3.148889,
              45.677778
            ],
            [
              3.151389,
              45.677778
            ],
            [
              3.153889,
              45.6775
            ],
            [
              3.156389,
              45.6775
            ],
            [
              3.158889,
              45.6775
            ],
            [
              3.161111,
              45.6775
            ],
            [
              3.163611,
              45.6775
            ],
            [
              3.166111,
              45.6775
            ],
            [
              3.168611,
              45.6775
            ],
            [
              3.171111,
              45.6775
            ],
            [
              3.173611,
              45.677778
            ],
            [
              3.175833,
              45.677778
            ],
            [
              3.178333,
              45.678056
            ],
            [
              3.180833,
              45.678056
            ],
            [
              3.183333,
              45.678333
            ],
            [
              3.185556,
              45.678611
            ],
            [
              3.188056,
              45.678889
            ],
            [
              3.190556,
              45.679167
            ],
            [
              3.193056,
              45.679444
            ],
            [
              3.195278,
              45.68
            ],
            [
              3.197778,
              45.680278
            ],
            [
              3.2,
              45.680556
            ],
            [
              3.2025,
              45.681111
            ],
            [
              3.204722,
              45.681667
            ],
            [
              3.207222,
              45.681944
            ],
            [
              3.209444,
              45.6825
            ],
            [
              3.211944,
              45.683056
            ],
            [
              3.214167,
              45.683611
            ],
            [
              3.216389,
              45.684167
            ],
            [
              3.218889,
              45.684722
            ],
            [
              3.221111,
              45.685556
            ],
            [
              3.223333,
              45.686111
            ],
            [
              3.225556,
              45.686944
            ],
            [
              3.227778,
              45.6875
            ],
            [
              3.23,
              45.688333
            ],
            [
              3.232222,
              45.688889
            ],
            [
              3.234444,
              45.689722
            ],
            [
              3.236667,
              45.690556
            ],
            [
              3.401389,
              45.753056
            ],
            [
              3.405833,
              45.755
            ],
            [
              3.41,
              45.757222
            ],
            [
              3.414167,
              45.759444
            ],
            [
              3.418056,
              45.761667
            ],
            [
              3.421667,
              45.764167
            ],
            [
              3.425278,
              45.766944
            ],
            [
              3.428333,
              45.769722
            ],
            [
              3.431389,
              45.7725
            ],
            [
              3.434167,
              45.775833
            ],
            [
              3.436667,
              45.778889
            ],
            [
              3.438611,
              45.782222
            ],
            [
              3.440556,
              45.785556
            ],
            [
              3.441944,
              45.788889
            ],
            [
              3.443333,
              45.7925
            ],
            [
              3.444167,
              45.796111
            ],
            [
              3.444722,
              45.799722
            ],
            [
              3.445,
              45.803333
            ],
            [
              3.445,
              45.806944
            ],
            [
              3.444722,
              45.810556
            ],
            [
              3.444167,
              45.813889
            ],
            [
              3.443056,
              45.8175
            ],
            [
              3.441667,
              45.821111
            ],
            [
              3.44,
              45.824444
            ],
            [
              3.438333,
              45.827778
            ],
            [
              3.436111,
              45.831111
            ],
            [
              3.433611,
              45.834167
            ],
            [
              3.430833,
              45.837222
            ],
            [
              3.427778,
              45.840278
            ],
            [
              3.424444,
              45.843056
            ],
            [
              3.420833,
              45.845556
            ],
            [
              3.417222,
              45.848056
            ],
            [
              3.413056,
              45.850556
            ],
            [
              3.408889,
              45.8525
            ],
            [
              3.404722,
              45.854444
            ],
            [
              3.400278,
              45.856389
            ],
            [
              3.395556,
              45.857778
            ],
            [
              3.390556,
              45.859167
            ],
            [
              3.385833,
              45.860278
            ],
            [
              3.380833,
              45.861389
            ],
            [
              3.853889,
              46.05
            ]
          ]
        ]
      },
      "properties": {
        "name": "CLERMONT CF1-S",
        "owner": "MM",
        "owners": [
          "CF",
          "MMW",
          "RAW",
          "MM"
        ],
        "min": 0,
        "cur": 0,
        "max": 26,
        "color_hex": "#909967",
        "stroke": "#909967",
        "stroke-width": 1,
        "stroke-opacity": 0.7,
        "fill": "#909967",
        "fill-opacity": 0.3
      }
    },
    {
      "type": "Feature",
      "geometry": {
        "type": "Polygon",
        "coordinates": [
          [
            [
              2.5,
              46.229444
            ],
            [
              2.588889,
              46.259722
            ],
            [
              2.927778,
              46.255556
            ],
            [
              2.916667,
              46.333333
            ],
            [
              3.566667,
              46.333056
            ],
            [
              3.633056,
              46.308056
            ],
            [
              3.633056,
              46.2
            ],
            [
              3.683056,
              46.104167
            ],
            [
              3.853889,
              46.05
            ],
            [
              3.380833,
              45.861389
            ],
            [
              3.1975,
              45.891389
            ],
            [
              3.195,
              45.891667
            ],
            [
              3.192778,
              45.892222
            ],
            [
              3.190278,
              45.8925
            ],
            [
              3.187778,
              45.892778
            ],
            [
              3.185278,
              45.893056
            ],
            [
              3.182778,
              45.893333
            ],
            [
              3.180278,
              45.893333
            ],
            [
              3.178056,
              45.893611
            ],
            [
              3.175556,
              45.893889
            ],
            [
              3.173056,
              45.893889
            ],
            [
              3.170556,
              45.894167
            ],
            [
              3.168056,
              45.894167
            ],
            [
              3.165556,
              45.894167
            ],
            [
              3.163056,
              45.894167
            ],
            [
              3.160556,
              45.894167
            ],
            [
              3.158056,
              45.894167
            ],
            [
              3.155556,
              45.894167
            ],
            [
              3.153056,
              45.893889
            ],
            [
              3.150556,
              45.893889
            ],
            [
              3.148056,
              45.893889
            ],
            [
              3.145833,
              45.893611
            ],
            [
              3.143333,
              45.893333
            ],
            [
              3.140833,
              45.893056
            ],
            [
              3.138333,
              45.892778
            ],
            [
              3.135833,
              45.8925
            ],
            [
              3.133333,
              45.892222
            ],
            [
              3.131111,
              45.891944
            ],
            [
              3.128611,
              45.891667
            ],
            [
              3.126111,
              45.891111
            ],
            [
              3.123611,
              45.890833
            ],
            [
              3.121389,
              45.890278
            ],
            [
              3.118889,
              45.89
            ],
            [
              3.116667,
              45.889444
            ],
            [
              3.114167,
              45.888889
            ],
            [
              3.111944,
              45.888333
            ],
            [
              3.109444,
              45.887778
            ],
            [
              3.107222,
              45.887222
            ],
            [
              3.104722,
              45.886667
            ],
            [
              3.1025,
              45.885833
            ],
            [
              3.100278,
              45.885278
            ],
            [
              3.098056,
              45.884444
            ],
            [
              3.095833,
              45.883889
            ],
            [
              3.093611,
              45.883056
            ],
            [
              3.091389,
              45.882222
            ],
            [
              3.089167,
              45.881389
            ],
            [
              3.086944,
              45.880556
            ],
            [
              3.084722,
              45.879722
            ],
            [
              3.0825,
              45.878889
            ],
            [
              3.080556,
              45.878056
            ],
            [
              3.078333,
              45.876944
            ],
            [
              3.076389,
              45.876111
            ],
            [
              3.074167,
              45.875278
            ],
            [
              3.072222,
              45.874167
            ],
            [
              3.070278,
              45.873056
            ],
            [
              3.068333,
              45.872222
            ],
            [
              3.066389,
              45.871111
            ],
            [
              3.064444,
              45.87
            ],
            [
              3.0625,
              45.868889
            ],
            [
              3.060556,
              45.867778
            ],
            [
              3.058611,
              45.866667
            ],
            [
              3.056944,
              45.865556
            ],
            [
              3.055,
              45.864167
            ],
            [
              3.053333,
              45.863056
            ],
            [
              3.051389,
              45.861944
            ],
            [
              3.049722,
              45.860556
            ],
            [
              3.048056,
              45.859444
            ],
            [
              3.046389,
              45.858056
            ],
            [
              3.044722,
              45.856667
            ],
            [
              3.043056,
              45.855556
            ],
            [
              3.041667,
              45.854167
            ],
            [
              3.04,
              45.852778
            ],
            [
              3.038611,
              45.851389
            ],
            [
              3.036944,
              45.85
            ],
            [
              3.035556,
              45.848611
            ],
            [
              3.034167,
              45.846667
            ],
            [
              3.033889,
              45.844722
            ],
            [
              3.033611,
              45.842778
            ],
            [
              3.033611,
              45.840833
            ],
            [
              3.033333,
              45.838889
            ],
            [
              3.033333,
              45.836944
            ],
            [
              3.033056,
              45.835
            ],
            [
              3.033056,
              45.832778
            ],
            [
              3.033056,
              45.830833
            ],
            [
              3.032778,
              45.828889
            ],
            [
              3.032778,
              45.826944
            ],
            [
              3.032778,
              45.825
            ],
            [
              3.032778,
              45.823056
            ],
            [
              3.032778,
              45.821111
            ],
            [
              3.032778,
              45.818889
            ],
            [
              3.032778,
              45.816944
            ],
            [
              3.032778,
              45.815
            ],
            [
              3.032778,
              45.813056
            ],
            [
              3.032778,
              45.811111
            ],
            [
              3.033056,
              45.809167
            ],
            [
              3.033056,
              45.807222
            ],
            [
              3.033333,
              45.805
            ],
            [
              3.033333,
              45.803056
            ],
            [
              3.033611,
              45.801111
            ],
            [
              3.033611,
              45.799167
            ],
            [
              3.033889,
              45.797222
            ],
            [
              3.034167,
              45.795278
            ],
            [
              3.034444,
              45.793333
            ],
            [
              3.034722,
              45.791389
            ],
            [
              3.034722,
              45.789167
            ],
            [
              3.035,
              45.787222
            ],
            [
              3.035278,
              45.785278
            ],
            [
              3.035833,
              45.783333
            ],
            [
              3.036111,
              45.781389
            ],
            [
              3.036389,
              45.779444
            ],
            [
              3.036667,
              45.7775
            ],
            [
              3.037222,
              45.775556
            ],
            [
              3.0375,
              45.773611
            ],
            [
              3.038056,
              45.771667
            ],
            [
              3.038333,
              45.769722
            ],
            [
              3.038889,
              45.767778
            ],
            [
              3.039167,
              45.765833
            ],
            [
              3.039722,
              45.763611
            ],
            [
              3.040278,
              45.761667
            ],
            [
              3.040833,
              45.759722
            ],
            [
              3.041389,
              45.757778
            ],
            [
              3.041944,
              45.755833
            ],
            [
              3.0425,
              45.753889
            ],
            [
              3.043056,
              45.751944
            ],
            [
              3.043611,
              45.75
            ],
            [
              3.044167,
              45.748056
            ],
            [
              3.044722,
              45.746111
            ],
            [
              3.045556,
              45.744167
            ],
            [
              3.046111,
              45.7425
            ],
            [
              3.046667,
              45.740556
            ],
            [
              3.0475,
              45.738611
            ],
            [
              3.048056,
              45.736667
            ],
            [
              3.048889,
              45.734722
            ],
            [
              3.049722,
              45.732778
            ],
            [
              3.050278,
              45.730833
            ],
            [
              3.051111,
              45.728889
            ],
            [
              3.051944,
              45.726944
            ],
            [
              3.052778,
              45.725278
            ],
            [
              3.053611,
              45.723333
            ],
            [
              3.054444,
              45.721389
            ],
            [
              3.055278,
              45.719444
            ],
            [
              3.056111,
              45.7175
            ],
            [
              3.056944,
              45.715556
            ],
            [
              3.058056,
              45.713889
            ],
            [
              3.058889,
              45.711944
            ],
            [
              3.059722,
              45.71
            ],
            [
              3.060833,
              45.708056
            ],
            [
              3.061667,
              45.706389
            ],
            [
              3.062778,
              45.704444
            ],
            [
              3.063611,
              45.7025
            ],
            [
              2.5,
              45.435833
            ],
            [
              2.5,
              46.229444
            ]
          ]
        ]
      },
      "properties": {
        "name": "CLERMONT CF1-N",
        "owner": "MM",
        "owners": [
          "CF",
          "MMW",
          "RAW",
          "MM"
        ],
        "min": 0,
        "cur": 0,
        "max": 26,
        "color_hex": "#909967",
        "stroke": "#909967",
        "stroke-width": 1,
        "stroke-opacity": 0.7,
        "fill": "#909967",
        "fill-opacity": 0.3
      }
    },
    {
      "type": "Feature",
      "geometry": {
        "type": "Polygon",
        "coordinates": [
          [
            [
              9.0,
              42.638889
            ],
            [
              9.0,
              42.358056
            ],
            [
              8.5,
              42.358056
            ],
            [
              8.499167,
              42.416667
            ],
            [
              8.491667,
              43.066667
            ],
            [
              8.655,
              42.630278
            ],
            [
              8.655,
              42.508056
            ],
            [
              8.753611,
              42.467778
            ],
            [
              8.753889,
              42.467778
            ],
            [
              8.755833,
              42.466667
            ],
            [
              8.758333,
              42.465833
            ],
            [
              8.760556,
              42.465
            ],
            [
              8.763056,
              42.464444
            ],
            [
              8.765556,
              42.463611
            ],
            [
              8.768056,
              42.463056
            ],
            [
              8.770556,
              42.4625
            ],
            [
              8.773056,
              42.461944
            ],
            [
              8.775556,
              42.461667
            ],
            [
              8.778056,
              42.461111
            ],
            [
              8.780556,
              42.460833
            ],
            [
              8.783333,
              42.460556
            ],
            [
              8.785833,
              42.460556
            ],
            [
              8.788333,
              42.460278
            ],
            [
              8.791111,
              42.460278
            ],
            [
              8.793611,
              42.460278
            ],
            [
              8.796111,
              42.460278
            ],
            [
              8.798889,
              42.460278
            ],
            [
              8.801389,
              42.460556
            ],
            [
              8.803889,
              42.460833
            ],
            [
              8.806667,
              42.461111
            ],
            [
              8.809167,
              42.461389
            ],
            [
              8.811667,
              42.461944
            ],
            [
              8.814167,
              42.462222
            ],
            [
              8.816667,
              42.462778
            ],
            [
              8.819167,
              42.463333
            ],
            [
              8.821667,
              42.464167
            ],
            [
              8.824167,
              42.464722
            ],
            [
              8.826389,
              42.465556
            ],
            [
              8.828889,
              42.466389
            ],
            [
              8.831111,
              42.467222
            ],
            [
              8.833333,
              42.468056
            ],
            [
              8.835556,
              42.469167
            ],
            [
              8.837778,
              42.470278
            ],
            [
              8.84,
              42.471389
            ],
            [
              8.842222,
              42.4725
            ],
            [
              8.844167,
              42.473611
            ],
            [
              8.846111,
              42.474722
            ],
            [
              8.848056,
              42.476111
            ],
            [
              8.85,
              42.4775
            ],
            [
              8.85,
              42.5975
            ],
            [
              8.926389,
              42.633056
            ],
            [
              9.0,
              42.638889
            ]
          ]
        ]
      },
      "properties": {
        "name": "BASTIA KC-S",
        "owner": "MM",
        "owners": [
          "BKC",
          "BKB",
          "MME",
          "RAE",
          "MM"
        ],
        "min": 0,
        "cur": 0,
        "max": 21,
        "color_hex": "#909967",
        "stroke": "#909967",
        "stroke-width": 1,
        "stroke-opacity": 0.7,
        "fill": "#909967",
        "fill-opacity": 0.3
      }
    },
    {
      "type": "Feature",
      "geometry": {
        "type": "Polygon",
        "coordinates": [
          [
            [
              9.0,
              42.638889
            ],
            [
              8.926389,
              42.633056
            ],
            [
              8.922222,
              42.635833
            ],
            [
              8.9175,
              42.638611
            ],
            [
              8.913056,
              42.641111
            ],
            [
              8.908056,
              42.643611
            ],
            [
              8.903333,
              42.646111
            ],
            [
              8.898333,
              42.648333
            ],
            [
              8.893333,
              42.650556
            ],
            [
              8.888333,
              42.6525
            ],
            [
              8.883056,
              42.654444
            ],
            [
              8.877778,
              42.656389
            ],
            [
              8.8725,
              42.658056
            ],
            [
              8.866944,
              42.659722
            ],
            [
              8.861389,
              42.661111
            ],
            [
              8.855833,
              42.6625
            ],
            [
              8.850278,
              42.663889
            ],
            [
              8.844722,
              42.665
            ],
            [
              8.839167,
              42.666111
            ],
            [
              8.833333,
              42.666944
            ],
            [
              8.8275,
              42.667778
            ],
            [
              8.821944,
              42.668611
            ],
            [
              8.816111,
              42.668889
            ],
            [
              8.810278,
              42.669444
            ],
            [
              8.804444,
              42.669722
            ],
            [
              8.798611,
              42.67
            ],
            [
              8.792778,
              42.67
            ],
            [
              8.786944,
              42.67
            ],
            [
              8.781111,
              42.669722
            ],
            [
              8.775278,
              42.669444
            ],
            [
              8.769444,
              42.668889
            ],
            [
              8.763611,
              42.668333
            ],
            [
              8.757778,
              42.667778
            ],
            [
              8.751944,
              42.666944
            ],
            [
              8.746389,
              42.666111
            ],
            [
              8.740556,
              42.665
            ],
            [
              8.735,
              42.663889
            ],
            [
              8.729444,
              42.6625
            ],
            [
              8.723889,
              42.661111
            ],
            [
              8.718333,
              42.659722
            ],
            [
              8.713056,
              42.658056
            ],
            [
              8.707778,
              42.656111
            ],
            [
              8.7025,
              42.654444
            ],
            [
              8.697222,
              42.6525
            ],
            [
              8.692222,
              42.650278
            ],
            [
              8.687222,
              42.648056
            ],
            [
              8.682222,
              42.645833
            ],
            [
              8.677222,
              42.643333
            ],
            [
              8.6725,
              42.640833
            ],
            [
              8.667778,
              42.638333
            ],
            [
              8.663333,
              42.635556
            ],
            [
              8.658889,
              42.632778
            ],
            [
              8.655,
              42.630278
            ],
            [
              8.491667,
              43.066667
            ],
            [
              8.875,
              43.016667
            ],
            [
              9.0,
              43.0
            ],
            [
              9.0,
              42.638889
            ]
          ]
        ]
      },
      "properties": {
        "name": "BASTIA KC-N",
        "owner": "MM",
        "owners": [
          "BKC",
          "BKB",
          "MME",
          "RAE",
          "MM"
        ],
        "min": 0,
        "cur": 0,
        "max": 21,
        "color_hex": "#909967",
        "stroke": "#909967",
        "stroke-width": 1,
        "stroke-opacity": 0.7,
        "fill": "#909967",
        "fill-opacity": 0.3
      }
    },
    {
      "type": "Feature",
      "geometry": {
        "type": "Polygon",
        "coordinates": [
          [
            [
              8.915,
              43.405278
            ],
            [
              9.75,
              43.166667
            ],
            [
              9.75,
              42.953889
            ],
            [
              9.611111,
              42.6675
            ],
            [
              9.598056,
              42.674444
            ],
            [
              9.584444,
              42.680556
            ],
            [
              9.570278,
              42.685833
            ],
            [
              9.555556,
              42.690556
            ],
            [
              9.540278,
              42.694167
            ],
            [
              9.524722,
              42.696944
            ],
            [
              9.508889,
              42.698611
            ],
            [
              9.493056,
              42.699722
            ],
            [
              9.476944,
              42.699722
            ],
            [
              9.461111,
              42.698889
            ],
            [
              9.445278,
              42.696944
            ],
            [
              9.429722,
              42.694167
            ],
            [
              9.414444,
              42.690556
            ],
            [
              9.4,
              42.686389
            ],
            [
              9.4,
              42.413611
            ],
            [
              9.414444,
              42.409167
            ],
            [
              9.429444,
              42.405556
            ],
            [
              9.445,
              42.402778
            ],
            [
              9.460833,
              42.400833
            ],
            [
              9.476667,
              42.4
            ],
            [
              9.4925,
              42.4
            ],
            [
              9.508333,
              42.400833
            ],
            [
              9.524167,
              42.402778
            ],
            [
              9.539722,
              42.405556
            ],
            [
              9.554722,
              42.409167
            ],
            [
              9.569722,
              42.413611
            ],
            [
              9.583889,
              42.418889
            ],
            [
              9.5975,
              42.425
            ],
            [
              9.610278,
              42.431944
            ],
            [
              9.6225,
              42.439722
            ],
            [
              9.633611,
              42.448056
            ],
            [
              9.75,
              42.334167
            ],
            [
              9.75,
              41.929167
            ],
            [
              9.405278,
              41.929167
            ],
            [
              9.2075,
              41.999167
            ],
            [
              8.991667,
              42.2325
            ],
            [
              8.691667,
              42.266667
            ],
            [
              8.5,
              42.358056
            ],
            [
              9.0,
              42.358056
            ],
            [
              9.0,
              42.638889
            ],
            [
              9.0,
              43.0
            ],
            [
              8.875,
              43.016667
            ],
            [
              8.491667,
              43.066667
            ],
            [
              8.499167,
              42.416667
            ],
            [
              8.123611,
              42.8175
            ],
            [
              8.5475,
              43.506389
            ],
            [
              8.915,
              43.405278
            ]
          ]
        ]
      },
      "properties": {
        "name": "BASTIA KB-W",
        "owner": "MM",
        "owners": [
          "BKB",
          "MME",
          "RAE",
          "MM"
        ],
        "min": 0,
        "cur": 0,
        "max": 14,
        "color_hex": "#909967",
        "stroke": "#909967",
        "stroke-width": 1,
        "stroke-opacity": 0.7,
        "fill": "#909967",
        "fill-opacity": 0.3
      }
    },
    {
      "type": "Feature",
      "geometry": {
        "type": "Polygon",
        "coordinates": [
          [
            [
              9.75,
              42.334167
            ],
            [
              9.633611,
              42.448056
            ],
            [
              9.644167,
              42.456944
            ],
            [
              9.653611,
              42.466389
            ],
            [
              9.661944,
              42.476389
            ],
            [
              9.669167,
              42.486944
            ],
            [
              9.675278,
              42.497778
            ],
            [
              9.680278,
              42.508889
            ],
            [
              9.684167,
              42.520278
            ],
            [
              9.686667,
              42.531944
            ],
            [
              9.688056,
              42.543611
            ],
            [
              9.688056,
              42.555556
            ],
            [
              9.686667,
              42.567222
            ],
            [
              9.684444,
              42.578889
            ],
            [
              9.680556,
              42.590278
            ],
            [
              9.675833,
              42.601389
            ],
            [
              9.669722,
              42.612222
            ],
            [
              9.6625,
              42.622778
            ],
            [
              9.654167,
              42.632778
            ],
            [
              9.644722,
              42.6425
            ],
            [
              9.634444,
              42.651389
            ],
            [
              9.623333,
              42.659722
            ],
            [
              9.611111,
              42.6675
            ],
            [
              9.75,
              42.953889
            ],
            [
              9.75,
              42.334167
            ]
          ]
        ]
      },
      "properties": {
        "name": "BASTIA KB-E",
        "owner": "MM",
        "owners": [
          "BKB",
          "MME",
          "RAE",
          "MM"
        ],
        "min": 0,
        "cur": 0,
        "max": 14,
        "color_hex": "#909967",
        "stroke": "#909967",
        "stroke-width": 1,
        "stroke-opacity": 0.7,
        "fill": "#909967",
        "fill-opacity": 0.3
      }
    },
    {
      "type": "Feature",
      "geometry": {
        "type": "Polygon",
        "coordinates": [
          [
            [
              7.931667,
              41.667222
            ],
            [
              8.0,
              41.0
            ],
            [
              8.516667,
              41.666667
            ],
            [
              8.516667,
              42.0
            ],
            [
              8.5,
              42.358056
            ],
            [
              8.499167,
              42.416667
            ],
            [
              8.123611,
              42.8175
            ],
            [
              7.958889,
              42.750556
            ],
            [
              7.9225,
              42.735556
            ],
            [
              7.699167,
              42.643611
            ],
            [
              7.860556,
              42.314444
            ],
            [
              7.931667,
              41.667222
            ]
          ]
        ]
      },
      "properties": {
        "name": "AJACCIO KJ-W",
        "owner": "MM",
        "owners": [
          "KJ",
          "MME",
          "RAE",
          "MM"
        ],
        "min": 0,
        "cur": 0,
        "max": 34,
        "color_hex": "#909967",
        "stroke": "#909967",
        "stroke-width": 1,
        "stroke-opacity": 0.7,
        "fill": "#909967",
        "fill-opacity": 0.3
      }
    },
    {
      "type": "Feature",
      "geometry": {
        "type": "Polygon",
        "coordinates": [
          [
            [
              9.082778,
              41.3325
            ],
            [
              9.233056,
              41.466667
            ],
            [
              9.333056,
              41.6
            ],
            [
              9.299167,
              41.722778
            ],
            [
              9.208056,
              41.666667
            ],
            [
              8.833056,
              41.433056
            ],
            [
              8.833056,
              41.331944
            ],
            [
              8.331944,
              41.330833
            ],
            [
              8.0,
              41.0
            ],
            [
              8.516667,
              41.666667
            ],
            [
              8.783056,
              41.666667
            ],
            [
              8.783056,
              41.7
            ],
            [
              8.833056,
              41.7
            ],
            [
              8.916667,
              42.0
            ],
            [
              8.516667,
              42.0
            ],
            [
              8.5,
              42.358056
            ],
            [
              8.691667,
              42.266667
            ],
            [
              8.991667,
              42.2325
            ],
            [
              9.2075,
              41.999167
            ],
            [
              9.405278,
              41.929167
            ],
            [
              9.75,
              41.929167
            ],
            [
              9.75,
              41.790556
            ],
            [
              9.75,
              41.673333
            ],
            [
              9.75,
              41.331944
            ],
            [
              9.498056,
              41.331944
            ],
            [
              9.316667,
              41.333333
            ],
            [
              9.082778,
              41.3325
            ]
          ]
        ]
      },
      "properties": {
        "name": "AJACCIO KJ-E",
        "owner": "MM",
        "owners": [
          "KJ",
          "MME",
          "RAE",
          "MM"
        ],
        "min": 0,
        "cur": 0,
        "max": 34,
        "color_hex": "#909967",
        "stroke": "#909967",
        "stroke-width": 1,
        "stroke-opacity": 0.7,
        "fill": "#909967",
        "fill-opacity": 0.3
      }
    },
    {
      "type": "Feature",
      "geometry": {
        "type": "Polygon",
        "coordinates": [
          [
            [
              0.21,
              47.586944
            ],
            [
              0.643333,
              47.553333
            ],
            [
              0.628333,
              47.541389
            ],
            [
              0.616111,
              47.528056
            ],
            [
              0.607222,
              47.513333
            ],
            [
              0.605833,
              47.509167
            ],
            [
              0.565278,
              47.408056
            ],
            [
              0.561389,
              47.396944
            ],
            [
              0.559444,
              47.381389
            ],
            [
              0.561389,
              47.365833
            ],
            [
              0.566667,
              47.350556
            ],
            [
              0.575556,
              47.336111
            ],
            [
              0.587778,
              47.322778
            ],
            [
              0.602778,
              47.310833
            ],
            [
              0.620278,
              47.300556
            ],
            [
              0.64,
              47.2925
            ],
            [
              0.652222,
              47.288889
            ],
            [
              0.704167,
              47.299444
            ],
            [
              0.758333,
              47.287778
            ],
            [
              0.774167,
              47.2925
            ],
            [
              0.793889,
              47.300556
            ],
            [
              0.811389,
              47.310833
            ],
            [
              0.826389,
              47.322778
            ],
            [
              0.838611,
              47.336111
            ],
            [
              0.8475,
              47.350556
            ],
            [
              0.849167,
              47.355278
            ],
            [
              0.890278,
              47.456389
            ],
            [
              0.893889,
              47.466944
            ],
            [
              0.895833,
              47.4825
            ],
            [
              0.893889,
              47.498056
            ],
            [
              0.888611,
              47.513333
            ],
            [
              0.879722,
              47.528056
            ],
            [
              1.633611,
              47.550278
            ],
            [
              1.466667,
              47.166389
            ],
            [
              0.697222,
              47.166667
            ],
            [
              0.570556,
              47.166667
            ],
            [
              0.3,
              47.166667
            ],
            [
              0.294167,
              47.212222
            ],
            [
              0.230278,
              47.493056
            ],
            [
              0.21,
              47.586944
            ]
          ]
        ]
      },
      "properties": {
        "name": "SEINE SK-S",
        "owner": "PAR",
        "owners": [
          "SK",
          "SJ",
          "LOT",
          "ORGY",
          "OPKZ",
          "RPAW",
          "PARL",
          "PAR"
        ],
        "min": 0,
        "cur": 0,
        "max": 24,
        "color_hex": "#4067a9",
        "stroke": "#4067a9",
        "stroke-width": 1,
        "stroke-opacity": 0.7,
        "fill": "#4067a9",
        "fill-opacity": 0.3
      }
    },
    {
      "type": "Feature",
      "geometry": {
        "type": "Polygon",
        "coordinates": [
          [
            [
              0.489722,
              48.337778
            ],
            [
              0.517222,
              48.351944
            ],
            [
              0.779444,
              48.486389
            ],
            [
              1.106111,
              48.652778
            ],
            [
              1.17,
              48.662222
            ],
            [
              1.2,
              48.666667
            ],
            [
              1.373889,
              48.687778
            ],
            [
              1.425278,
              48.705556
            ],
            [
              1.576111,
              48.606667
            ],
            [
              1.594722,
              48.595278
            ],
            [
              1.651111,
              48.561389
            ],
            [
              1.676111,
              48.546667
            ],
            [
              1.825,
              48.463056
            ],
            [
              1.885278,
              48.429444
            ],
            [
              1.889722,
              48.3775
            ],
            [
              1.897222,
              48.297222
            ],
            [
              1.793611,
              48.15
            ],
            [
              1.768333,
              48.110278
            ],
            [
              1.750833,
              48.059167
            ],
            [
              1.715278,
              47.953611
            ],
            [
              1.655556,
              47.658611
            ],
            [
              1.633611,
              47.550278
            ],
            [
              0.879722,
              47.528056
            ],
            [
              0.8675,
              47.541389
            ],
            [
              0.8525,
              47.553333
            ],
            [
              0.834722,
              47.563333
            ],
            [
              0.815,
              47.571667
            ],
            [
              0.793611,
              47.577778
            ],
            [
              0.771111,
              47.581389
            ],
            [
              0.748056,
              47.5825
            ],
            [
              0.724722,
              47.581389
            ],
            [
              0.702222,
              47.577778
            ],
            [
              0.680833,
              47.571667
            ],
            [
              0.661111,
              47.563333
            ],
            [
              0.643333,
              47.553333
            ],
            [
              0.21,
              47.586944
            ],
            [
              0.489722,
              48.337778
            ]
          ]
        ]
      },
      "properties": {
        "name": "SEINE SK-N",
        "owner": "PAR",
        "owners": [
          "SK",
          "SJ",
          "LOT",
          "ORGY",
          "OPKZ",
          "RPAW",
          "PARL",
          "PAR"
        ],
        "min": 0,
        "cur": 0,
        "max": 24,
        "color_hex": "#4067a9",
        "stroke": "#4067a9",
        "stroke-width": 1,
        "stroke-opacity": 0.7,
        "fill": "#4067a9",
        "fill-opacity": 0.3
      }
    },
    {
      "type": "Feature",
      "geometry": {
        "type": "Polygon",
        "coordinates": [
          [
            [
              3.053889,
              48.101389
            ],
            [
              3.164722,
              48.0
            ],
            [
              3.249722,
              47.921667
            ],
            [
              3.250833,
              47.920556
            ],
            [
              3.25,
              47.607778
            ],
            [
              3.255278,
              47.6
            ],
            [
              3.295278,
              47.540278
            ],
            [
              2.039722,
              47.540278
            ],
            [
              1.655556,
              47.658611
            ],
            [
              1.715278,
              47.953611
            ],
            [
              1.750833,
              48.059167
            ],
            [
              1.768333,
              48.110278
            ],
            [
              1.793611,
              48.15
            ],
            [
              1.897222,
              48.297222
            ],
            [
              1.889722,
              48.3775
            ],
            [
              1.885278,
              48.429444
            ],
            [
              2.395833,
              48.406389
            ],
            [
              2.489167,
              48.505
            ],
            [
              2.685278,
              48.483333
            ],
            [
              2.847222,
              48.522222
            ],
            [
              2.911667,
              48.647222
            ],
            [
              3.123889,
              48.6275
            ],
            [
              3.2125,
              48.669722
            ],
            [
              3.500833,
              48.809722
            ],
            [
              3.62,
              48.753611
            ],
            [
              3.656667,
              48.736667
            ],
            [
              3.656389,
              48.700556
            ],
            [
              3.781667,
              48.672222
            ],
            [
              3.853056,
              48.639444
            ],
            [
              3.889722,
              48.583056
            ],
            [
              3.915556,
              48.543889
            ],
            [
              3.786111,
              48.411944
            ],
            [
              3.780556,
              48.406111
            ],
            [
              3.440833,
              48.206944
            ],
            [
              3.240556,
              48.089167
            ],
            [
              3.053889,
              48.101389
            ]
          ]
        ]
      },
      "properties": {
        "name": "SEINE SJ",
        "owner": "PAR",
        "owners": [
          "SJ",
          "RPAE",
          "PARL",
          "PAR"
        ],
        "min": 0,
        "cur": 0,
        "max": 24,
        "color_hex": "#4067a9",
        "stroke": "#4067a9",
        "stroke-width": 1,
        "stroke-opacity": 0.7,
        "fill": "#4067a9",
        "fill-opacity": 0.3
      }
    },
    {
      "type": "Feature",
      "geometry": {
        "type": "Polygon",
        "coordinates": [
          [
            [
              3.853056,
              48.639444
            ],
            [
              4.001389,
              48.715278
            ],
            [
              4.019722,
              48.705
            ],
            [
              4.04,
              48.696944
            ],
            [
              4.061944,
              48.690833
            ],
            [
              4.079722,
              48.688056
            ],
            [
              4.23,
              48.668333
            ],
            [
              4.235556,
              48.6675
            ],
            [
              4.259444,
              48.666389
            ],
            [
              4.283056,
              48.6675
            ],
            [
              4.306111,
              48.671111
            ],
            [
              4.328056,
              48.677222
            ],
            [
              4.348333,
              48.685278
            ],
            [
              4.366389,
              48.695556
            ],
            [
              4.381944,
              48.7075
            ],
            [
              4.394444,
              48.720833
            ],
            [
              4.403611,
              48.735278
            ],
            [
              4.409167,
              48.750556
            ],
            [
              4.410833,
              48.766111
            ],
            [
              4.409167,
              48.781667
            ],
            [
              4.403611,
              48.796944
            ],
            [
              4.394444,
              48.811667
            ],
            [
              4.381944,
              48.825
            ],
            [
              4.8,
              48.95
            ],
            [
              5.398611,
              48.504167
            ],
            [
              5.398611,
              48.370556
            ],
            [
              5.336667,
              48.309444
            ],
            [
              5.166667,
              48.166667
            ],
            [
              4.952778,
              47.974167
            ],
            [
              4.755833,
              47.800278
            ],
            [
              4.580556,
              47.642778
            ],
            [
              4.333333,
              47.416667
            ],
            [
              3.333333,
              47.540278
            ],
            [
              3.295278,
              47.540278
            ],
            [
              3.255278,
              47.6
            ],
            [
              3.25,
              47.607778
            ],
            [
              3.250833,
              47.920556
            ],
            [
              3.249722,
              47.921667
            ],
            [
              3.164722,
              48.0
            ],
            [
              3.053889,
              48.101389
            ],
            [
              3.240556,
              48.089167
            ],
            [
              3.440833,
              48.206944
            ],
            [
              3.780556,
              48.406111
            ],
            [
              3.786111,
              48.411944
            ],
            [
              3.915556,
              48.543889
            ],
            [
              3.889722,
              48.583056
            ],
            [
              3.853056,
              48.639444
            ]
          ]
        ]
      },
      "properties": {
        "name": "SEINE SI-S",
        "owner": "PAR",
        "owners": [
          "SI",
          "SJ",
          "RPAE",
          "PARL",
          "PAR"
        ],
        "min": 0,
        "cur": 0,
        "max": 24,
        "color_hex": "#4067a9",
        "stroke": "#4067a9",
        "stroke-width": 1,
        "stroke-opacity": 0.7,
        "fill": "#4067a9",
        "fill-opacity": 0.3
      }
    },
    {
      "type": "Feature",
      "geometry": {
        "type": "Polygon",
        "coordinates": [
          [
            [
              3.628333,
              49.211111
            ],
            [
              3.621389,
              49.2025
            ],
            [
              3.509722,
              49.065833
            ],
            [
              3.483056,
              49.033056
            ],
            [
              3.485278,
              49.008056
            ],
            [
              3.500833,
              48.809722
            ],
            [
              3.62,
              48.753611
            ],
            [
              3.656667,
              48.736667
            ],
            [
              3.656389,
              48.700556
            ],
            [
              3.781667,
              48.672222
            ],
            [
              3.853056,
              48.639444
            ],
            [
              4.001389,
              48.715278
            ],
            [
              3.986111,
              48.727222
            ],
            [
              3.973611,
              48.740556
            ],
            [
              3.964444,
              48.755
            ],
            [
              3.958889,
              48.770278
            ],
            [
              3.956944,
              48.785833
            ],
            [
              3.958889,
              48.801389
            ],
            [
              3.964444,
              48.816667
            ],
            [
              3.973611,
              48.831389
            ],
            [
              3.986111,
              48.844722
            ],
            [
              4.001389,
              48.856667
            ],
            [
              4.019722,
              48.866667
            ],
            [
              4.04,
              48.875
            ],
            [
              4.061944,
              48.881111
            ],
            [
              4.085,
              48.884722
            ],
            [
              4.108889,
              48.885833
            ],
            [
              4.1325,
              48.884722
            ],
            [
              4.138333,
              48.884167
            ],
            [
              4.289167,
              48.864444
            ],
            [
              4.306111,
              48.861389
            ],
            [
              4.328056,
              48.855278
            ],
            [
              4.348333,
              48.846944
            ],
            [
              4.366389,
              48.836944
            ],
            [
              4.381944,
              48.825
            ],
            [
              4.8,
              48.95
            ],
            [
              4.291111,
              49.320278
            ],
            [
              4.05,
              49.266667
            ],
            [
              3.860833,
              49.241944
            ],
            [
              3.628333,
              49.211111
            ]
          ]
        ]
      },
      "properties": {
        "name": "SEINE SI-N",
        "owner": "PAR",
        "owners": [
          "SI",
          "SJ",
          "RPAE",
          "PARL",
          "PAR"
        ],
        "min": 0,
        "cur": 0,
        "max": 24,
        "color_hex": "#4067a9",
        "stroke": "#4067a9",
        "stroke-width": 1,
        "stroke-opacity": 0.7,
        "fill": "#4067a9",
        "fill-opacity": 0.3
      }
    },
    {
      "type": "Feature",
      "geometry": {
        "type": "Polygon",
        "coordinates": [
          [
            [
              1.873333,
              50.491667
            ],
            [
              2.356389,
              50.595556
            ],
            [
              2.614444,
              50.468056
            ],
            [
              2.728333,
              50.561111
            ],
            [
              2.668333,
              50.485556
            ],
            [
              2.589722,
              50.386667
            ],
            [
              2.560556,
              50.350278
            ],
            [
              2.525,
              50.305556
            ],
            [
              2.359722,
              50.097222
            ],
            [
              2.344722,
              50.077778
            ],
            [
              2.283889,
              50.0
            ],
            [
              1.388056,
              50.0
            ],
            [
              1.018889,
              50.274722
            ],
            [
              0.821389,
              50.421389
            ],
            [
              1.454722,
              50.662222
            ],
            [
              1.569444,
              50.679167
            ],
            [
              1.3725,
              50.549722
            ],
            [
              1.554444,
              50.437778
            ],
            [
              1.560278,
              50.437778
            ],
            [
              1.564167,
              50.440556
            ],
            [
              1.568889,
              50.443056
            ],
            [
              1.573889,
              50.445278
            ],
            [
              1.579722,
              50.446667
            ],
            [
              1.585556,
              50.4475
            ],
            [
              1.591944,
              50.447778
            ],
            [
              1.598056,
              50.4475
            ],
            [
              1.603889,
              50.446667
            ],
            [
              1.609722,
              50.445278
            ],
            [
              1.614722,
              50.443056
            ],
            [
              1.619444,
              50.440556
            ],
            [
              1.623611,
              50.4375
            ],
            [
              1.626667,
              50.434167
            ],
            [
              1.629167,
              50.430556
            ],
            [
              1.630556,
              50.426944
            ],
            [
              1.631111,
              50.422778
            ],
            [
              1.631111,
              50.42
            ],
            [
              1.700556,
              50.377778
            ],
            [
              1.873333,
              50.491667
            ]
          ]
        ]
      },
      "properties": {
        "name": "LILLE QW-S",
        "owner": "PAR",
        "owners": [
          "QW",
          "QE",
          "TB",
          "TNTB",
          "AENB",
          "RPAW",
          "PARL",
          "PAR"
        ],
        "min": 0,
        "cur": 0,
        "max": 19,
        "color_hex": "#4067a9",
        "stroke": "#4067a9",
        "stroke-width": 1,
        "stroke-opacity": 0.7,
        "fill": "#4067a9",
        "fill-opacity": 0.3
      }
    },
    {
      "type": "Feature",
      "geometry": {
        "type": "Polygon",
        "coordinates": [
          [
            [
              1.465,
              50.905278
            ],
            [
              1.466667,
              51.0
            ],
            [
              1.732222,
              51.058056
            ],
            [
              1.7625,
              51.065
            ],
            [
              1.825,
              51.079167
            ],
            [
              2.0,
              51.116667
            ],
            [
              2.243611,
              51.100556
            ],
            [
              2.327778,
              51.03
            ],
            [
              2.572778,
              51.015556
            ],
            [
              2.633333,
              50.816667
            ],
            [
              2.716667,
              50.8
            ],
            [
              2.816667,
              50.725
            ],
            [
              2.9,
              50.7
            ],
            [
              2.8925,
              50.693889
            ],
            [
              2.848611,
              50.658333
            ],
            [
              2.583056,
              50.789444
            ],
            [
              2.356389,
              50.595556
            ],
            [
              1.873333,
              50.491667
            ],
            [
              1.569444,
              50.679167
            ],
            [
              1.454722,
              50.662222
            ],
            [
              1.465,
              50.905278
            ]
          ]
        ]
      },
      "properties": {
        "name": "LILLE QW-N",
        "owner": "PAR",
        "owners": [
          "QW",
          "QE",
          "TB",
          "TNTB",
          "AENB",
          "RPAW",
          "PARL",
          "PAR"
        ],
        "min": 0,
        "cur": 0,
        "max": 19,
        "color_hex": "#4067a9",
        "stroke": "#4067a9",
        "stroke-width": 1,
        "stroke-opacity": 0.7,
        "fill": "#4067a9",
        "fill-opacity": 0.3
      }
    },
    {
      "type": "Feature",
      "geometry": {
        "type": "Polygon",
        "coordinates": [
          [
            [
              0.591667,
              49.144722
            ],
            [
              1.096389,
              49.252222
            ],
            [
              1.219167,
              49.282778
            ],
            [
              1.382778,
              49.351667
            ],
            [
              1.468056,
              49.2525
            ],
            [
              1.488611,
              49.138611
            ],
            [
              1.495278,
              49.101111
            ],
            [
              1.436111,
              48.958611
            ],
            [
              1.419167,
              48.917222
            ],
            [
              1.423611,
              48.765278
            ],
            [
              1.425278,
              48.705556
            ],
            [
              1.373889,
              48.687778
            ],
            [
              1.2,
              48.666667
            ],
            [
              1.17,
              48.662222
            ],
            [
              1.106111,
              48.652778
            ],
            [
              0.779444,
              48.486389
            ],
            [
              0.720556,
              48.639444
            ],
            [
              0.591667,
              49.144722
            ]
          ]
        ]
      },
      "properties": {
        "name": "LILLE QR-S",
        "owner": "PAR",
        "owners": [
          "QR",
          "QE",
          "TP",
          "HPKZ",
          "OPKZ",
          "RPAW",
          "PARL",
          "PAR"
        ],
        "min": 0,
        "cur": 0,
        "max": 19,
        "color_hex": "#4067a9",
        "stroke": "#4067a9",
        "stroke-width": 1,
        "stroke-opacity": 0.7,
        "fill": "#4067a9",
        "fill-opacity": 0.3
      }
    },
    {
      "type": "Feature",
      "geometry": {
        "type": "Polygon",
        "coordinates": [
          [
            [
              1.590556,
              49.738611
            ],
            [
              1.576667,
              49.725556
            ],
            [
              1.527222,
              49.679167
            ],
            [
              1.519167,
              49.595556
            ],
            [
              1.550833,
              49.560556
            ],
            [
              1.641389,
              49.502778
            ],
            [
              1.612778,
              49.380278
            ],
            [
              1.573056,
              49.304444
            ],
            [
              1.468056,
              49.2525
            ],
            [
              1.382778,
              49.351667
            ],
            [
              1.375278,
              49.393333
            ],
            [
              1.368889,
              49.428333
            ],
            [
              1.368333,
              49.431944
            ],
            [
              1.3625,
              49.447222
            ],
            [
              1.353333,
              49.461944
            ],
            [
              1.340833,
              49.475278
            ],
            [
              1.325278,
              49.487222
            ],
            [
              1.306944,
              49.497222
            ],
            [
              1.286389,
              49.505556
            ],
            [
              1.263889,
              49.511667
            ],
            [
              1.240556,
              49.515278
            ],
            [
              1.216667,
              49.516389
            ],
            [
              1.1925,
              49.515278
            ],
            [
              1.169167,
              49.511667
            ],
            [
              1.146667,
              49.505556
            ],
            [
              1.126111,
              49.497222
            ],
            [
              1.114167,
              49.490833
            ],
            [
              1.007222,
              49.42
            ],
            [
              0.993889,
              49.409722
            ],
            [
              0.981111,
              49.396389
            ],
            [
              0.971944,
              49.381667
            ],
            [
              0.966389,
              49.366389
            ],
            [
              0.964444,
              49.350833
            ],
            [
              0.966389,
              49.335278
            ],
            [
              0.971944,
              49.32
            ],
            [
              0.981111,
              49.305556
            ],
            [
              0.993889,
              49.292222
            ],
            [
              1.009444,
              49.280278
            ],
            [
              1.027778,
              49.27
            ],
            [
              1.048333,
              49.261944
            ],
            [
              1.070556,
              49.255833
            ],
            [
              1.093889,
              49.252222
            ],
            [
              1.096389,
              49.252222
            ],
            [
              0.591667,
              49.144722
            ],
            [
              0.609444,
              49.185556
            ],
            [
              0.666389,
              49.278056
            ],
            [
              0.616667,
              49.833333
            ],
            [
              1.218333,
              49.769722
            ],
            [
              1.4,
              49.75
            ],
            [
              1.536111,
              49.751667
            ],
            [
              1.590556,
              49.738611
            ]
          ]
        ]
      },
      "properties": {
        "name": "LILLE QR-N",
        "owner": "PAR",
        "owners": [
          "QR",
          "QE",
          "TP",
          "HPKZ",
          "OPKZ",
          "RPAW",
          "PARL",
          "PAR"
        ],
        "min": 0,
        "cur": 0,
        "max": 19,
        "color_hex": "#4067a9",
        "stroke": "#4067a9",
        "stroke-width": 1,
        "stroke-opacity": 0.7,
        "fill": "#4067a9",
        "fill-opacity": 0.3
      }
    },
    {
      "type": "Feature",
      "geometry": {
        "type": "Polygon",
        "coordinates": [
          [
            [
              3.27,
              50.609722
            ],
            [
              3.251667,
              50.633611
            ],
            [
              3.25,
              50.634722
            ],
            [
              3.248333,
              50.635833
            ],
            [
              3.246389,
              50.636944
            ],
            [
              3.244722,
              50.638333
            ],
            [
              3.242778,
              50.639444
            ],
            [
              3.240833,
              50.640556
            ],
            [
              3.238889,
              50.641389
            ],
            [
              3.236944,
              50.6425
            ],
            [
              3.235,
              50.643611
            ],
            [
              3.233056,
              50.644722
            ],
            [
              3.231111,
              50.645556
            ],
            [
              3.228889,
              50.646667
            ],
            [
              3.226944,
              50.6475
            ],
            [
              3.224722,
              50.648333
            ],
            [
              3.222778,
              50.649444
            ],
            [
              3.220556,
              50.650278
            ],
            [
              3.218333,
              50.651111
            ],
            [
              3.216111,
              50.651944
            ],
            [
              3.213889,
              50.652778
            ],
            [
              3.211667,
              50.653611
            ],
            [
              3.209444,
              50.654167
            ],
            [
              3.206944,
              50.655
            ],
            [
              3.204722,
              50.655556
            ],
            [
              3.2025,
              50.656389
            ],
            [
              3.2,
              50.656944
            ],
            [
              3.197778,
              50.6575
            ],
            [
              3.195278,
              50.658333
            ],
            [
              3.192778,
              50.658889
            ],
            [
              3.190556,
              50.659444
            ],
            [
              3.188056,
              50.659722
            ],
            [
              3.185556,
              50.660278
            ],
            [
              3.183056,
              50.660833
            ],
            [
              3.180556,
              50.661111
            ],
            [
              3.178333,
              50.661667
            ],
            [
              3.175833,
              50.661944
            ],
            [
              3.173333,
              50.6625
            ],
            [
              3.170556,
              50.662778
            ],
            [
              3.168056,
              50.663056
            ],
            [
              3.165556,
              50.663333
            ],
            [
              3.163056,
              50.663611
            ],
            [
              3.160556,
              50.663611
            ],
            [
              3.158056,
              50.663889
            ],
            [
              3.155556,
              50.664167
            ],
            [
              3.152778,
              50.664167
            ],
            [
              3.150278,
              50.664167
            ],
            [
              3.148056,
              50.664444
            ],
            [
              3.111944,
              50.658056
            ],
            [
              3.058889,
              50.650556
            ],
            [
              2.970833,
              50.644722
            ],
            [
              2.896111,
              50.607778
            ],
            [
              2.843056,
              50.56
            ],
            [
              2.8425,
              50.5575
            ],
            [
              2.842222,
              50.556111
            ],
            [
              2.841944,
              50.554444
            ],
            [
              2.841944,
              50.552778
            ],
            [
              2.841944,
              50.551111
            ],
            [
              2.841944,
              50.549444
            ],
            [
              2.841944,
              50.547778
            ],
            [
              2.841944,
              50.546111
            ],
            [
              2.841944,
              50.544722
            ],
            [
              2.842222,
              50.543056
            ],
            [
              2.8425,
              50.541389
            ],
            [
              2.842778,
              50.539722
            ],
            [
              2.843056,
              50.538056
            ],
            [
              2.843333,
              50.536389
            ],
            [
              2.843611,
              50.535
            ],
            [
              2.844167,
              50.533333
            ],
            [
              2.844722,
              50.531667
            ],
            [
              2.845,
              50.53
            ],
            [
              2.845556,
              50.528611
            ],
            [
              2.846389,
              50.526944
            ],
            [
              2.846944,
              50.525278
            ],
            [
              2.8475,
              50.523889
            ],
            [
              2.848333,
              50.522222
            ],
            [
              2.849167,
              50.520833
            ],
            [
              2.85,
              50.519167
            ],
            [
              2.850833,
              50.5175
            ],
            [
              2.851667,
              50.516111
            ],
            [
              2.8525,
              50.514722
            ],
            [
              2.853611,
              50.513056
            ],
            [
              2.854722,
              50.511667
            ],
            [
              2.855833,
              50.51
            ],
            [
              2.856667,
              50.508611
            ],
            [
              2.858056,
              50.507222
            ],
            [
              2.859167,
              50.505833
            ],
            [
              2.860278,
              50.504444
            ],
            [
              2.861667,
              50.503056
            ],
            [
              2.863056,
              50.501667
            ],
            [
              2.864167,
              50.500278
            ],
            [
              2.865556,
              50.498889
            ],
            [
              2.866944,
              50.4975
            ],
            [
              2.868611,
              50.496111
            ],
            [
              2.87,
              50.494722
            ],
            [
              2.871389,
              50.493333
            ],
            [
              2.873056,
              50.492222
            ],
            [
              2.874722,
              50.490833
            ],
            [
              2.876389,
              50.489722
            ],
            [
              2.878056,
              50.488333
            ],
            [
              2.879722,
              50.487222
            ],
            [
              2.881389,
              50.486111
            ],
            [
              2.883056,
              50.484722
            ],
            [
              2.885,
              50.483611
            ],
            [
              2.886667,
              50.4825
            ],
            [
              2.888611,
              50.481389
            ],
            [
              2.890556,
              50.480278
            ],
            [
              2.8925,
              50.479167
            ],
            [
              2.894444,
              50.478056
            ],
            [
              2.896389,
              50.477222
            ],
            [
              2.898333,
              50.476111
            ],
            [
              2.900278,
              50.475278
            ],
            [
              2.9025,
              50.474167
            ],
            [
              2.904444,
              50.473333
            ],
            [
              2.906667,
              50.472222
            ],
            [
              2.908611,
              50.471389
            ],
            [
              2.910833,
              50.470556
            ],
            [
              2.913056,
              50.469722
            ],
            [
              2.915278,
              50.468889
            ],
            [
              2.9175,
              50.468056
            ],
            [
              2.919722,
              50.467222
            ],
            [
              2.921944,
              50.466667
            ],
            [
              2.924444,
              50.465833
            ],
            [
              2.926667,
              50.465
            ],
            [
              2.928889,
              50.464444
            ],
            [
              2.931389,
              50.463889
            ],
            [
              2.933611,
              50.463056
            ],
            [
              2.936111,
              50.4625
            ],
            [
              2.938333,
              50.461944
            ],
            [
              2.940833,
              50.461389
            ],
            [
              2.943333,
              50.460833
            ],
            [
              2.945556,
              50.460556
            ],
            [
              2.948056,
              50.46
            ],
            [
              2.950556,
              50.459722
            ],
            [
              2.953056,
              50.459167
            ],
            [
              2.955556,
              50.458889
            ],
            [
              2.958056,
              50.458333
            ],
            [
              2.960556,
              50.458056
            ],
            [
              2.963056,
              50.457778
            ],
            [
              2.965556,
              50.4575
            ],
            [
              2.968056,
              50.457222
            ],
            [
              2.970556,
              50.457222
            ],
            [
              2.973056,
              50.456944
            ],
            [
              2.975833,
              50.456667
            ],
            [
              2.978333,
              50.456667
            ],
            [
              2.980833,
              50.456667
            ],
            [
              2.983333,
              50.456389
            ],
            [
              2.985833,
              50.456389
            ],
            [
              2.988611,
              50.456389
            ],
            [
              2.991111,
              50.456389
            ],
            [
              2.993611,
              50.456389
            ],
            [
              2.996111,
              50.456667
            ],
            [
              2.998611,
              50.456667
            ],
            [
              3.001111,
              50.456667
            ],
            [
              3.003889,
              50.456944
            ],
            [
              3.006389,
              50.457222
            ],
            [
              3.008889,
              50.457222
            ],
            [
              3.011389,
              50.4575
            ],
            [
              3.013889,
              50.457778
            ],
            [
              3.016389,
              50.458056
            ],
            [
              3.020278,
              50.458611
            ],
            [
              3.174167,
              50.480278
            ],
            [
              3.175556,
              50.480556
            ],
            [
              3.178056,
              50.480833
            ],
            [
              3.180556,
              50.481389
            ],
            [
              3.183056,
              50.481667
            ],
            [
              3.185556,
              50.482222
            ],
            [
              3.187778,
              50.4825
            ],
            [
              3.190278,
              50.483056
            ],
            [
              3.192778,
              50.483611
            ],
            [
              3.195,
              50.484167
            ],
            [
              3.1975,
              50.484722
            ],
            [
              3.199722,
              50.485556
            ],
            [
              3.202222,
              50.486111
            ],
            [
              3.204444,
              50.486667
            ],
            [
              3.206944,
              50.4875
            ],
            [
              3.209167,
              50.488333
            ],
            [
              3.211389,
              50.488889
            ],
            [
              3.213611,
              50.489722
            ],
            [
              3.215833,
              50.490556
            ],
            [
              3.218056,
              50.491389
            ],
            [
              3.220278,
              50.492222
            ],
            [
              3.2225,
              50.493056
            ],
            [
              3.224444,
              50.493889
            ],
            [
              3.226667,
              50.495
            ],
            [
              3.228611,
              50.495833
            ],
            [
              3.230833,
              50.496944
            ],
            [
              3.232778,
              50.497778
            ],
            [
              3.234722,
              50.498889
            ],
            [
              3.236667,
              50.499722
            ],
            [
              3.238611,
              50.500833
            ],
            [
              3.240556,
              50.501944
            ],
            [
              3.2425,
              50.503056
            ],
            [
              3.244444,
              50.504167
            ],
            [
              3.246111,
              50.505278
            ],
            [
              3.248056,
              50.506389
            ],
            [
              3.249722,
              50.507778
            ],
            [
              3.251389,
              50.508889
            ],
            [
              3.253333,
              50.51
            ],
            [
              3.255,
              50.511389
            ],
            [
              3.256389,
              50.5125
            ],
            [
              3.258056,
              50.513889
            ],
            [
              3.259722,
              50.515
            ],
            [
              3.261111,
              50.516389
            ],
            [
              3.262778,
              50.517778
            ],
            [
              3.264167,
              50.519167
            ],
            [
              3.265556,
              50.520556
            ],
            [
              3.266944,
              50.521944
            ],
            [
              3.268333,
              50.523333
            ],
            [
              3.269444,
              50.524722
            ],
            [
              3.270833,
              50.526111
            ],
            [
              3.271944,
              50.5275
            ],
            [
              3.273333,
              50.528889
            ],
            [
              3.274444,
              50.530278
            ],
            [
              3.275556,
              50.531667
            ],
            [
              3.276667,
              50.533333
            ],
            [
              3.2775,
              50.534722
            ],
            [
              3.278611,
              50.536389
            ],
            [
              3.278889,
              50.538333
            ],
            [
              3.284167,
              50.594722
            ],
            [
              3.361667,
              50.515
            ],
            [
              3.376667,
              50.495
            ],
            [
              3.484722,
              50.519444
            ],
            [
              3.511667,
              50.526667
            ],
            [
              3.566944,
              50.500278
            ],
            [
              3.600556,
              50.483889
            ],
            [
              3.633333,
              50.473333
            ],
            [
              3.645556,
              50.451944
            ],
            [
              3.666667,
              50.416667
            ],
            [
              3.666667,
              50.35
            ],
            [
              3.675,
              50.342222
            ],
            [
              3.7875,
              50.339722
            ],
            [
              3.873056,
              50.340556
            ],
            [
              3.926667,
              50.333889
            ],
            [
              3.973056,
              50.328333
            ],
            [
              4.089722,
              50.314722
            ],
            [
              4.118889,
              50.296667
            ],
            [
              4.178056,
              50.224722
            ],
            [
              4.148889,
              50.034444
            ],
            [
              4.145833,
              49.980556
            ],
            [
              3.558333,
              50.0
            ],
            [
              3.043611,
              50.119444
            ],
            [
              2.359722,
              50.097222
            ],
            [
              2.525,
              50.305556
            ],
            [
              2.560556,
              50.350278
            ],
            [
              2.589722,
              50.386667
            ],
            [
              2.668333,
              50.485556
            ],
            [
              2.728333,
              50.561111
            ],
            [
              2.848611,
              50.658333
            ],
            [
              2.8925,
              50.693889
            ],
            [
              2.9,
              50.7
            ],
            [
              3.15,
              50.783333
            ],
            [
              3.225,
              50.678333
            ],
            [
              3.27,
              50.609722
            ]
          ]
        ]
      },
      "properties": {
        "name": "LILLE QE",
        "owner": "PAR",
        "owners": [
          "QE",
          "TB",
          "TNTB",
          "AENB",
          "RPAW",
          "PARL",
          "PAR"
        ],
        "min": 0,
        "cur": 0,
        "max": 19,
        "color_hex": "#4067a9",
        "stroke": "#4067a9",
        "stroke-width": 1,
        "stroke-opacity": 0.7,
        "fill": "#4067a9",
        "fill-opacity": 0.3
      }
    },
    {
      "type": "Feature",
      "geometry": {
        "type": "Polygon",
        "coordinates": [
          [
            [
              0.616667,
              49.833333
            ],
            [
              0.096111,
              50.137778
            ],
            [
              0.769722,
              50.401389
            ],
            [
              0.821389,
              50.421389
            ],
            [
              1.018889,
              50.274722
            ],
            [
              1.388056,
              50.0
            ],
            [
              2.283889,
              50.0
            ],
            [
              2.238889,
              49.941944
            ],
            [
              2.158056,
              49.837778
            ],
            [
              2.065,
              49.716667
            ],
            [
              1.974722,
              49.716667
            ],
            [
              1.778611,
              49.716667
            ],
            [
              1.716667,
              49.723889
            ],
            [
              1.590556,
              49.738611
            ],
            [
              1.536111,
              49.751667
            ],
            [
              1.4,
              49.75
            ],
            [
              1.218333,
              49.769722
            ],
            [
              0.616667,
              49.833333
            ]
          ]
        ]
      },
      "properties": {
        "name": "LILLE QD",
        "owner": "PAR",
        "owners": [
          "QD",
          "QE",
          "TB",
          "HPKZ",
          "OPKZ",
          "RPAW",
          "PARL",
          "PAR"
        ],
        "min": 0,
        "cur": 0,
        "max": 114,
        "color_hex": "#4067a9",
        "stroke": "#4067a9",
        "stroke-width": 1,
        "stroke-opacity": 0.7,
        "fill": "#4067a9",
        "fill-opacity": 0.3
      }
    },
    {
      "type": "Feature",
      "geometry": {
        "type": "Polygon",
        "coordinates": [
          [
            [
              2.359722,
              50.097222
            ],
            [
              2.547222,
              50.026944
            ],
            [
              2.545833,
              50.025833
            ],
            [
              2.5325,
              50.016111
            ],
            [
              2.521944,
              50.004722
            ],
            [
              2.514167,
              49.992778
            ],
            [
              2.509444,
              49.98
            ],
            [
              2.507778,
              49.966944
            ],
            [
              2.509444,
              49.953889
            ],
            [
              2.514167,
              49.941389
            ],
            [
              2.521944,
              49.929167
            ],
            [
              2.5325,
              49.918056
            ],
            [
              2.545833,
              49.908056
            ],
            [
              2.561389,
              49.899722
            ],
            [
              2.578611,
              49.892778
            ],
            [
              2.597222,
              49.887778
            ],
            [
              2.617222,
              49.884722
            ],
            [
              2.6375,
              49.883889
            ],
            [
              2.647778,
              49.884167
            ],
            [
              2.739722,
              49.888889
            ],
            [
              2.749722,
              49.889444
            ],
            [
              2.769722,
              49.8925
            ],
            [
              2.788333,
              49.8975
            ],
            [
              2.805556,
              49.904444
            ],
            [
              2.821111,
              49.912778
            ],
            [
              2.834444,
              49.922778
            ],
            [
              2.845,
              49.933889
            ],
            [
              2.852778,
              49.946111
            ],
            [
              2.8575,
              49.958611
            ],
            [
              2.859167,
              49.971667
            ],
            [
              2.8575,
              49.984722
            ],
            [
              2.852778,
              49.9975
            ],
            [
              2.845,
              50.009444
            ],
            [
              2.834444,
              50.020833
            ],
            [
              2.821111,
              50.030556
            ],
            [
              3.043611,
              50.119444
            ],
            [
              3.558333,
              50.0
            ],
            [
              3.437222,
              49.818889
            ],
            [
              3.413611,
              49.783333
            ],
            [
              3.351389,
              49.688889
            ],
            [
              3.236389,
              49.666667
            ],
            [
              3.105556,
              49.611667
            ],
            [
              2.976389,
              49.6025
            ],
            [
              2.782778,
              49.674167
            ],
            [
              2.668611,
              49.716667
            ],
            [
              2.501944,
              49.716667
            ],
            [
              2.375,
              49.716667
            ],
            [
              2.065,
              49.716667
            ],
            [
              2.158056,
              49.837778
            ],
            [
              2.238889,
              49.941944
            ],
            [
              2.283889,
              50.0
            ],
            [
              2.344722,
              50.077778
            ],
            [
              2.359722,
              50.097222
            ]
          ]
        ]
      },
      "properties": {
        "name": "LILLE QA-S",
        "owner": "PAR",
        "owners": [
          "QA",
          "QE",
          "TB",
          "TNTB",
          "AENB",
          "RPAW",
          "PARL",
          "PAR"
        ],
        "min": 0,
        "cur": 0,
        "max": 19,
        "color_hex": "#4067a9",
        "stroke": "#4067a9",
        "stroke-width": 1,
        "stroke-opacity": 0.7,
        "fill": "#4067a9",
        "fill-opacity": 0.3
      }
    },
    {
      "type": "Feature",
      "geometry": {
        "type": "Polygon",
        "coordinates": [
          [
            [
              3.043611,
              50.119444
            ],
            [
              2.821111,
              50.030556
            ],
            [
              2.805556,
              50.039167
            ],
            [
              2.788333,
              50.046111
            ],
            [
              2.769722,
              50.051111
            ],
            [
              2.749722,
              50.054167
            ],
            [
              2.729722,
              50.055
            ],
            [
              2.719167,
              50.055
            ],
            [
              2.626667,
              50.05
            ],
            [
              2.617222,
              50.049444
            ],
            [
              2.597222,
              50.046389
            ],
            [
              2.578611,
              50.041389
            ],
            [
              2.574167,
              50.039722
            ],
            [
              2.566111,
              50.03
            ],
            [
              2.547222,
              50.026944
            ],
            [
              2.359722,
              50.097222
            ],
            [
              3.043611,
              50.119444
            ]
          ]
        ]
      },
      "properties": {
        "name": "LILLE QA-N",
        "owner": "PAR",
        "owners": [
          "QA",
          "QE",
          "TB",
          "TNTB",
          "AENB",
          "RPAW",
          "PARL",
          "PAR"
        ],
        "min": 0,
        "cur": 0,
        "max": 19,
        "color_hex": "#4067a9",
        "stroke": "#4067a9",
        "stroke-width": 1,
        "stroke-opacity": 0.7,
        "fill": "#4067a9",
        "fill-opacity": 0.3
      }
    },
    {
      "type": "Feature",
      "geometry": {
        "type": "Polygon",
        "coordinates": [
          [
            [
              1.7525,
              48.973333
            ],
            [
              2.000278,
              48.984722
            ],
            [
              1.998333,
              48.890556
            ],
            [
              1.756944,
              48.953056
            ],
            [
              1.7525,
              48.973333
            ]
          ]
        ]
      },
      "properties": {
        "name": "LE BOURGET LBG-S WL",
        "owner": "PAR",
        "owners": [
          "PT",
          "PGDN",
          "PGN",
          "DODG",
          "DOGS",
          "FPAE",
          "RPAE",
          "PARL",
          "PAR"
        ],
        "min": 0,
        "cur": 0,
        "max": 24,
        "color_hex": "#4067a9",
        "stroke": "#4067a9",
        "stroke-width": 1,
        "stroke-opacity": 0.7,
        "fill": "#4067a9",
        "fill-opacity": 0.3
      }
    },
    {
      "type": "Feature",
      "geometry": {
        "type": "Polygon",
        "coordinates": [
          [
            [
              1.7525,
              48.973333
            ],
            [
              2.000278,
              48.984722
            ],
            [
              1.998333,
              48.890556
            ],
            [
              1.756944,
              48.953056
            ],
            [
              1.7525,
              48.973333
            ]
          ]
        ]
      },
      "properties": {
        "name": "LE BOURGET LBG-S EL",
        "owner": "PAR",
        "owners": [
          "PT",
          "PGN",
          "DODG",
          "DOGS",
          "FPAE",
          "RPAE",
          "PARL",
          "PAR"
        ],
        "min": 0,
        "cur": 0,
        "max": 24,
        "color_hex": "#4067a9",
        "stroke": "#4067a9",
        "stroke-width": 1,
        "stroke-opacity": 0.7,
        "fill": "#4067a9",
        "fill-opacity": 0.3
      }
    },
    {
      "type": "Feature",
      "geometry": {
        "type": "Polygon",
        "coordinates": [
          [
            [
              1.7525,
              48.973333
            ],
            [
              1.742222,
              49.021111
            ],
            [
              1.899167,
              49.389444
            ],
            [
              2.055833,
              49.32
            ],
            [
              2.1725,
              49.268333
            ],
            [
              2.241389,
              49.265556
            ],
            [
              2.477778,
              49.261667
            ],
            [
              2.476667,
              49.259167
            ],
            [
              2.476389,
              49.255
            ],
            [
              2.476667,
              49.251111
            ],
            [
              2.478056,
              49.2475
            ],
            [
              2.480556,
              49.243889
            ],
            [
              2.483611,
              49.240556
            ],
            [
              2.4875,
              49.2375
            ],
            [
              2.492222,
              49.235
            ],
            [
              2.494444,
              49.234167
            ],
            [
              2.465,
              49.203056
            ],
            [
              2.271111,
              49.2075
            ],
            [
              2.314444,
              49.140556
            ],
            [
              2.197222,
              49.121111
            ],
            [
              2.192222,
              49.150556
            ],
            [
              2.183333,
              49.204444
            ],
            [
              2.05,
              49.203611
            ],
            [
              2.018056,
              49.203611
            ],
            [
              2.009722,
              49.202778
            ],
            [
              1.984722,
              49.198889
            ],
            [
              1.960556,
              49.1925
            ],
            [
              1.938611,
              49.183611
            ],
            [
              1.918889,
              49.1725
            ],
            [
              1.901944,
              49.159444
            ],
            [
              1.888333,
              49.145
            ],
            [
              1.878333,
              49.129444
            ],
            [
              1.8725,
              49.112778
            ],
            [
              1.870278,
              49.095833
            ],
            [
              1.8725,
              49.078889
            ],
            [
              1.878333,
              49.0625
            ],
            [
              1.888333,
              49.046667
            ],
            [
              1.901944,
              49.032222
            ],
            [
              1.918889,
              49.019444
            ],
            [
              1.938611,
              49.008333
            ],
            [
              1.960556,
              48.999444
            ],
            [
              1.984722,
              48.993056
            ],
            [
              2.000556,
              48.990278
            ],
            [
              2.000278,
              48.984722
            ],
            [
              1.7525,
              48.973333
            ]
          ]
        ]
      },
      "properties": {
        "name": "LE BOURGET LBG-N WL",
        "owner": "PAR",
        "owners": [
          "PT",
          "PGDN",
          "PGN",
          "DODG",
          "DOGS",
          "FPAE",
          "RPAE",
          "PARL",
          "PAR"
        ],
        "min": 0,
        "cur": 0,
        "max": 14,
        "color_hex": "#4067a9",
        "stroke": "#4067a9",
        "stroke-width": 1,
        "stroke-opacity": 0.7,
        "fill": "#4067a9",
        "fill-opacity": 0.3
      }
    },
    {
      "type": "Feature",
      "geometry": {
        "type": "Polygon",
        "coordinates": [
          [
            [
              1.7525,
              48.973333
            ],
            [
              1.742222,
              49.021111
            ],
            [
              1.899167,
              49.389444
            ],
            [
              2.055833,
              49.32
            ],
            [
              2.1725,
              49.268333
            ],
            [
              2.241389,
              49.265556
            ],
            [
              2.477778,
              49.261667
            ],
            [
              2.476667,
              49.259167
            ],
            [
              2.476389,
              49.255
            ],
            [
              2.476667,
              49.251111
            ],
            [
              2.478056,
              49.2475
            ],
            [
              2.480556,
              49.243889
            ],
            [
              2.483611,
              49.240556
            ],
            [
              2.4875,
              49.2375
            ],
            [
              2.492222,
              49.235
            ],
            [
              2.494444,
              49.234167
            ],
            [
              2.465,
              49.203056
            ],
            [
              2.271111,
              49.2075
            ],
            [
              2.314444,
              49.140556
            ],
            [
              2.197222,
              49.121111
            ],
            [
              2.192222,
              49.150556
            ],
            [
              2.183333,
              49.204444
            ],
            [
              2.05,
              49.203611
            ],
            [
              2.018056,
              49.203611
            ],
            [
              2.009722,
              49.202778
            ],
            [
              1.984722,
              49.198889
            ],
            [
              1.960556,
              49.1925
            ],
            [
              1.938611,
              49.183611
            ],
            [
              1.918889,
              49.1725
            ],
            [
              1.901944,
              49.159444
            ],
            [
              1.888333,
              49.145
            ],
            [
              1.878333,
              49.129444
            ],
            [
              1.8725,
              49.112778
            ],
            [
              1.870278,
              49.095833
            ],
            [
              1.8725,
              49.078889
            ],
            [
              1.878333,
              49.0625
            ],
            [
              1.888333,
              49.046667
            ],
            [
              1.901944,
              49.032222
            ],
            [
              1.918889,
              49.019444
            ],
            [
              1.938611,
              49.008333
            ],
            [
              1.960556,
              48.999444
            ],
            [
              1.984722,
              48.993056
            ],
            [
              2.000556,
              48.990278
            ],
            [
              2.000278,
              48.984722
            ],
            [
              1.7525,
              48.973333
            ]
          ]
        ]
      },
      "properties": {
        "name": "LE BOURGET LBG-N EL",
        "owner": "PAR",
        "owners": [
          "PT",
          "PGN",
          "DODG",
          "DOGS",
          "FPAE",
          "RPAE",
          "PARL",
          "PAR"
        ],
        "min": 0,
        "cur": 0,
        "max": 14,
        "color_hex": "#4067a9",
        "stroke": "#4067a9",
        "stroke-width": 1,
        "stroke-opacity": 0.7,
        "fill": "#4067a9",
        "fill-opacity": 0.3
      }
    },
    {
      "type": "Feature",
      "geometry": {
        "type": "Polygon",
        "coordinates": [
          [
            [
              1.651111,
              48.561389
            ],
            [
              1.676111,
              48.546667
            ],
            [
              1.825,
              48.463056
            ],
            [
              1.885278,
              48.429444
            ],
            [
              2.395833,
              48.406389
            ],
            [
              2.489167,
              48.505
            ],
            [
              2.489167,
              48.556111
            ],
            [
              2.488889,
              48.618889
            ],
            [
              2.370556,
              48.571389
            ],
            [
              2.268056,
              48.570556
            ],
            [
              2.121389,
              48.609167
            ],
            [
              2.012222,
              48.578889
            ],
            [
              1.9,
              48.546944
            ],
            [
              1.859722,
              48.596389
            ],
            [
              1.7625,
              48.714444
            ],
            [
              1.695556,
              48.621667
            ],
            [
              1.651111,
              48.561389
            ]
          ]
        ]
      },
      "properties": {
        "name": "EGA ORLY-SW",
        "owner": "PAR",
        "owners": [
          "PODD",
          "PO",
          "PGDS",
          "PGS",
          "PGDN",
          "PGN",
          "DODG",
          "DOGS",
          "FPAE",
          "RPAE",
          "PARL",
          "PAR"
        ],
        "min": 0,
        "cur": 0,
        "max": 14,
        "color_hex": "#4067a9",
        "stroke": "#4067a9",
        "stroke-width": 1,
        "stroke-opacity": 0.7,
        "fill": "#4067a9",
        "fill-opacity": 0.3
      }
    },
    {
      "type": "Feature",
      "geometry": {
        "type": "Polygon",
        "coordinates": [
          [
            [
              2.611667,
              48.800556
            ],
            [
              2.581389,
              48.790556
            ],
            [
              2.578056,
              48.792222
            ],
            [
              2.576944,
              48.792778
            ],
            [
              2.576111,
              48.793611
            ],
            [
              2.575278,
              48.794167
            ],
            [
              2.574167,
              48.794722
            ],
            [
              2.573333,
              48.795556
            ],
            [
              2.5725,
              48.796389
            ],
            [
              2.571667,
              48.796944
            ],
            [
              2.570833,
              48.797778
            ],
            [
              2.57,
              48.798333
            ],
            [
              2.569444,
              48.799167
            ],
            [
              2.568611,
              48.8
            ],
            [
              2.567778,
              48.800833
            ],
            [
              2.567222,
              48.801667
            ],
            [
              2.566667,
              48.802222
            ],
            [
              2.565833,
              48.803056
            ],
            [
              2.565278,
              48.803889
            ],
            [
              2.564722,
              48.804722
            ],
            [
              2.564167,
              48.805556
            ],
            [
              2.563611,
              48.806389
            ],
            [
              2.563333,
              48.807222
            ],
            [
              2.562778,
              48.808056
            ],
            [
              2.562222,
              48.809167
            ],
            [
              2.561944,
              48.81
            ],
            [
              2.561389,
              48.810833
            ],
            [
              2.561111,
              48.811667
            ],
            [
              2.560833,
              48.8125
            ],
            [
              2.560556,
              48.813333
            ],
            [
              2.560278,
              48.814444
            ],
            [
              2.56,
              48.815278
            ],
            [
              2.559722,
              48.816111
            ],
            [
              2.559722,
              48.816944
            ],
            [
              2.559444,
              48.817778
            ],
            [
              2.559444,
              48.818889
            ],
            [
              2.559444,
              48.819722
            ],
            [
              2.559167,
              48.820556
            ],
            [
              2.559167,
              48.821667
            ],
            [
              2.5575,
              48.852778
            ],
            [
              2.847778,
              48.856389
            ],
            [
              2.948611,
              48.855833
            ],
            [
              2.978056,
              48.855833
            ],
            [
              3.048056,
              48.818611
            ],
            [
              3.138333,
              48.7375
            ],
            [
              3.084167,
              48.699167
            ],
            [
              3.123889,
              48.6275
            ],
            [
              2.911667,
              48.647222
            ],
            [
              2.721944,
              48.681389
            ],
            [
              2.618889,
              48.698611
            ],
            [
              2.611667,
              48.800556
            ]
          ]
        ]
      },
      "properties": {
        "name": "EGA ORLY-SE",
        "owner": "PAR",
        "owners": [
          "PODD",
          "PO",
          "PGDS",
          "PGS",
          "PGDN",
          "PGN",
          "DODG",
          "DOGS",
          "FPAE",
          "RPAE",
          "PARL",
          "PAR"
        ],
        "min": 0,
        "cur": 0,
        "max": 19,
        "color_hex": "#4067a9",
        "stroke": "#4067a9",
        "stroke-width": 1,
        "stroke-opacity": 0.7,
        "fill": "#4067a9",
        "fill-opacity": 0.3
      }
    },
    {
      "type": "Feature",
      "geometry": {
        "type": "Polygon",
        "coordinates": [
          [
            [
              1.988611,
              48.760556
            ],
            [
              2.080556,
              48.761667
            ],
            [
              2.080556,
              48.786667
            ],
            [
              2.100556,
              48.809444
            ],
            [
              2.0975,
              48.8225
            ],
            [
              1.996944,
              48.820278
            ],
            [
              1.968889,
              48.819167
            ],
            [
              1.829444,
              48.790278
            ],
            [
              1.986667,
              48.795556
            ],
            [
              1.988611,
              48.760556
            ]
          ]
        ]
      },
      "properties": {
        "name": "EGA ORLY-NW",
        "owner": "PAR",
        "owners": [
          "PODD",
          "PO",
          "PGDS",
          "PGS",
          "PGDN",
          "PGN",
          "DODG",
          "DOGS",
          "FPAE",
          "RPAE",
          "PARL",
          "PAR"
        ],
        "min": 0,
        "cur": 0,
        "max": 14,
        "color_hex": "#4067a9",
        "stroke": "#4067a9",
        "stroke-width": 1,
        "stroke-opacity": 0.7,
        "fill": "#4067a9",
        "fill-opacity": 0.3
      }
    },
    {
      "type": "Feature",
      "geometry": {
        "type": "Polygon",
        "coordinates": [
          [
            [
              1.436111,
              48.958611
            ],
            [
              1.557222,
              48.964167
            ],
            [
              1.7525,
              48.973333
            ],
            [
              1.756944,
              48.953056
            ],
            [
              1.998333,
              48.890556
            ],
            [
              2.000278,
              48.984722
            ],
            [
              2.181111,
              48.992778
            ],
            [
              2.140556,
              48.960833
            ],
            [
              2.077778,
              48.911111
            ],
            [
              2.091944,
              48.8475
            ],
            [
              2.0975,
              48.8225
            ],
            [
              1.996944,
              48.820278
            ],
            [
              1.968889,
              48.819167
            ],
            [
              1.829444,
              48.790278
            ],
            [
              1.739167,
              48.7875
            ],
            [
              1.731389,
              48.752778
            ],
            [
              1.7425,
              48.732222
            ],
            [
              1.7625,
              48.714444
            ],
            [
              1.695556,
              48.621667
            ],
            [
              1.651111,
              48.561389
            ],
            [
              1.594722,
              48.595278
            ],
            [
              1.576111,
              48.606667
            ],
            [
              1.425278,
              48.705556
            ],
            [
              1.423611,
              48.765278
            ],
            [
              1.419167,
              48.917222
            ],
            [
              1.436111,
              48.958611
            ]
          ]
        ]
      },
      "properties": {
        "name": "EGA CDG-SW",
        "owner": "PAR",
        "owners": [
          "PGDS",
          "PGDN",
          "PGS",
          "PGN",
          "DODG",
          "DOGS",
          "FPAE",
          "RPAE",
          "PARL",
          "PAR"
        ],
        "min": 0,
        "cur": 0,
        "max": 14,
        "color_hex": "#4067a9",
        "stroke": "#4067a9",
        "stroke-width": 1,
        "stroke-opacity": 0.7,
        "fill": "#4067a9",
        "fill-opacity": 0.3
      }
    },
    {
      "type": "Feature",
      "geometry": {
        "type": "Polygon",
        "coordinates": [
          [
            [
              2.565,
              48.916389
            ],
            [
              2.563056,
              48.914722
            ],
            [
              2.561389,
              48.912778
            ],
            [
              2.56,
              48.910833
            ],
            [
              2.558611,
              48.908889
            ],
            [
              2.5575,
              48.906944
            ],
            [
              2.556667,
              48.904722
            ],
            [
              2.555833,
              48.902778
            ],
            [
              2.555556,
              48.900556
            ],
            [
              2.555278,
              48.898333
            ],
            [
              2.555278,
              48.896389
            ],
            [
              2.557222,
              48.858889
            ],
            [
              2.5575,
              48.852778
            ],
            [
              2.847778,
              48.856389
            ],
            [
              2.948611,
              48.855833
            ],
            [
              2.978056,
              48.855833
            ],
            [
              3.048056,
              48.818611
            ],
            [
              3.138333,
              48.7375
            ],
            [
              3.084167,
              48.699167
            ],
            [
              3.123889,
              48.6275
            ],
            [
              3.2125,
              48.669722
            ],
            [
              3.500833,
              48.809722
            ],
            [
              3.485278,
              49.008056
            ],
            [
              3.483056,
              49.033056
            ],
            [
              3.509722,
              49.065833
            ],
            [
              3.471389,
              49.063611
            ],
            [
              3.211111,
              49.048611
            ],
            [
              3.151389,
              49.045278
            ],
            [
              2.984444,
              49.035833
            ],
            [
              2.801944,
              49.025278
            ],
            [
              2.836944,
              48.997222
            ],
            [
              2.841389,
              48.993889
            ],
            [
              2.839444,
              48.974722
            ],
            [
              2.838333,
              48.96
            ],
            [
              2.836389,
              48.96
            ],
            [
              2.834722,
              48.96
            ],
            [
              2.833056,
              48.96
            ],
            [
              2.831389,
              48.96
            ],
            [
              2.829722,
              48.96
            ],
            [
              2.828056,
              48.96
            ],
            [
              2.826111,
              48.959722
            ],
            [
              2.824444,
              48.959444
            ],
            [
              2.822778,
              48.959444
            ],
            [
              2.821111,
              48.959167
            ],
            [
              2.819444,
              48.958889
            ],
            [
              2.817778,
              48.958333
            ],
            [
              2.816389,
              48.958056
            ],
            [
              2.814722,
              48.957778
            ],
            [
              2.813056,
              48.957222
            ],
            [
              2.811667,
              48.956667
            ],
            [
              2.81,
              48.956111
            ],
            [
              2.808611,
              48.955556
            ],
            [
              2.806944,
              48.955
            ],
            [
              2.805556,
              48.954444
            ],
            [
              2.804167,
              48.953889
            ],
            [
              2.802778,
              48.953056
            ],
            [
              2.801389,
              48.9525
            ],
            [
              2.800278,
              48.951667
            ],
            [
              2.798889,
              48.951111
            ],
            [
              2.797778,
              48.950278
            ],
            [
              2.796389,
              48.949444
            ],
            [
              2.795278,
              48.948611
            ],
            [
              2.794167,
              48.947778
            ],
            [
              2.793333,
              48.946667
            ],
            [
              2.792222,
              48.945833
            ],
            [
              2.791389,
              48.945
            ],
            [
              2.790278,
              48.943889
            ],
            [
              2.789444,
              48.943056
            ],
            [
              2.788611,
              48.941944
            ],
            [
              2.788056,
              48.941111
            ],
            [
              2.787222,
              48.94
            ],
            [
              2.786667,
              48.938889
            ],
            [
              2.786111,
              48.938056
            ],
            [
              2.646667,
              48.916667
            ],
            [
              2.644722,
              48.918333
            ],
            [
              2.6425,
              48.919722
            ],
            [
              2.64,
              48.921389
            ],
            [
              2.6375,
              48.922778
            ],
            [
              2.635,
              48.923889
            ],
            [
              2.632222,
              48.925278
            ],
            [
              2.629444,
              48.926111
            ],
            [
              2.626389,
              48.927222
            ],
            [
              2.623333,
              48.928056
            ],
            [
              2.620278,
              48.928611
            ],
            [
              2.617222,
              48.929167
            ],
            [
              2.613889,
              48.929444
            ],
            [
              2.610556,
              48.929722
            ],
            [
              2.6075,
              48.93
            ],
            [
              2.604167,
              48.93
            ],
            [
              2.600833,
              48.929722
            ],
            [
              2.5975,
              48.929444
            ],
            [
              2.594444,
              48.929167
            ],
            [
              2.591389,
              48.928611
            ],
            [
              2.588056,
              48.927778
            ],
            [
              2.585,
              48.926944
            ],
            [
              2.582222,
              48.926111
            ],
            [
              2.579444,
              48.925
            ],
            [
              2.576667,
              48.923889
            ],
            [
              2.573889,
              48.9225
            ],
            [
              2.571389,
              48.921111
            ],
            [
              2.569167,
              48.919722
            ],
            [
              2.566944,
              48.918056
            ],
            [
              2.565,
              48.916389
            ]
          ]
        ]
      },
      "properties": {
        "name": "EGA CDG-SE",
        "owner": "PAR",
        "owners": [
          "PGDS",
          "PGDN",
          "PGS",
          "PGN",
          "DODG",
          "DOGS",
          "FPAE",
          "RPAE",
          "PARL",
          "PAR"
        ],
        "min": 0,
        "cur": 0,
        "max": 19,
        "color_hex": "#4067a9",
        "stroke": "#4067a9",
        "stroke-width": 1,
        "stroke-opacity": 0.7,
        "fill": "#4067a9",
        "fill-opacity": 0.3
      }
    },
    {
      "type": "Feature",
      "geometry": {
        "type": "Polygon",
        "coordinates": [
          [
            [
              1.573056,
              49.304444
            ],
            [
              1.468056,
              49.2525
            ],
            [
              1.488611,
              49.138611
            ],
            [
              1.495278,
              49.101111
            ],
            [
              1.436111,
              48.958611
            ],
            [
              1.557222,
              48.964167
            ],
            [
              1.7525,
              48.973333
            ],
            [
              1.742222,
              49.021111
            ],
            [
              1.899167,
              49.389444
            ],
            [
              1.8525,
              49.41
            ],
            [
              1.723056,
              49.375278
            ],
            [
              1.612778,
              49.380278
            ],
            [
              1.573056,
              49.304444
            ]
          ]
        ]
      },
      "properties": {
        "name": "EGA CDG-NW",
        "owner": "PAR",
        "owners": [
          "PGDN",
          "PGN",
          "DODG",
          "DOGS",
          "FPAE",
          "RPAE",
          "PARL",
          "PAR"
        ],
        "min": 0,
        "cur": 0,
        "max": 24,
        "color_hex": "#4067a9",
        "stroke": "#4067a9",
        "stroke-width": 1,
        "stroke-opacity": 0.7,
        "fill": "#4067a9",
        "fill-opacity": 0.3
      }
    },
    {
      "type": "Feature",
      "geometry": {
        "type": "Polygon",
        "coordinates": [
          [
            [
              2.181111,
              48.992778
            ],
            [
              2.321111,
              49.103611
            ],
            [
              2.465,
              49.106111
            ],
            [
              2.480556,
              49.106111
            ],
            [
              2.696667,
              49.11
            ],
            [
              2.71,
              49.099167
            ],
            [
              2.801944,
              49.025278
            ],
            [
              2.984444,
              49.035833
            ],
            [
              3.151389,
              49.045278
            ],
            [
              3.211111,
              49.048611
            ],
            [
              3.471389,
              49.063611
            ],
            [
              3.509722,
              49.065833
            ],
            [
              3.621389,
              49.2025
            ],
            [
              3.628333,
              49.211111
            ],
            [
              3.616667,
              49.209444
            ],
            [
              3.425278,
              49.183333
            ],
            [
              3.299722,
              49.166667
            ],
            [
              3.196667,
              49.1525
            ],
            [
              2.885278,
              49.27
            ],
            [
              2.529722,
              49.260556
            ],
            [
              2.516944,
              49.260833
            ],
            [
              2.477778,
              49.261667
            ],
            [
              2.476667,
              49.259167
            ],
            [
              2.476389,
              49.255
            ],
            [
              2.476667,
              49.251111
            ],
            [
              2.478056,
              49.2475
            ],
            [
              2.480556,
              49.243889
            ],
            [
              2.483611,
              49.240556
            ],
            [
              2.4875,
              49.2375
            ],
            [
              2.492222,
              49.235
            ],
            [
              2.494444,
              49.234167
            ],
            [
              2.465,
              49.203056
            ],
            [
              2.271111,
              49.2075
            ],
            [
              2.314444,
              49.140556
            ],
            [
              2.197222,
              49.121111
            ],
            [
              2.000556,
              48.990278
            ],
            [
              2.000278,
              48.984722
            ],
            [
              2.181111,
              48.992778
            ]
          ]
        ]
      },
      "properties": {
        "name": "EGA CDG-NE",
        "owner": "PAR",
        "owners": [
          "PGDN",
          "PGN",
          "DODG",
          "DOGS",
          "FPAE",
          "RPAE",
          "PARL",
          "PAR"
        ],
        "min": 0,
        "cur": 0,
        "max": 19,
        "color_hex": "#4067a9",
        "stroke": "#4067a9",
        "stroke-width": 1,
        "stroke-opacity": 0.7,
        "fill": "#4067a9",
        "fill-opacity": 0.3
      }
    },
    {
      "type": "Feature",
      "geometry": {
        "type": "Polygon",
        "coordinates": [
          [
            [
              2.055833,
              49.32
            ],
            [
              2.142222,
              49.322778
            ],
            [
              2.039444,
              49.367778
            ],
            [
              1.925278,
              49.418056
            ],
            [
              1.899167,
              49.389444
            ],
            [
              2.055833,
              49.32
            ]
          ]
        ]
      },
      "properties": {
        "name": "BEAUVAIS WEST 1-S WL",
        "owner": "PAR",
        "owners": [
          "OB",
          "PGDN",
          "PGN",
          "DODG",
          "DOGS",
          "FPAE",
          "RPAE",
          "PARL",
          "PAR"
        ],
        "min": 0,
        "cur": 0,
        "max": 14,
        "color_hex": "#4067a9",
        "stroke": "#4067a9",
        "stroke-width": 1,
        "stroke-opacity": 0.7,
        "fill": "#4067a9",
        "fill-opacity": 0.3
      }
    },
    {
      "type": "Feature",
      "geometry": {
        "type": "Polygon",
        "coordinates": [
          [
            [
              2.055833,
              49.32
            ],
            [
              2.142222,
              49.322778
            ],
            [
              2.039444,
              49.367778
            ],
            [
              1.925278,
              49.418056
            ],
            [
              1.899167,
              49.389444
            ],
            [
              2.055833,
              49.32
            ]
          ]
        ]
      },
      "properties": {
        "name": "BEAUVAIS WEST 1-S EL",
        "owner": "PAR",
        "owners": [
          "OB",
          "PGN",
          "DODG",
          "DOGS",
          "FPAE",
          "RPAE",
          "PARL",
          "PAR"
        ],
        "min": 0,
        "cur": 0,
        "max": 14,
        "color_hex": "#4067a9",
        "stroke": "#4067a9",
        "stroke-width": 1,
        "stroke-opacity": 0.7,
        "fill": "#4067a9",
        "fill-opacity": 0.3
      }
    },
    {
      "type": "Feature",
      "geometry": {
        "type": "Polygon",
        "coordinates": [
          [
            [
              1.8525,
              49.41
            ],
            [
              1.723056,
              49.375278
            ],
            [
              1.612778,
              49.380278
            ],
            [
              1.641389,
              49.502778
            ],
            [
              1.550833,
              49.560556
            ],
            [
              1.519167,
              49.595556
            ],
            [
              1.527222,
              49.679167
            ],
            [
              1.576667,
              49.725556
            ],
            [
              1.590556,
              49.738611
            ],
            [
              1.716667,
              49.723889
            ],
            [
              1.778611,
              49.716667
            ],
            [
              1.974722,
              49.716667
            ],
            [
              2.065,
              49.716667
            ],
            [
              2.375,
              49.716667
            ],
            [
              2.501944,
              49.716667
            ],
            [
              2.668611,
              49.716667
            ],
            [
              2.782778,
              49.674167
            ],
            [
              2.743889,
              49.635278
            ],
            [
              2.708889,
              49.510556
            ],
            [
              2.602778,
              49.471389
            ],
            [
              2.524444,
              49.279444
            ],
            [
              2.516944,
              49.260833
            ],
            [
              2.477778,
              49.261667
            ],
            [
              2.241389,
              49.265556
            ],
            [
              2.1725,
              49.268333
            ],
            [
              2.055833,
              49.32
            ],
            [
              2.142222,
              49.322778
            ],
            [
              2.149444,
              49.321667
            ],
            [
              2.175278,
              49.320556
            ],
            [
              2.19,
              49.321389
            ],
            [
              2.200833,
              49.321667
            ],
            [
              2.225833,
              49.325833
            ],
            [
              2.249444,
              49.331944
            ],
            [
              2.271389,
              49.340833
            ],
            [
              2.291111,
              49.351667
            ],
            [
              2.306944,
              49.363889
            ],
            [
              2.321111,
              49.378611
            ],
            [
              2.331111,
              49.394167
            ],
            [
              2.336944,
              49.410278
            ],
            [
              2.338889,
              49.426944
            ],
            [
              2.336944,
              49.443611
            ],
            [
              2.331111,
              49.46
            ],
            [
              2.321111,
              49.475278
            ],
            [
              2.307778,
              49.489722
            ],
            [
              2.291111,
              49.5025
            ],
            [
              2.271389,
              49.513333
            ],
            [
              2.266111,
              49.515833
            ],
            [
              2.1525,
              49.565278
            ],
            [
              2.136389,
              49.571111
            ],
            [
              2.1125,
              49.5775
            ],
            [
              2.0875,
              49.581667
            ],
            [
              2.061944,
              49.582778
            ],
            [
              2.036111,
              49.581667
            ],
            [
              2.011111,
              49.5775
            ],
            [
              1.987222,
              49.571111
            ],
            [
              1.965278,
              49.5625
            ],
            [
              1.945833,
              49.551667
            ],
            [
              1.929167,
              49.538889
            ],
            [
              1.915556,
              49.524444
            ],
            [
              1.905833,
              49.509167
            ],
            [
              1.899722,
              49.492778
            ],
            [
              1.899444,
              49.491111
            ],
            [
              1.897778,
              49.476111
            ],
            [
              1.899722,
              49.459444
            ],
            [
              1.905833,
              49.443333
            ],
            [
              1.915556,
              49.427778
            ],
            [
              1.925278,
              49.418056
            ],
            [
              1.899167,
              49.389444
            ],
            [
              1.8525,
              49.41
            ]
          ]
        ]
      },
      "properties": {
        "name": "BEAUVAIS WEST 1-N WL",
        "owner": "PAR",
        "owners": [
          "OB",
          "PGDN",
          "PGN",
          "DODG",
          "DOGS",
          "FPAE",
          "RPAE",
          "PARL",
          "PAR"
        ],
        "min": 0,
        "cur": 0,
        "max": 14,
        "color_hex": "#4067a9",
        "stroke": "#4067a9",
        "stroke-width": 1,
        "stroke-opacity": 0.7,
        "fill": "#4067a9",
        "fill-opacity": 0.3
      }
    },
    {
      "type": "Feature",
      "geometry": {
        "type": "Polygon",
        "coordinates": [
          [
            [
              1.8525,
              49.41
            ],
            [
              1.723056,
              49.375278
            ],
            [
              1.612778,
              49.380278
            ],
            [
              1.641389,
              49.502778
            ],
            [
              1.550833,
              49.560556
            ],
            [
              1.519167,
              49.595556
            ],
            [
              1.527222,
              49.679167
            ],
            [
              1.576667,
              49.725556
            ],
            [
              1.590556,
              49.738611
            ],
            [
              1.716667,
              49.723889
            ],
            [
              1.778611,
              49.716667
            ],
            [
              1.974722,
              49.716667
            ],
            [
              2.065,
              49.716667
            ],
            [
              2.375,
              49.716667
            ],
            [
              2.501944,
              49.716667
            ],
            [
              2.668611,
              49.716667
            ],
            [
              2.782778,
              49.674167
            ],
            [
              2.743889,
              49.635278
            ],
            [
              2.708889,
              49.510556
            ],
            [
              2.602778,
              49.471389
            ],
            [
              2.524444,
              49.279444
            ],
            [
              2.516944,
              49.260833
            ],
            [
              2.477778,
              49.261667
            ],
            [
              2.241389,
              49.265556
            ],
            [
              2.1725,
              49.268333
            ],
            [
              2.055833,
              49.32
            ],
            [
              2.142222,
              49.322778
            ],
            [
              2.149444,
              49.321667
            ],
            [
              2.175278,
              49.320556
            ],
            [
              2.19,
              49.321389
            ],
            [
              2.200833,
              49.321667
            ],
            [
              2.225833,
              49.325833
            ],
            [
              2.249444,
              49.331944
            ],
            [
              2.271389,
              49.340833
            ],
            [
              2.291111,
              49.351667
            ],
            [
              2.306944,
              49.363889
            ],
            [
              2.321111,
              49.378611
            ],
            [
              2.331111,
              49.394167
            ],
            [
              2.336944,
              49.410278
            ],
            [
              2.338889,
              49.426944
            ],
            [
              2.336944,
              49.443611
            ],
            [
              2.331111,
              49.46
            ],
            [
              2.321111,
              49.475278
            ],
            [
              2.307778,
              49.489722
            ],
            [
              2.291111,
              49.5025
            ],
            [
              2.271389,
              49.513333
            ],
            [
              2.266111,
              49.515833
            ],
            [
              2.1525,
              49.565278
            ],
            [
              2.136389,
              49.571111
            ],
            [
              2.1125,
              49.5775
            ],
            [
              2.0875,
              49.581667
            ],
            [
              2.061944,
              49.582778
            ],
            [
              2.036111,
              49.581667
            ],
            [
              2.011111,
              49.5775
            ],
            [
              1.987222,
              49.571111
            ],
            [
              1.965278,
              49.5625
            ],
            [
              1.945833,
              49.551667
            ],
            [
              1.929167,
              49.538889
            ],
            [
              1.915556,
              49.524444
            ],
            [
              1.905833,
              49.509167
            ],
            [
              1.899722,
              49.492778
            ],
            [
              1.899444,
              49.491111
            ],
            [
              1.897778,
              49.476111
            ],
            [
              1.899722,
              49.459444
            ],
            [
              1.905833,
              49.443333
            ],
            [
              1.915556,
              49.427778
            ],
            [
              1.925278,
              49.418056
            ],
            [
              1.899167,
              49.389444
            ],
            [
              1.8525,
              49.41
            ]
          ]
        ]
      },
      "properties": {
        "name": "BEAUVAIS WEST 1-N EL",
        "owner": "PAR",
        "owners": [
          "OB",
          "PGN",
          "DODG",
          "DOGS",
          "FPAE",
          "RPAE",
          "PARL",
          "PAR"
        ],
        "min": 0,
        "cur": 0,
        "max": 14,
        "color_hex": "#4067a9",
        "stroke": "#4067a9",
        "stroke-width": 1,
        "stroke-opacity": 0.7,
        "fill": "#4067a9",
        "fill-opacity": 0.3
      }
    },
    {
      "type": "Feature",
      "geometry": {
        "type": "Polygon",
        "coordinates": [
          [
            [
              3.196667,
              49.1525
            ],
            [
              3.299722,
              49.166667
            ],
            [
              3.425278,
              49.183333
            ],
            [
              3.616667,
              49.209444
            ],
            [
              3.628333,
              49.211111
            ],
            [
              3.860833,
              49.241944
            ],
            [
              3.8825,
              49.256667
            ],
            [
              3.765556,
              49.556111
            ],
            [
              3.660278,
              49.748333
            ],
            [
              3.631111,
              49.783333
            ],
            [
              3.413611,
              49.783333
            ],
            [
              3.351389,
              49.688889
            ],
            [
              3.236389,
              49.666667
            ],
            [
              3.105556,
              49.611667
            ],
            [
              2.976389,
              49.6025
            ],
            [
              2.782778,
              49.674167
            ],
            [
              2.743889,
              49.635278
            ],
            [
              2.708889,
              49.510556
            ],
            [
              2.602778,
              49.471389
            ],
            [
              2.524444,
              49.279444
            ],
            [
              2.516944,
              49.260833
            ],
            [
              2.529722,
              49.260556
            ],
            [
              2.885278,
              49.27
            ],
            [
              3.196667,
              49.1525
            ]
          ]
        ]
      },
      "properties": {
        "name": "BEAUVAIS EAST 2 WL",
        "owner": "PAR",
        "owners": [
          "OB",
          "PGDN",
          "PGN",
          "DODG",
          "DOGS",
          "FPAE",
          "RPAE",
          "PARL",
          "PAR"
        ],
        "min": 0,
        "cur": 0,
        "max": 24,
        "color_hex": "#4067a9",
        "stroke": "#4067a9",
        "stroke-width": 1,
        "stroke-opacity": 0.7,
        "fill": "#4067a9",
        "fill-opacity": 0.3
      }
    },
    {
      "type": "Feature",
      "geometry": {
        "type": "Polygon",
        "coordinates": [
          [
            [
              3.196667,
              49.1525
            ],
            [
              3.299722,
              49.166667
            ],
            [
              3.425278,
              49.183333
            ],
            [
              3.616667,
              49.209444
            ],
            [
              3.628333,
              49.211111
            ],
            [
              3.860833,
              49.241944
            ],
            [
              3.8825,
              49.256667
            ],
            [
              3.765556,
              49.556111
            ],
            [
              3.660278,
              49.748333
            ],
            [
              3.631111,
              49.783333
            ],
            [
              3.413611,
              49.783333
            ],
            [
              3.351389,
              49.688889
            ],
            [
              3.236389,
              49.666667
            ],
            [
              3.105556,
              49.611667
            ],
            [
              2.976389,
              49.6025
            ],
            [
              2.782778,
              49.674167
            ],
            [
              2.743889,
              49.635278
            ],
            [
              2.708889,
              49.510556
            ],
            [
              2.602778,
              49.471389
            ],
            [
              2.524444,
              49.279444
            ],
            [
              2.516944,
              49.260833
            ],
            [
              2.529722,
              49.260556
            ],
            [
              2.885278,
              49.27
            ],
            [
              3.196667,
              49.1525
            ]
          ]
        ]
      },
      "properties": {
        "name": "BEAUVAIS EAST 2 EL",
        "owner": "PAR",
        "owners": [
          "OB",
          "PGN",
          "DODG",
          "DOGS",
          "FPAE",
          "RPAE",
          "PARL",
          "PAR"
        ],
        "min": 0,
        "cur": 0,
        "max": 24,
        "color_hex": "#4067a9",
        "stroke": "#4067a9",
        "stroke-width": 1,
        "stroke-opacity": 0.7,
        "fill": "#4067a9",
        "fill-opacity": 0.3
      }
    },
    {
      "type": "Feature",
      "geometry": {
        "type": "Polygon",
        "coordinates": [
          [
            [
              6.487778,
              43.267778
            ],
            [
              6.643889,
              43.393889
            ],
            [
              6.643889,
              43.419444
            ],
            [
              6.781944,
              43.5325
            ],
            [
              6.990833,
              43.5375
            ],
            [
              7.041667,
              43.560833
            ],
            [
              7.230278,
              43.651111
            ],
            [
              7.433056,
              43.708611
            ],
            [
              7.613056,
              43.761667
            ],
            [
              7.8375,
              43.701667
            ],
            [
              7.915833,
              43.680556
            ],
            [
              7.863611,
              43.319444
            ],
            [
              7.515833,
              43.175278
            ],
            [
              7.096111,
              43.210556
            ],
            [
              6.643889,
              43.250278
            ],
            [
              6.487778,
              43.267778
            ]
          ]
        ]
      },
      "properties": {
        "name": "NICE ITM MN",
        "owner": "MM",
        "owners": [
          "MNF",
          "NO",
          "MME",
          "RAE",
          "MM"
        ],
        "min": 0,
        "cur": 0,
        "max": 59,
        "color_hex": "#909967",
        "stroke": "#909967",
        "stroke-width": 1,
        "stroke-opacity": 0.7,
        "fill": "#909967",
        "fill-opacity": 0.3
      }
    },
    {
      "type": "Feature",
      "geometry": {
        "type": "Polygon",
        "coordinates": [
          [
            [
              5.102778,
              45.279167
            ],
            [
              5.3575,
              45.279167
            ],
            [
              5.406944,
              45.415278
            ],
            [
              5.436944,
              45.716667
            ],
            [
              5.292778,
              45.740833
            ],
            [
              5.285556,
              45.655556
            ],
            [
              5.233611,
              45.634444
            ],
            [
              5.144444,
              45.599167
            ],
            [
              5.049167,
              45.598611
            ],
            [
              4.9525,
              45.595
            ],
            [
              4.903611,
              45.595556
            ],
            [
              4.848056,
              45.704444
            ],
            [
              4.711389,
              45.665556
            ],
            [
              4.883056,
              45.383889
            ],
            [
              4.949167,
              45.280556
            ],
            [
              5.102778,
              45.279167
            ]
          ]
        ]
      },
      "properties": {
        "name": "LYON ITM QFU35",
        "owner": "MM",
        "owners": [
          "LLF",
          "VW",
          "MMW",
          "RAW",
          "MM"
        ],
        "min": 0,
        "cur": 0,
        "max": 74,
        "color_hex": "#909967",
        "stroke": "#909967",
        "stroke-width": 1,
        "stroke-opacity": 0.7,
        "fill": "#909967",
        "fill-opacity": 0.3
      }
    },
    {
      "type": "Feature",
      "geometry": {
        "type": "Polygon",
        "coordinates": [
          [
            [
              5.450556,
              45.856111
            ],
            [
              5.464444,
              45.806389
            ],
            [
              5.281389,
              45.786667
            ],
            [
              5.2,
              45.837778
            ],
            [
              5.153611,
              45.854167
            ],
            [
              4.989167,
              45.851111
            ],
            [
              4.960833,
              45.845833
            ],
            [
              4.854444,
              45.817222
            ],
            [
              4.835833,
              45.763611
            ],
            [
              4.680833,
              45.748056
            ],
            [
              4.646111,
              45.869167
            ],
            [
              4.755556,
              46.027778
            ],
            [
              4.766944,
              46.125833
            ],
            [
              4.868611,
              46.216111
            ],
            [
              5.161111,
              46.231111
            ],
            [
              5.241667,
              46.174722
            ],
            [
              5.248611,
              46.060278
            ],
            [
              5.257778,
              45.969167
            ],
            [
              5.436944,
              45.904167
            ],
            [
              5.450556,
              45.856111
            ]
          ]
        ]
      },
      "properties": {
        "name": "LYON ITM QFU17",
        "owner": "MM",
        "owners": [
          "LLF",
          "VE",
          "VW",
          "MMW",
          "RAW",
          "MM"
        ],
        "min": 0,
        "cur": 0,
        "max": 74,
        "color_hex": "#909967",
        "stroke": "#909967",
        "stroke-width": 1,
        "stroke-opacity": 0.7,
        "fill": "#909967",
        "fill-opacity": 0.3
      }
    },
    {
      "type": "Feature",
      "geometry": {
        "type": "Polygon",
        "coordinates": [
          [
            [
              5.133889,
              45.186111
            ],
            [
              4.886389,
              45.213889
            ],
            [
              4.886389,
              45.280556
            ],
            [
              4.766667,
              45.280556
            ],
            [
              4.707778,
              45.435833
            ],
            [
              5.130278,
              45.460833
            ],
            [
              5.175556,
              45.484722
            ],
            [
              5.419444,
              45.553056
            ],
            [
              5.544167,
              45.52
            ],
            [
              5.618889,
              45.449167
            ],
            [
              5.618889,
              45.396667
            ],
            [
              5.618889,
              45.356111
            ],
            [
              5.618889,
              45.338611
            ],
            [
              5.618889,
              45.311389
            ],
            [
              5.600278,
              45.287778
            ],
            [
              5.555556,
              45.269167
            ],
            [
              5.435,
              45.246389
            ],
            [
              5.133889,
              45.186111
            ]
          ]
        ]
      },
      "properties": {
        "name": "LYON ITM GRE",
        "owner": "MM",
        "owners": [
          "GRE",
          "VE",
          "VW",
          "MMW",
          "RAW",
          "MM"
        ],
        "min": 0,
        "cur": 0,
        "max": 64,
        "color_hex": "#909967",
        "stroke": "#909967",
        "stroke-width": 1,
        "stroke-opacity": 0.7,
        "fill": "#909967",
        "fill-opacity": 0.3
      }
    },
    {
      "type": "Feature",
      "geometry": {
        "type": "Polygon",
        "coordinates": [
          [
            [
              4.889444,
              44.871944
            ],
            [
              4.888889,
              44.868056
            ],
            [
              4.888889,
              44.863889
            ],
            [
              4.889167,
              44.86
            ],
            [
              4.89,
              44.856111
            ],
            [
              4.891389,
              44.852222
            ],
            [
              4.892778,
              44.848611
            ],
            [
              4.895,
              44.845
            ],
            [
              4.8975,
              44.841389
            ],
            [
              4.900278,
              44.838056
            ],
            [
              4.903333,
              44.834722
            ],
            [
              4.906944,
              44.831667
            ],
            [
              4.910833,
              44.828889
            ],
            [
              4.915,
              44.826389
            ],
            [
              4.919444,
              44.824167
            ],
            [
              4.924167,
              44.821944
            ],
            [
              4.929167,
              44.82
            ],
            [
              4.934167,
              44.818611
            ],
            [
              4.939444,
              44.817222
            ],
            [
              4.944722,
              44.816389
            ],
            [
              4.950278,
              44.815556
            ],
            [
              4.955833,
              44.815278
            ],
            [
              4.961389,
              44.815278
            ],
            [
              4.966667,
              44.815556
            ],
            [
              4.972222,
              44.816111
            ],
            [
              4.977778,
              44.816944
            ],
            [
              4.983056,
              44.818056
            ],
            [
              4.988056,
              44.819444
            ],
            [
              4.993056,
              44.821111
            ],
            [
              4.997778,
              44.823056
            ],
            [
              5.0025,
              44.825278
            ],
            [
              5.006667,
              44.827778
            ],
            [
              5.010833,
              44.830556
            ],
            [
              5.014444,
              44.833611
            ],
            [
              5.017778,
              44.836667
            ],
            [
              5.020833,
              44.84
            ],
            [
              5.023333,
              44.843611
            ],
            [
              5.025556,
              44.847222
            ],
            [
              5.0275,
              44.850833
            ],
            [
              5.028889,
              44.854722
            ],
            [
              5.028611,
              44.854722
            ],
            [
              5.043056,
              44.914444
            ],
            [
              5.043333,
              44.914444
            ],
            [
              5.043333,
              44.918333
            ],
            [
              5.042778,
              44.922222
            ],
            [
              5.041667,
              44.925833
            ],
            [
              5.040278,
              44.929722
            ],
            [
              5.038611,
              44.933333
            ],
            [
              5.036389,
              44.936667
            ],
            [
              5.033889,
              44.940278
            ],
            [
              5.030833,
              44.943333
            ],
            [
              5.0275,
              44.946389
            ],
            [
              5.023889,
              44.949444
            ],
            [
              5.02,
              44.952222
            ],
            [
              5.015833,
              44.954722
            ],
            [
              5.011389,
              44.956944
            ],
            [
              5.006944,
              44.958889
            ],
            [
              5.001944,
              44.960556
            ],
            [
              4.996944,
              44.961944
            ],
            [
              4.991667,
              44.963056
            ],
            [
              4.986389,
              44.964167
            ],
            [
              4.981111,
              44.964722
            ],
            [
              4.975556,
              44.965
            ],
            [
              4.970278,
              44.965
            ],
            [
              4.964722,
              44.964722
            ],
            [
              4.959444,
              44.964167
            ],
            [
              4.953889,
              44.963333
            ],
            [
              4.948889,
              44.961944
            ],
            [
              4.943889,
              44.960556
            ],
            [
              4.938889,
              44.958889
            ],
            [
              4.934167,
              44.956944
            ],
            [
              4.929722,
              44.954722
            ],
            [
              4.925556,
              44.952222
            ],
            [
              4.921667,
              44.949722
            ],
            [
              4.918056,
              44.946667
            ],
            [
              4.914722,
              44.943611
            ],
            [
              4.911667,
              44.940278
            ],
            [
              4.909167,
              44.936944
            ],
            [
              4.906944,
              44.933333
            ],
            [
              4.905278,
              44.929722
            ],
            [
              4.903889,
              44.926111
            ],
            [
              4.902778,
              44.922222
            ],
            [
              4.889722,
              44.871944
            ],
            [
              4.889444,
              44.871944
            ]
          ]
        ]
      },
      "properties": {
        "name": "VALENCE RMZ",
        "owner": "MM",
        "owners": [
          "LUT",
          "VW",
          "MMW",
          "RAW",
          "MM"
        ],
        "min": 0,
        "cur": 0,
        "max": 24,
        "color_hex": "#909967",
        "stroke": "#909967",
        "stroke-width": 1,
        "stroke-opacity": 0.7,
        "fill": "#909967",
        "fill-opacity": 0.3
      }
    },
    {
      "type": "Feature",
      "geometry": {
        "type": "Polygon",
        "coordinates": [
          [
            [
              4.044444,
              46.555556
            ],
            [
              4.049444,
              46.555
            ],
            [
              4.054444,
              46.554722
            ],
            [
              4.059444,
              46.554167
            ],
            [
              4.064444,
              46.553333
            ],
            [
              4.069444,
              46.552778
            ],
            [
              4.074444,
              46.551944
            ],
            [
              4.079167,
              46.550833
            ],
            [
              4.084167,
              46.55
            ],
            [
              4.088889,
              46.548889
            ],
            [
              4.093889,
              46.547778
            ],
            [
              4.098611,
              46.546667
            ],
            [
              4.103333,
              46.545278
            ],
            [
              4.107778,
              46.543889
            ],
            [
              4.1125,
              46.5425
            ],
            [
              4.117222,
              46.541111
            ],
            [
              4.121667,
              46.539444
            ],
            [
              4.126111,
              46.537778
            ],
            [
              4.130556,
              46.536111
            ],
            [
              4.135,
              46.534167
            ],
            [
              4.139167,
              46.5325
            ],
            [
              4.143333,
              46.530556
            ],
            [
              4.1475,
              46.528611
            ],
            [
              4.151667,
              46.526389
            ],
            [
              4.155556,
              46.524444
            ],
            [
              4.159722,
              46.522222
            ],
            [
              4.163611,
              46.52
            ],
            [
              4.167222,
              46.5175
            ],
            [
              4.171111,
              46.515278
            ],
            [
              4.174722,
              46.512778
            ],
            [
              4.178056,
              46.510278
            ],
            [
              4.181667,
              46.507778
            ],
            [
              4.185,
              46.505
            ],
            [
              4.188333,
              46.5025
            ],
            [
              4.191389,
              46.499722
            ],
            [
              4.194722,
              46.496944
            ],
            [
              4.1975,
              46.494167
            ],
            [
              4.200556,
              46.491389
            ],
            [
              4.203333,
              46.488333
            ],
            [
              4.206111,
              46.485556
            ],
            [
              4.208611,
              46.4825
            ],
            [
              4.211111,
              46.479444
            ],
            [
              4.213611,
              46.476389
            ],
            [
              4.215833,
              46.473333
            ],
            [
              4.218056,
              46.470278
            ],
            [
              4.220278,
              46.466944
            ],
            [
              4.222222,
              46.463889
            ],
            [
              4.224167,
              46.460556
            ],
            [
              4.225833,
              46.457222
            ],
            [
              4.2275,
              46.453889
            ],
            [
              4.229167,
              46.450556
            ],
            [
              4.230556,
              46.447222
            ],
            [
              4.161111,
              46.450556
            ],
            [
              4.153056,
              46.441667
            ],
            [
              4.126667,
              46.443056
            ],
            [
              4.081944,
              46.464167
            ],
            [
              4.055278,
              46.468611
            ],
            [
              4.035556,
              46.501389
            ],
            [
              4.044444,
              46.555556
            ]
          ]
        ]
      },
      "properties": {
        "name": "SAINT-YAN CTR 2",
        "owner": "MM",
        "owners": [
          "LNT",
          "LN",
          "CY",
          "CF",
          "MMW",
          "RAW",
          "MM"
        ],
        "min": 0,
        "cur": 0,
        "max": 19,
        "color_hex": "#909967",
        "stroke": "#909967",
        "stroke-width": 1,
        "stroke-opacity": 0.7,
        "fill": "#909967",
        "fill-opacity": 0.3
      }
    },
    {
      "type": "Feature",
      "geometry": {
        "type": "Polygon",
        "coordinates": [
          [
            [
              4.044444,
              46.555556
            ],
            [
              4.035556,
              46.501389
            ],
            [
              4.055278,
              46.468611
            ],
            [
              4.081944,
              46.464167
            ],
            [
              4.126667,
              46.443056
            ],
            [
              4.153056,
              46.441667
            ],
            [
              4.161111,
              46.450556
            ],
            [
              4.230556,
              46.447222
            ],
            [
              4.235278,
              46.432778
            ],
            [
              4.238056,
              46.417778
            ],
            [
              4.238611,
              46.402778
            ],
            [
              4.236944,
              46.387778
            ],
            [
              4.233333,
              46.373056
            ],
            [
              4.2275,
              46.358611
            ],
            [
              4.219444,
              46.344722
            ],
            [
              4.209444,
              46.331389
            ],
            [
              4.197778,
              46.318611
            ],
            [
              4.184167,
              46.306944
            ],
            [
              4.168889,
              46.296111
            ],
            [
              4.1525,
              46.286667
            ],
            [
              4.134444,
              46.278056
            ],
            [
              4.115278,
              46.271111
            ],
            [
              4.095278,
              46.265278
            ],
            [
              4.074722,
              46.260833
            ],
            [
              4.053333,
              46.257778
            ],
            [
              4.031667,
              46.256389
            ],
            [
              4.01,
              46.256389
            ],
            [
              3.988611,
              46.257778
            ],
            [
              3.967222,
              46.260833
            ],
            [
              3.946389,
              46.265278
            ],
            [
              3.926389,
              46.271111
            ],
            [
              3.9075,
              46.278056
            ],
            [
              3.889444,
              46.286667
            ],
            [
              3.872778,
              46.296389
            ],
            [
              3.857778,
              46.306944
            ],
            [
              3.844167,
              46.318889
            ],
            [
              3.832222,
              46.331389
            ],
            [
              3.8225,
              46.344722
            ],
            [
              3.814444,
              46.358611
            ],
            [
              3.808611,
              46.373056
            ],
            [
              3.805,
              46.387778
            ],
            [
              3.803333,
              46.402778
            ],
            [
              3.803889,
              46.417778
            ],
            [
              3.806667,
              46.432778
            ],
            [
              3.811389,
              46.4475
            ],
            [
              3.818333,
              46.461667
            ],
            [
              3.8275,
              46.475278
            ],
            [
              3.838333,
              46.488333
            ],
            [
              3.851111,
              46.500278
            ],
            [
              3.865556,
              46.511667
            ],
            [
              3.881667,
              46.521667
            ],
            [
              3.899167,
              46.530833
            ],
            [
              3.917778,
              46.538611
            ],
            [
              3.9375,
              46.545
            ],
            [
              3.958056,
              46.55
            ],
            [
              3.979167,
              46.553611
            ],
            [
              4.000833,
              46.555833
            ],
            [
              4.0225,
              46.556389
            ],
            [
              4.044444,
              46.555556
            ]
          ]
        ]
      },
      "properties": {
        "name": "SAINT-YAN CTR 1",
        "owner": "MM",
        "owners": [
          "LNT",
          "LN",
          "CY",
          "CF",
          "MMW",
          "RAW",
          "MM"
        ],
        "min": 0,
        "cur": 0,
        "max": 19,
        "color_hex": "#909967",
        "stroke": "#909967",
        "stroke-width": 1,
        "stroke-opacity": 0.7,
        "fill": "#909967",
        "fill-opacity": 0.3
      }
    },
    {
      "type": "Feature",
      "geometry": {
        "type": "Polygon",
        "coordinates": [
          [
            [
              5.058889,
              45.57
            ],
            [
              5.058611,
              45.570278
            ],
            [
              5.001667,
              45.741944
            ],
            [
              5.0,
              45.8
            ],
            [
              4.945278,
              45.864167
            ],
            [
              4.945,
              45.864444
            ],
            [
              4.944722,
              45.864722
            ],
            [
              4.948056,
              45.866667
            ],
            [
              4.951111,
              45.868333
            ],
            [
              4.954444,
              45.87
            ],
            [
              4.9575,
              45.871667
            ],
            [
              4.960833,
              45.873333
            ],
            [
              4.964444,
              45.875
            ],
            [
              4.967778,
              45.876667
            ],
            [
              4.971111,
              45.878333
            ],
            [
              4.974722,
              45.879722
            ],
            [
              4.978056,
              45.881111
            ],
            [
              4.981667,
              45.8825
            ],
            [
              4.985278,
              45.883889
            ],
            [
              4.988889,
              45.885278
            ],
            [
              4.9925,
              45.886389
            ],
            [
              4.996389,
              45.887778
            ],
            [
              5.0,
              45.888889
            ],
            [
              5.003889,
              45.89
            ],
            [
              5.0075,
              45.891111
            ],
            [
              5.011389,
              45.891944
            ],
            [
              5.015278,
              45.893056
            ],
            [
              5.019167,
              45.893889
            ],
            [
              5.023056,
              45.894722
            ],
            [
              5.026944,
              45.895556
            ],
            [
              5.030833,
              45.896389
            ],
            [
              5.034722,
              45.897222
            ],
            [
              5.038889,
              45.897778
            ],
            [
              5.042778,
              45.898611
            ],
            [
              5.046667,
              45.899167
            ],
            [
              5.050833,
              45.899722
            ],
            [
              5.054722,
              45.9
            ],
            [
              5.058889,
              45.900556
            ],
            [
              5.063056,
              45.900833
            ],
            [
              5.066944,
              45.901111
            ],
            [
              5.071111,
              45.901389
            ],
            [
              5.075278,
              45.901667
            ],
            [
              5.079167,
              45.901944
            ],
            [
              5.083333,
              45.901944
            ],
            [
              5.0875,
              45.901944
            ],
            [
              5.091389,
              45.901944
            ],
            [
              5.095556,
              45.901944
            ],
            [
              5.099722,
              45.901944
            ],
            [
              5.103889,
              45.901667
            ],
            [
              5.107778,
              45.901667
            ],
            [
              5.109722,
              45.901389
            ],
            [
              5.111944,
              45.901389
            ],
            [
              5.116111,
              45.901111
            ],
            [
              5.12,
              45.900833
            ],
            [
              5.124167,
              45.900278
            ],
            [
              5.128056,
              45.899722
            ],
            [
              5.132222,
              45.899444
            ],
            [
              5.136111,
              45.898889
            ],
            [
              5.140278,
              45.898056
            ],
            [
              5.144167,
              45.8975
            ],
            [
              5.148056,
              45.896944
            ],
            [
              5.148056,
              45.896667
            ],
            [
              5.153611,
              45.854167
            ],
            [
              5.2,
              45.837778
            ],
            [
              5.241667,
              45.585556
            ],
            [
              5.241667,
              45.586111
            ],
            [
              5.239167,
              45.585
            ],
            [
              5.236944,
              45.583889
            ],
            [
              5.234444,
              45.582778
            ],
            [
              5.231944,
              45.581667
            ],
            [
              5.229444,
              45.580833
            ],
            [
              5.226944,
              45.579722
            ],
            [
              5.224444,
              45.578611
            ],
            [
              5.221944,
              45.577778
            ],
            [
              5.219444,
              45.576667
            ],
            [
              5.216944,
              45.575833
            ],
            [
              5.214167,
              45.575
            ],
            [
              5.211667,
              45.573889
            ],
            [
              5.209167,
              45.573056
            ],
            [
              5.206389,
              45.572222
            ],
            [
              5.203889,
              45.571389
            ],
            [
              5.201111,
              45.570556
            ],
            [
              5.198611,
              45.569722
            ],
            [
              5.195833,
              45.568889
            ],
            [
              5.193333,
              45.568333
            ],
            [
              5.190556,
              45.5675
            ],
            [
              5.187778,
              45.566667
            ],
            [
              5.185278,
              45.566111
            ],
            [
              5.1825,
              45.565278
            ],
            [
              5.179722,
              45.564722
            ],
            [
              5.176944,
              45.563889
            ],
            [
              5.174167,
              45.563333
            ],
            [
              5.171389,
              45.562778
            ],
            [
              5.168611,
              45.562222
            ],
            [
              5.165833,
              45.561667
            ],
            [
              5.163056,
              45.561111
            ],
            [
              5.160278,
              45.560556
            ],
            [
              5.1575,
              45.56
            ],
            [
              5.154722,
              45.559444
            ],
            [
              5.151944,
              45.559167
            ],
            [
              5.149167,
              45.558611
            ],
            [
              5.146389,
              45.558333
            ],
            [
              5.143611,
              45.557778
            ],
            [
              5.140556,
              45.5575
            ],
            [
              5.137778,
              45.556944
            ],
            [
              5.135,
              45.556667
            ],
            [
              5.132222,
              45.556389
            ],
            [
              5.129167,
              45.556111
            ],
            [
              5.126389,
              45.555833
            ],
            [
              5.123611,
              45.555556
            ],
            [
              5.120556,
              45.555278
            ],
            [
              5.117778,
              45.555278
            ],
            [
              5.115,
              45.555
            ],
            [
              5.111944,
              45.554722
            ],
            [
              5.109167,
              45.554722
            ],
            [
              5.106389,
              45.554444
            ],
            [
              5.103333,
              45.554444
            ],
            [
              5.100556,
              45.554444
            ],
            [
              5.097778,
              45.554167
            ],
            [
              5.094722,
              45.554167
            ],
            [
              5.091944,
              45.554167
            ],
            [
              5.088889,
              45.554167
            ],
            [
              5.086111,
              45.554167
            ],
            [
              5.083333,
              45.554167
            ],
            [
              5.080278,
              45.554444
            ],
            [
              5.0775,
              45.554444
            ],
            [
              5.074444,
              45.554444
            ],
            [
              5.071667,
              45.554722
            ],
            [
              5.068889,
              45.554722
            ],
            [
              5.065833,
              45.555
            ],
            [
              5.063056,
              45.555278
            ],
            [
              5.063056,
              45.555556
            ],
            [
              5.058889,
              45.57
            ]
          ]
        ]
      },
      "properties": {
        "name": "SAINT EXUPERY CTR",
        "owner": "MM",
        "owners": [
          "LLT",
          "VW",
          "MMW",
          "RAW",
          "MM"
        ],
        "min": 0,
        "cur": 0,
        "max": 24,
        "color_hex": "#909967",
        "stroke": "#909967",
        "stroke-width": 1,
        "stroke-opacity": 0.7,
        "fill": "#909967",
        "fill-opacity": 0.3
      }
    },
    {
      "type": "Feature",
      "geometry": {
        "type": "Polygon",
        "coordinates": [
          [
            [
              5.088611,
              45.710278
            ],
            [
              5.088611,
              45.711111
            ],
            [
              5.088333,
              45.717222
            ],
            [
              5.087778,
              45.720556
            ],
            [
              5.086389,
              45.731111
            ],
            [
              5.085,
              45.743889
            ],
            [
              5.084722,
              45.745833
            ],
            [
              5.082778,
              45.747222
            ],
            [
              5.094167,
              45.747778
            ],
            [
              5.098056,
              45.710833
            ],
            [
              5.088611,
              45.710278
            ]
          ]
        ]
      },
      "properties": {
        "name": "SAINT EXUPERY CTR",
        "owner": "MM",
        "owners": [
          "LLT",
          "VW",
          "MMW",
          "RAW",
          "MM"
        ],
        "min": 0,
        "cur": 0,
        "max": 8,
        "color_hex": "#909967",
        "stroke": "#909967",
        "stroke-width": 1,
        "stroke-opacity": 0.7,
        "fill": "#909967",
        "fill-opacity": 0.3
      }
    },
    {
      "type": "Feature",
      "geometry": {
        "type": "Polygon",
        "coordinates": [
          [
            [
              4.175,
              45.462778
            ],
            [
              4.197778,
              45.420556
            ],
            [
              4.199444,
              45.419722
            ],
            [
              4.201389,
              45.418889
            ],
            [
              4.203611,
              45.418056
            ],
            [
              4.205833,
              45.417222
            ],
            [
              4.208056,
              45.416389
            ],
            [
              4.210278,
              45.415556
            ],
            [
              4.2125,
              45.414722
            ],
            [
              4.214722,
              45.413889
            ],
            [
              4.216944,
              45.413333
            ],
            [
              4.219167,
              45.4125
            ],
            [
              4.221389,
              45.411944
            ],
            [
              4.223611,
              45.411111
            ],
            [
              4.225833,
              45.410556
            ],
            [
              4.228333,
              45.409722
            ],
            [
              4.230556,
              45.409167
            ],
            [
              4.232778,
              45.408611
            ],
            [
              4.235278,
              45.408056
            ],
            [
              4.2375,
              45.4075
            ],
            [
              4.24,
              45.406944
            ],
            [
              4.242222,
              45.406389
            ],
            [
              4.244722,
              45.406111
            ],
            [
              4.246944,
              45.405556
            ],
            [
              4.249444,
              45.405
            ],
            [
              4.251667,
              45.404722
            ],
            [
              4.254167,
              45.404167
            ],
            [
              4.256667,
              45.403889
            ],
            [
              4.259167,
              45.403611
            ],
            [
              4.261389,
              45.403056
            ],
            [
              4.263889,
              45.402778
            ],
            [
              4.266389,
              45.4025
            ],
            [
              4.268889,
              45.402222
            ],
            [
              4.271111,
              45.401944
            ],
            [
              4.273611,
              45.401944
            ],
            [
              4.276111,
              45.401667
            ],
            [
              4.278611,
              45.401389
            ],
            [
              4.281111,
              45.401389
            ],
            [
              4.283611,
              45.401111
            ],
            [
              4.285833,
              45.401111
            ],
            [
              4.288333,
              45.400833
            ],
            [
              4.290833,
              45.400833
            ],
            [
              4.293333,
              45.400833
            ],
            [
              4.295833,
              45.400833
            ],
            [
              4.298333,
              45.400833
            ],
            [
              4.300833,
              45.400833
            ],
            [
              4.303333,
              45.400833
            ],
            [
              4.305833,
              45.400833
            ],
            [
              4.308333,
              45.401111
            ],
            [
              4.310556,
              45.401111
            ],
            [
              4.313056,
              45.401389
            ],
            [
              4.315556,
              45.401389
            ],
            [
              4.318056,
              45.401667
            ],
            [
              4.320556,
              45.401944
            ],
            [
              4.323056,
              45.401944
            ],
            [
              4.325278,
              45.402222
            ],
            [
              4.327778,
              45.4025
            ],
            [
              4.330278,
              45.402778
            ],
            [
              4.332778,
              45.403056
            ],
            [
              4.335278,
              45.403611
            ],
            [
              4.3375,
              45.403889
            ],
            [
              4.34,
              45.404167
            ],
            [
              4.3425,
              45.404722
            ],
            [
              4.344722,
              45.405
            ],
            [
              4.347222,
              45.405556
            ],
            [
              4.349444,
              45.406111
            ],
            [
              4.351944,
              45.406389
            ],
            [
              4.354167,
              45.406944
            ],
            [
              4.356667,
              45.4075
            ],
            [
              4.358889,
              45.408056
            ],
            [
              4.361389,
              45.408611
            ],
            [
              4.363611,
              45.409167
            ],
            [
              4.365833,
              45.409722
            ],
            [
              4.368333,
              45.410556
            ],
            [
              4.370556,
              45.411111
            ],
            [
              4.372778,
              45.411944
            ],
            [
              4.375,
              45.4125
            ],
            [
              4.377222,
              45.413333
            ],
            [
              4.379444,
              45.413889
            ],
            [
              4.381667,
              45.414722
            ],
            [
              4.383889,
              45.415556
            ],
            [
              4.386111,
              45.416389
            ],
            [
              4.388333,
              45.417222
            ],
            [
              4.390556,
              45.418056
            ],
            [
              4.392778,
              45.418889
            ],
            [
              4.394722,
              45.419722
            ],
            [
              4.396944,
              45.420556
            ],
            [
              4.398889,
              45.421667
            ],
            [
              4.401111,
              45.4225
            ],
            [
              4.403056,
              45.423611
            ],
            [
              4.405278,
              45.424444
            ],
            [
              4.407222,
              45.425556
            ],
            [
              4.409167,
              45.426389
            ],
            [
              4.411111,
              45.4275
            ],
            [
              4.399167,
              45.52
            ],
            [
              4.175,
              45.462778
            ]
          ]
        ]
      },
      "properties": {
        "name": "SAINT ETIENNE CTR 2",
        "owner": "MM",
        "owners": [
          "MHT",
          "CK",
          "CF",
          "MMW",
          "RAW",
          "MM"
        ],
        "min": 0,
        "cur": 0,
        "max": 44,
        "color_hex": "#909967",
        "stroke": "#909967",
        "stroke-width": 1,
        "stroke-opacity": 0.7,
        "fill": "#909967",
        "fill-opacity": 0.3
      }
    },
    {
      "type": "Feature",
      "geometry": {
        "type": "Polygon",
        "coordinates": [
          [
            [
              4.175,
              45.462778
            ],
            [
              4.108889,
              45.581667
            ],
            [
              4.093333,
              45.609722
            ],
            [
              4.096944,
              45.614444
            ],
            [
              4.1,
              45.618056
            ],
            [
              4.103056,
              45.621389
            ],
            [
              4.106389,
              45.625
            ],
            [
              4.11,
              45.628333
            ],
            [
              4.113611,
              45.631944
            ],
            [
              4.117222,
              45.635278
            ],
            [
              4.121111,
              45.638333
            ],
            [
              4.125,
              45.641667
            ],
            [
              4.128889,
              45.644722
            ],
            [
              4.133056,
              45.647778
            ],
            [
              4.1375,
              45.650556
            ],
            [
              4.141944,
              45.653611
            ],
            [
              4.146389,
              45.656389
            ],
            [
              4.150833,
              45.658889
            ],
            [
              4.155556,
              45.661667
            ],
            [
              4.160556,
              45.664167
            ],
            [
              4.165278,
              45.666667
            ],
            [
              4.170278,
              45.668889
            ],
            [
              4.175278,
              45.671111
            ],
            [
              4.180556,
              45.673333
            ],
            [
              4.185833,
              45.675556
            ],
            [
              4.191111,
              45.6775
            ],
            [
              4.196389,
              45.679444
            ],
            [
              4.201944,
              45.681111
            ],
            [
              4.207222,
              45.682778
            ],
            [
              4.213056,
              45.684444
            ],
            [
              4.218611,
              45.685833
            ],
            [
              4.224167,
              45.687222
            ],
            [
              4.23,
              45.688611
            ],
            [
              4.235833,
              45.689722
            ],
            [
              4.241667,
              45.690833
            ],
            [
              4.2475,
              45.691667
            ],
            [
              4.253333,
              45.6925
            ],
            [
              4.259167,
              45.693333
            ],
            [
              4.265278,
              45.693889
            ],
            [
              4.271111,
              45.694444
            ],
            [
              4.277222,
              45.695
            ],
            [
              4.283056,
              45.695278
            ],
            [
              4.289167,
              45.695278
            ],
            [
              4.295,
              45.695556
            ],
            [
              4.301111,
              45.695556
            ],
            [
              4.307222,
              45.695278
            ],
            [
              4.313056,
              45.695
            ],
            [
              4.319167,
              45.694722
            ],
            [
              4.325,
              45.694444
            ],
            [
              4.331111,
              45.693611
            ],
            [
              4.336944,
              45.693056
            ],
            [
              4.343056,
              45.692222
            ],
            [
              4.348889,
              45.691389
            ],
            [
              4.354722,
              45.690278
            ],
            [
              4.360556,
              45.689167
            ],
            [
              4.366111,
              45.688056
            ],
            [
              4.371944,
              45.686667
            ],
            [
              4.3775,
              45.685278
            ],
            [
              4.3775,
              45.685556
            ],
            [
              4.399167,
              45.52
            ],
            [
              4.175,
              45.462778
            ]
          ]
        ]
      },
      "properties": {
        "name": "SAINT ETIENNE CTR 1",
        "owner": "MM",
        "owners": [
          "MHT",
          "CK",
          "CF",
          "MMW",
          "RAW",
          "MM"
        ],
        "min": 0,
        "cur": 0,
        "max": 31,
        "color_hex": "#909967",
        "stroke": "#909967",
        "stroke-width": 1,
        "stroke-opacity": 0.7,
        "fill": "#909967",
        "fill-opacity": 0.3
      }
    },
    {
      "type": "Feature",
      "geometry": {
        "type": "Polygon",
        "coordinates": [
          [
            [
              2.388889,
              44.53
            ],
            [
              2.384167,
              44.528056
            ],
            [
              2.379722,
              44.526111
            ],
            [
              2.375556,
              44.524167
            ],
            [
              2.371389,
              44.522222
            ],
            [
              2.367222,
              44.52
            ],
            [
              2.363333,
              44.517778
            ],
            [
              2.359167,
              44.515556
            ],
            [
              2.355278,
              44.513333
            ],
            [
              2.351667,
              44.510833
            ],
            [
              2.347778,
              44.508333
            ],
            [
              2.344167,
              44.505833
            ],
            [
              2.340833,
              44.503333
            ],
            [
              2.337222,
              44.500833
            ],
            [
              2.333889,
              44.498056
            ],
            [
              2.330833,
              44.495278
            ],
            [
              2.3275,
              44.4925
            ],
            [
              2.324444,
              44.489444
            ],
            [
              2.321667,
              44.486667
            ],
            [
              2.318611,
              44.483611
            ],
            [
              2.315833,
              44.480556
            ],
            [
              2.313333,
              44.4775
            ],
            [
              2.310833,
              44.474444
            ],
            [
              2.308333,
              44.471389
            ],
            [
              2.306111,
              44.468056
            ],
            [
              2.303889,
              44.464722
            ],
            [
              2.301944,
              44.461667
            ],
            [
              2.299722,
              44.458333
            ],
            [
              2.298056,
              44.455
            ],
            [
              2.296389,
              44.451389
            ],
            [
              2.294722,
              44.448056
            ],
            [
              2.293056,
              44.444722
            ],
            [
              2.291667,
              44.441111
            ],
            [
              2.290556,
              44.437778
            ],
            [
              2.289444,
              44.434167
            ],
            [
              2.288333,
              44.430556
            ],
            [
              2.2875,
              44.427222
            ],
            [
              2.286667,
              44.423611
            ],
            [
              2.286111,
              44.42
            ],
            [
              2.285556,
              44.416389
            ],
            [
              2.285278,
              44.412778
            ],
            [
              2.285,
              44.409167
            ],
            [
              2.284722,
              44.405556
            ],
            [
              2.284722,
              44.401944
            ],
            [
              2.285,
              44.398333
            ],
            [
              2.285278,
              44.394722
            ],
            [
              2.285556,
              44.391111
            ],
            [
              2.286111,
              44.3875
            ],
            [
              2.286667,
              44.383889
            ],
            [
              2.2875,
              44.380556
            ],
            [
              2.470278,
              44.275556
            ],
            [
              2.473056,
              44.275556
            ],
            [
              2.475833,
              44.275278
            ],
            [
              2.478611,
              44.275278
            ],
            [
              2.481667,
              44.275278
            ],
            [
              2.484444,
              44.275
            ],
            [
              2.4875,
              44.275
            ],
            [
              2.490278,
              44.275
            ],
            [
              2.493333,
              44.275278
            ],
            [
              2.496111,
              44.275278
            ],
            [
              2.498889,
              44.275278
            ],
            [
              2.501944,
              44.275556
            ],
            [
              2.504722,
              44.275556
            ],
            [
              2.507778,
              44.275833
            ],
            [
              2.510556,
              44.276111
            ],
            [
              2.513333,
              44.276389
            ],
            [
              2.516111,
              44.276667
            ],
            [
              2.519167,
              44.277222
            ],
            [
              2.521944,
              44.2775
            ],
            [
              2.524722,
              44.277778
            ],
            [
              2.5275,
              44.278333
            ],
            [
              2.530556,
              44.278889
            ],
            [
              2.533333,
              44.279444
            ],
            [
              2.536111,
              44.279722
            ],
            [
              2.538889,
              44.280556
            ],
            [
              2.541667,
              44.281111
            ],
            [
              2.544444,
              44.281667
            ],
            [
              2.546944,
              44.282222
            ],
            [
              2.549722,
              44.283056
            ],
            [
              2.5525,
              44.283889
            ],
            [
              2.555278,
              44.284444
            ],
            [
              2.557778,
              44.285278
            ],
            [
              2.560556,
              44.286111
            ],
            [
              2.563056,
              44.286944
            ],
            [
              2.565833,
              44.287778
            ],
            [
              2.568333,
              44.288889
            ],
            [
              2.570833,
              44.289722
            ],
            [
              2.573611,
              44.290833
            ],
            [
              2.576111,
              44.291667
            ],
            [
              2.578611,
              44.292778
            ],
            [
              2.581111,
              44.293889
            ],
            [
              2.583611,
              44.295
            ],
            [
              2.585833,
              44.296111
            ],
            [
              2.588333,
              44.297222
            ],
            [
              2.590833,
              44.298333
            ],
            [
              2.593056,
              44.299444
            ],
            [
              2.595556,
              44.300833
            ],
            [
              2.597778,
              44.301944
            ],
            [
              2.6,
              44.303333
            ],
            [
              2.602222,
              44.304722
            ],
            [
              2.604444,
              44.306111
            ],
            [
              2.606667,
              44.307222
            ],
            [
              2.608889,
              44.308611
            ],
            [
              2.610833,
              44.310278
            ],
            [
              2.613056,
              44.311667
            ],
            [
              2.615,
              44.313056
            ],
            [
              2.616944,
              44.314444
            ],
            [
              2.619167,
              44.316111
            ],
            [
              2.621111,
              44.3175
            ],
            [
              2.623056,
              44.319167
            ],
            [
              2.624722,
              44.320556
            ],
            [
              2.626667,
              44.322222
            ],
            [
              2.628611,
              44.323889
            ],
            [
              2.630278,
              44.325556
            ],
            [
              2.631944,
              44.327222
            ],
            [
              2.633611,
              44.328889
            ],
            [
              2.635278,
              44.330556
            ],
            [
              2.636944,
              44.332222
            ],
            [
              2.638611,
              44.333889
            ],
            [
              2.640278,
              44.335833
            ],
            [
              2.641667,
              44.3375
            ],
            [
              2.643056,
              44.339444
            ],
            [
              2.644444,
              44.341111
            ],
            [
              2.645833,
              44.343056
            ],
            [
              2.647222,
              44.344722
            ],
            [
              2.648611,
              44.346667
            ],
            [
              2.65,
              44.348611
            ],
            [
              2.651111,
              44.350278
            ],
            [
              2.652222,
              44.352222
            ],
            [
              2.653333,
              44.354167
            ],
            [
              2.654444,
              44.356111
            ],
            [
              2.655556,
              44.358056
            ],
            [
              2.656667,
              44.36
            ],
            [
              2.6575,
              44.361944
            ],
            [
              2.658333,
              44.363889
            ],
            [
              2.659167,
              44.365833
            ],
            [
              2.66,
              44.367778
            ],
            [
              2.660833,
              44.369722
            ],
            [
              2.661667,
              44.371944
            ],
            [
              2.388889,
              44.53
            ]
          ]
        ]
      },
      "properties": {
        "name": "RODEZ CTR",
        "owner": "MM",
        "owners": [
          "CRT",
          "CN",
          "CF",
          "MMW",
          "RAW",
          "MM"
        ],
        "min": 0,
        "cur": 0,
        "max": 39,
        "color_hex": "#909967",
        "stroke": "#909967",
        "stroke-width": 1,
        "stroke-opacity": 0.7,
        "fill": "#909967",
        "fill-opacity": 0.3
      }
    },
    {
      "type": "Feature",
      "geometry": {
        "type": "Polygon",
        "coordinates": [
          [
            [
              5.054167,
              43.581667
            ],
            [
              5.119167,
              43.522222
            ],
            [
              5.120556,
              43.522222
            ],
            [
              5.123056,
              43.5225
            ],
            [
              5.125556,
              43.522778
            ],
            [
              5.127778,
              43.523056
            ],
            [
              5.130278,
              43.523333
            ],
            [
              5.132778,
              43.523889
            ],
            [
              5.135278,
              43.524167
            ],
            [
              5.1375,
              43.524722
            ],
            [
              5.14,
              43.525
            ],
            [
              5.1425,
              43.525556
            ],
            [
              5.144722,
              43.526111
            ],
            [
              5.146944,
              43.526944
            ],
            [
              5.149444,
              43.5275
            ],
            [
              5.151667,
              43.528056
            ],
            [
              5.153889,
              43.528889
            ],
            [
              5.156389,
              43.529722
            ],
            [
              5.158611,
              43.530556
            ],
            [
              5.160833,
              43.531389
            ],
            [
              5.162778,
              43.532222
            ],
            [
              5.165,
              43.533056
            ],
            [
              5.167222,
              43.533889
            ],
            [
              5.169167,
              43.535
            ],
            [
              5.171389,
              43.536111
            ],
            [
              5.173333,
              43.536944
            ],
            [
              5.175278,
              43.538056
            ],
            [
              5.1775,
              43.539167
            ],
            [
              5.179444,
              43.540278
            ],
            [
              5.181111,
              43.541389
            ],
            [
              5.183056,
              43.542778
            ],
            [
              5.185,
              43.543889
            ],
            [
              5.186667,
              43.545278
            ],
            [
              5.188333,
              43.546389
            ],
            [
              5.190278,
              43.547778
            ],
            [
              5.191944,
              43.549167
            ],
            [
              5.193611,
              43.550556
            ],
            [
              5.195,
              43.551944
            ],
            [
              5.196667,
              43.553333
            ],
            [
              5.198056,
              43.554722
            ],
            [
              5.199444,
              43.556111
            ],
            [
              5.201111,
              43.557778
            ],
            [
              5.202222,
              43.559167
            ],
            [
              5.203611,
              43.560833
            ],
            [
              5.205,
              43.562222
            ],
            [
              5.206111,
              43.563889
            ],
            [
              5.207222,
              43.565556
            ],
            [
              5.208333,
              43.567222
            ],
            [
              5.209444,
              43.568611
            ],
            [
              5.210556,
              43.570278
            ],
            [
              5.211389,
              43.571944
            ],
            [
              5.2125,
              43.573611
            ],
            [
              5.213333,
              43.575556
            ],
            [
              5.214167,
              43.577222
            ],
            [
              5.215,
              43.578889
            ],
            [
              5.215556,
              43.580556
            ],
            [
              5.216389,
              43.582222
            ],
            [
              5.216944,
              43.583889
            ],
            [
              5.317778,
              43.565278
            ],
            [
              5.294167,
              43.517778
            ],
            [
              5.363611,
              43.453889
            ],
            [
              5.408889,
              43.452778
            ],
            [
              5.409167,
              43.356111
            ],
            [
              5.408889,
              43.252778
            ],
            [
              5.388056,
              43.252778
            ],
            [
              5.179444,
              43.252778
            ],
            [
              5.091389,
              43.346111
            ],
            [
              5.058056,
              43.4
            ],
            [
              5.031111,
              43.523611
            ],
            [
              5.011111,
              43.538889
            ],
            [
              5.021944,
              43.549722
            ],
            [
              5.027222,
              43.555278
            ],
            [
              5.054167,
              43.581667
            ]
          ]
        ]
      },
      "properties": {
        "name": "PROVENCE CTR",
        "owner": "MM",
        "owners": [
          "MLT",
          "ME",
          "MMW",
          "RAW",
          "MM"
        ],
        "min": 0,
        "cur": 0,
        "max": 24,
        "color_hex": "#909967",
        "stroke": "#909967",
        "stroke-width": 1,
        "stroke-opacity": 0.7,
        "fill": "#909967",
        "fill-opacity": 0.3
      }
    },
    {
      "type": "Feature",
      "geometry": {
        "type": "Polygon",
        "coordinates": [
          [
            [
              2.929167,
              42.875556
            ],
            [
              3.0,
              42.686667
            ],
            [
              2.998889,
              42.685278
            ],
            [
              2.997778,
              42.684167
            ],
            [
              2.996667,
              42.682778
            ],
            [
              2.995278,
              42.681667
            ],
            [
              2.994167,
              42.680278
            ],
            [
              2.992778,
              42.679167
            ],
            [
              2.991667,
              42.678056
            ],
            [
              2.990278,
              42.676667
            ],
            [
              2.988889,
              42.675556
            ],
            [
              2.987778,
              42.674444
            ],
            [
              2.986389,
              42.673333
            ],
            [
              2.985,
              42.672222
            ],
            [
              2.983611,
              42.671111
            ],
            [
              2.982222,
              42.67
            ],
            [
              2.980556,
              42.668889
            ],
            [
              2.979167,
              42.667778
            ],
            [
              2.977778,
              42.666667
            ],
            [
              2.976389,
              42.665556
            ],
            [
              2.974722,
              42.664444
            ],
            [
              2.973333,
              42.663611
            ],
            [
              2.971667,
              42.6625
            ],
            [
              2.97,
              42.661667
            ],
            [
              2.968611,
              42.660556
            ],
            [
              2.966944,
              42.659722
            ],
            [
              2.965278,
              42.658611
            ],
            [
              2.963611,
              42.657778
            ],
            [
              2.961944,
              42.656667
            ],
            [
              2.960278,
              42.655833
            ],
            [
              2.958611,
              42.655
            ],
            [
              2.956944,
              42.654167
            ],
            [
              2.955278,
              42.653333
            ],
            [
              2.953611,
              42.6525
            ],
            [
              2.951667,
              42.651667
            ],
            [
              2.95,
              42.650833
            ],
            [
              2.948333,
              42.65
            ],
            [
              2.946389,
              42.649167
            ],
            [
              2.944722,
              42.648611
            ],
            [
              2.942778,
              42.647778
            ],
            [
              2.941111,
              42.646944
            ],
            [
              2.939167,
              42.646389
            ],
            [
              2.937222,
              42.645556
            ],
            [
              2.935556,
              42.645
            ],
            [
              2.933611,
              42.644444
            ],
            [
              2.931667,
              42.643611
            ],
            [
              2.929722,
              42.643056
            ],
            [
              2.927778,
              42.6425
            ],
            [
              2.925833,
              42.641944
            ],
            [
              2.923889,
              42.641389
            ],
            [
              2.921944,
              42.640833
            ],
            [
              2.92,
              42.640278
            ],
            [
              2.918056,
              42.639722
            ],
            [
              2.916111,
              42.639444
            ],
            [
              2.914167,
              42.638889
            ],
            [
              2.912222,
              42.638333
            ],
            [
              2.910278,
              42.638056
            ],
            [
              2.908333,
              42.6375
            ],
            [
              2.906111,
              42.637222
            ],
            [
              2.904167,
              42.636944
            ],
            [
              2.902222,
              42.636667
            ],
            [
              2.900278,
              42.636111
            ],
            [
              2.898056,
              42.635833
            ],
            [
              2.896111,
              42.635556
            ],
            [
              2.894167,
              42.635278
            ],
            [
              2.891944,
              42.635
            ],
            [
              2.89,
              42.634722
            ],
            [
              2.888056,
              42.634722
            ],
            [
              2.885833,
              42.634444
            ],
            [
              2.883889,
              42.634167
            ],
            [
              2.881667,
              42.634167
            ],
            [
              2.879722,
              42.633889
            ],
            [
              2.8775,
              42.633889
            ],
            [
              2.875556,
              42.633889
            ],
            [
              2.873611,
              42.633611
            ],
            [
              2.871389,
              42.633611
            ],
            [
              2.869444,
              42.633611
            ],
            [
              2.867222,
              42.633611
            ],
            [
              2.865278,
              42.633611
            ],
            [
              2.863056,
              42.633611
            ],
            [
              2.861111,
              42.633611
            ],
            [
              2.858889,
              42.633889
            ],
            [
              2.706944,
              42.813889
            ],
            [
              2.708333,
              42.815556
            ],
            [
              2.709722,
              42.817222
            ],
            [
              2.711111,
              42.818889
            ],
            [
              2.7125,
              42.820833
            ],
            [
              2.713889,
              42.8225
            ],
            [
              2.715556,
              42.824167
            ],
            [
              2.717222,
              42.825833
            ],
            [
              2.718611,
              42.827778
            ],
            [
              2.720278,
              42.829444
            ],
            [
              2.721944,
              42.831111
            ],
            [
              2.723889,
              42.8325
            ],
            [
              2.725556,
              42.834167
            ],
            [
              2.727222,
              42.835833
            ],
            [
              2.729167,
              42.8375
            ],
            [
              2.731111,
              42.838889
            ],
            [
              2.732778,
              42.840556
            ],
            [
              2.734722,
              42.841944
            ],
            [
              2.736667,
              42.843611
            ],
            [
              2.738889,
              42.845
            ],
            [
              2.740833,
              42.846389
            ],
            [
              2.742778,
              42.847778
            ],
            [
              2.745,
              42.849167
            ],
            [
              2.746944,
              42.850556
            ],
            [
              2.749167,
              42.851944
            ],
            [
              2.751944,
              42.853611
            ],
            [
              2.753611,
              42.854722
            ],
            [
              2.755556,
              42.855833
            ],
            [
              2.758056,
              42.857222
            ],
            [
              2.760278,
              42.858333
            ],
            [
              2.7625,
              42.859444
            ],
            [
              2.764722,
              42.860833
            ],
            [
              2.767222,
              42.861944
            ],
            [
              2.769444,
              42.863056
            ],
            [
              2.771944,
              42.864167
            ],
            [
              2.774444,
              42.865278
            ],
            [
              2.776667,
              42.866111
            ],
            [
              2.779167,
              42.867222
            ],
            [
              2.781667,
              42.868333
            ],
            [
              2.784167,
              42.869167
            ],
            [
              2.786667,
              42.87
            ],
            [
              2.789167,
              42.871111
            ],
            [
              2.791944,
              42.871944
            ],
            [
              2.794444,
              42.872778
            ],
            [
              2.796944,
              42.873611
            ],
            [
              2.799722,
              42.874444
            ],
            [
              2.802222,
              42.875
            ],
            [
              2.805,
              42.875833
            ],
            [
              2.8075,
              42.876389
            ],
            [
              2.810278,
              42.877222
            ],
            [
              2.812778,
              42.877778
            ],
            [
              2.815556,
              42.878333
            ],
            [
              2.818333,
              42.878889
            ],
            [
              2.821111,
              42.879444
            ],
            [
              2.823889,
              42.88
            ],
            [
              2.826389,
              42.880556
            ],
            [
              2.829167,
              42.880833
            ],
            [
              2.831944,
              42.881389
            ],
            [
              2.834722,
              42.881667
            ],
            [
              2.8375,
              42.881944
            ],
            [
              2.840278,
              42.8825
            ],
            [
              2.843056,
              42.882778
            ],
            [
              2.846111,
              42.882778
            ],
            [
              2.848889,
              42.883056
            ],
            [
              2.851667,
              42.883333
            ],
            [
              2.854444,
              42.883611
            ],
            [
              2.857222,
              42.883611
            ],
            [
              2.86,
              42.883611
            ],
            [
              2.862778,
              42.883889
            ],
            [
              2.865556,
              42.883889
            ],
            [
              2.868611,
              42.883889
            ],
            [
              2.871389,
              42.883889
            ],
            [
              2.874167,
              42.883611
            ],
            [
              2.876944,
              42.883611
            ],
            [
              2.879722,
              42.883611
            ],
            [
              2.8825,
              42.883333
            ],
            [
              2.885278,
              42.883056
            ],
            [
              2.888333,
              42.882778
            ],
            [
              2.891111,
              42.882778
            ],
            [
              2.893889,
              42.882222
            ],
            [
              2.896667,
              42.881944
            ],
            [
              2.899444,
              42.881667
            ],
            [
              2.902222,
              42.881389
            ],
            [
              2.905,
              42.880833
            ],
            [
              2.907778,
              42.880556
            ],
            [
              2.910278,
              42.88
            ],
            [
              2.913056,
              42.879444
            ],
            [
              2.915833,
              42.878889
            ],
            [
              2.918611,
              42.878333
            ],
            [
              2.921389,
              42.877778
            ],
            [
              2.923889,
              42.877222
            ],
            [
              2.926667,
              42.876389
            ],
            [
              2.929167,
              42.875556
            ]
          ]
        ]
      },
      "properties": {
        "name": "PERPIGNAN CTR",
        "owner": "MM",
        "owners": [
          "MPT",
          "FA",
          "FE",
          "MMW",
          "RAW",
          "MM"
        ],
        "min": 0,
        "cur": 0,
        "max": 19,
        "color_hex": "#909967",
        "stroke": "#909967",
        "stroke-width": 1,
        "stroke-opacity": 0.7,
        "fill": "#909967",
        "fill-opacity": 0.3
      }
    },
    {
      "type": "Feature",
      "geometry": {
        "type": "Polygon",
        "coordinates": [
          [
            [
              7.433056,
              43.708611
            ],
            [
              7.433056,
              43.608889
            ],
            [
              7.4125,
              43.600278
            ],
            [
              7.374444,
              43.584444
            ],
            [
              7.160278,
              43.495556
            ],
            [
              7.121667,
              43.486111
            ],
            [
              7.121667,
              43.526111
            ],
            [
              7.114722,
              43.548056
            ],
            [
              7.115,
              43.548889
            ],
            [
              7.115556,
              43.55
            ],
            [
              7.115556,
              43.551111
            ],
            [
              7.115833,
              43.5525
            ],
            [
              7.115833,
              43.553611
            ],
            [
              7.115556,
              43.554722
            ],
            [
              7.115556,
              43.555833
            ],
            [
              7.115,
              43.556944
            ],
            [
              7.114722,
              43.558056
            ],
            [
              7.114167,
              43.558889
            ],
            [
              7.113333,
              43.56
            ],
            [
              7.1125,
              43.561111
            ],
            [
              7.111667,
              43.561944
            ],
            [
              7.110833,
              43.562778
            ],
            [
              7.109722,
              43.563611
            ],
            [
              7.108611,
              43.564444
            ],
            [
              7.1075,
              43.565278
            ],
            [
              7.106111,
              43.565833
            ],
            [
              7.104722,
              43.566389
            ],
            [
              7.103333,
              43.566944
            ],
            [
              7.101944,
              43.567222
            ],
            [
              7.100278,
              43.567778
            ],
            [
              7.098889,
              43.568056
            ],
            [
              7.097222,
              43.568056
            ],
            [
              7.095833,
              43.568333
            ],
            [
              7.094167,
              43.568333
            ],
            [
              7.092778,
              43.568333
            ],
            [
              7.091111,
              43.568056
            ],
            [
              7.089722,
              43.567778
            ],
            [
              7.088056,
              43.5675
            ],
            [
              7.086667,
              43.567222
            ],
            [
              7.085278,
              43.566667
            ],
            [
              7.083889,
              43.566111
            ],
            [
              7.0825,
              43.565556
            ],
            [
              7.081111,
              43.564722
            ],
            [
              7.08,
              43.564167
            ],
            [
              7.078889,
              43.563333
            ],
            [
              7.078056,
              43.5625
            ],
            [
              7.076944,
              43.561389
            ],
            [
              7.053056,
              43.538056
            ],
            [
              7.041667,
              43.560833
            ],
            [
              7.0,
              43.641944
            ],
            [
              7.206389,
              43.723056
            ],
            [
              7.268889,
              43.747778
            ],
            [
              7.278889,
              43.751667
            ],
            [
              7.433056,
              43.751667
            ],
            [
              7.433056,
              43.708611
            ]
          ]
        ]
      },
      "properties": {
        "name": "NICE CTR",
        "owner": "MM",
        "owners": [
          "MNT",
          "ND",
          "NO",
          "MME",
          "RAE",
          "MM"
        ],
        "min": 0,
        "cur": 0,
        "max": 34,
        "color_hex": "#909967",
        "stroke": "#909967",
        "stroke-width": 1,
        "stroke-opacity": 0.7,
        "fill": "#909967",
        "fill-opacity": 0.3
      }
    },
    {
      "type": "Feature",
      "geometry": {
        "type": "Polygon",
        "coordinates": [
          [
            [
              4.061389,
              43.6075
            ],
            [
              4.080556,
              43.588056
            ],
            [
              4.154167,
              43.584167
            ],
            [
              4.154722,
              43.584167
            ],
            [
              4.154722,
              43.582778
            ],
            [
              4.154722,
              43.581389
            ],
            [
              4.154722,
              43.58
            ],
            [
              4.154722,
              43.578333
            ],
            [
              4.154722,
              43.576944
            ],
            [
              4.154722,
              43.575556
            ],
            [
              4.154722,
              43.573889
            ],
            [
              4.154444,
              43.5725
            ],
            [
              4.154444,
              43.571111
            ],
            [
              4.154167,
              43.569722
            ],
            [
              4.154167,
              43.568056
            ],
            [
              4.153889,
              43.566667
            ],
            [
              4.153611,
              43.565278
            ],
            [
              4.153333,
              43.563889
            ],
            [
              4.153056,
              43.562222
            ],
            [
              4.152778,
              43.560833
            ],
            [
              4.1525,
              43.559444
            ],
            [
              4.152222,
              43.558056
            ],
            [
              4.151944,
              43.556667
            ],
            [
              4.151389,
              43.555
            ],
            [
              4.151111,
              43.553611
            ],
            [
              4.150833,
              43.552222
            ],
            [
              4.150278,
              43.550833
            ],
            [
              4.149722,
              43.549444
            ],
            [
              4.149444,
              43.548056
            ],
            [
              4.148889,
              43.546389
            ],
            [
              4.148333,
              43.545
            ],
            [
              4.147778,
              43.543611
            ],
            [
              4.147222,
              43.542222
            ],
            [
              4.146667,
              43.540833
            ],
            [
              4.146111,
              43.539444
            ],
            [
              4.145278,
              43.538056
            ],
            [
              4.144722,
              43.536667
            ],
            [
              4.144167,
              43.535278
            ],
            [
              4.143333,
              43.533889
            ],
            [
              4.1425,
              43.5325
            ],
            [
              4.141944,
              43.531111
            ],
            [
              4.141111,
              43.529722
            ],
            [
              4.140278,
              43.528333
            ],
            [
              4.139444,
              43.527222
            ],
            [
              4.138611,
              43.525833
            ],
            [
              4.137778,
              43.524444
            ],
            [
              4.136944,
              43.523056
            ],
            [
              4.136111,
              43.521667
            ],
            [
              4.135278,
              43.520556
            ],
            [
              4.134444,
              43.519167
            ],
            [
              4.133333,
              43.517778
            ],
            [
              4.1325,
              43.516667
            ],
            [
              4.131389,
              43.515278
            ],
            [
              4.130556,
              43.513889
            ],
            [
              4.129444,
              43.512778
            ],
            [
              4.128333,
              43.511389
            ],
            [
              4.127222,
              43.510278
            ],
            [
              4.126389,
              43.508889
            ],
            [
              4.125278,
              43.507778
            ],
            [
              4.124167,
              43.506389
            ],
            [
              4.123056,
              43.505278
            ],
            [
              4.121667,
              43.504167
            ],
            [
              4.120556,
              43.502778
            ],
            [
              4.119444,
              43.501667
            ],
            [
              4.118333,
              43.500556
            ],
            [
              4.116944,
              43.499444
            ],
            [
              4.115833,
              43.498056
            ],
            [
              4.114444,
              43.496944
            ],
            [
              4.113333,
              43.495833
            ],
            [
              4.111944,
              43.494722
            ],
            [
              4.110556,
              43.493611
            ],
            [
              4.109444,
              43.4925
            ],
            [
              4.108056,
              43.491389
            ],
            [
              4.106667,
              43.490278
            ],
            [
              4.105278,
              43.489167
            ],
            [
              4.103889,
              43.488056
            ],
            [
              4.1025,
              43.487222
            ],
            [
              4.101111,
              43.486111
            ],
            [
              4.099722,
              43.485
            ],
            [
              4.098056,
              43.484167
            ],
            [
              4.096667,
              43.483056
            ],
            [
              4.095278,
              43.481944
            ],
            [
              4.093611,
              43.481111
            ],
            [
              4.092222,
              43.48
            ],
            [
              4.090556,
              43.479167
            ],
            [
              4.089167,
              43.478056
            ],
            [
              4.0875,
              43.477222
            ],
            [
              4.086111,
              43.476389
            ],
            [
              4.084444,
              43.475278
            ],
            [
              4.082778,
              43.474444
            ],
            [
              4.081111,
              43.473611
            ],
            [
              4.079444,
              43.472778
            ],
            [
              4.078056,
              43.471944
            ],
            [
              4.076389,
              43.471111
            ],
            [
              4.074722,
              43.470278
            ],
            [
              4.073056,
              43.469444
            ],
            [
              4.072778,
              43.469167
            ],
            [
              3.996944,
              43.475278
            ],
            [
              3.9,
              43.483056
            ],
            [
              3.871667,
              43.468056
            ],
            [
              3.866944,
              43.470278
            ],
            [
              3.863056,
              43.472222
            ],
            [
              3.858889,
              43.474444
            ],
            [
              3.855,
              43.476667
            ],
            [
              3.851389,
              43.478889
            ],
            [
              3.8475,
              43.481389
            ],
            [
              3.843889,
              43.483889
            ],
            [
              3.840278,
              43.486389
            ],
            [
              3.836944,
              43.488889
            ],
            [
              3.833611,
              43.491667
            ],
            [
              3.830278,
              43.494444
            ],
            [
              3.827222,
              43.497222
            ],
            [
              3.824167,
              43.5
            ],
            [
              3.821111,
              43.503056
            ],
            [
              3.818333,
              43.505833
            ],
            [
              3.815556,
              43.508889
            ],
            [
              3.813056,
              43.511944
            ],
            [
              3.810556,
              43.515278
            ],
            [
              3.808056,
              43.518333
            ],
            [
              3.805833,
              43.521667
            ],
            [
              3.803611,
              43.524722
            ],
            [
              3.801667,
              43.528056
            ],
            [
              3.799722,
              43.531389
            ],
            [
              3.798056,
              43.534722
            ],
            [
              3.796389,
              43.538333
            ],
            [
              3.795,
              43.541667
            ],
            [
              3.793611,
              43.545278
            ],
            [
              3.792222,
              43.548611
            ],
            [
              3.791111,
              43.552222
            ],
            [
              3.790278,
              43.555833
            ],
            [
              3.789444,
              43.559167
            ],
            [
              3.788611,
              43.562778
            ],
            [
              3.788056,
              43.566389
            ],
            [
              3.7875,
              43.57
            ],
            [
              3.787222,
              43.573611
            ],
            [
              3.786944,
              43.577222
            ],
            [
              3.786944,
              43.580833
            ],
            [
              3.787222,
              43.584444
            ],
            [
              3.787222,
              43.588056
            ],
            [
              3.787778,
              43.591667
            ],
            [
              3.788056,
              43.595278
            ],
            [
              3.788889,
              43.598889
            ],
            [
              3.789444,
              43.6025
            ],
            [
              3.790556,
              43.605833
            ],
            [
              3.791389,
              43.609444
            ],
            [
              3.792778,
              43.613056
            ],
            [
              3.793889,
              43.616389
            ],
            [
              3.795278,
              43.62
            ],
            [
              3.796944,
              43.623333
            ],
            [
              3.798611,
              43.626667
            ],
            [
              3.800278,
              43.630278
            ],
            [
              3.802222,
              43.633333
            ],
            [
              3.804444,
              43.636667
            ],
            [
              3.806667,
              43.64
            ],
            [
              3.808889,
              43.643333
            ],
            [
              3.811389,
              43.646389
            ],
            [
              3.813889,
              43.649444
            ],
            [
              3.816389,
              43.6525
            ],
            [
              3.819167,
              43.655556
            ],
            [
              3.822222,
              43.658611
            ],
            [
              3.825,
              43.661389
            ],
            [
              3.828056,
              43.664167
            ],
            [
              3.831389,
              43.666944
            ],
            [
              3.834722,
              43.669722
            ],
            [
              3.838056,
              43.672222
            ],
            [
              3.841667,
              43.675
            ],
            [
              3.845278,
              43.6775
            ],
            [
              3.848889,
              43.68
            ],
            [
              3.852778,
              43.682222
            ],
            [
              3.856389,
              43.684444
            ],
            [
              3.860556,
              43.686667
            ],
            [
              3.864444,
              43.688889
            ],
            [
              3.868611,
              43.690833
            ],
            [
              3.872778,
              43.692778
            ],
            [
              3.876944,
              43.694722
            ],
            [
              3.881389,
              43.696667
            ],
            [
              3.885833,
              43.698333
            ],
            [
              3.890278,
              43.7
            ],
            [
              3.894722,
              43.701389
            ],
            [
              3.899444,
              43.702778
            ],
            [
              3.903889,
              43.704167
            ],
            [
              3.908611,
              43.705556
            ],
            [
              3.913333,
              43.706667
            ],
            [
              3.918056,
              43.707778
            ],
            [
              3.922778,
              43.708889
            ],
            [
              3.927778,
              43.709722
            ],
            [
              3.9325,
              43.710556
            ],
            [
              3.9375,
              43.711111
            ],
            [
              3.9425,
              43.711667
            ],
            [
              3.9475,
              43.712222
            ],
            [
              3.952222,
              43.712778
            ],
            [
              3.957222,
              43.713056
            ],
            [
              4.061389,
              43.6075
            ]
          ]
        ]
      },
      "properties": {
        "name": "MONTPELLIER CTR",
        "owner": "MM",
        "owners": [
          "MTT",
          "FE",
          "MMW",
          "RAW",
          "MM"
        ],
        "min": 0,
        "cur": 0,
        "max": 14,
        "color_hex": "#909967",
        "stroke": "#909967",
        "stroke-width": 1,
        "stroke-opacity": 0.7,
        "fill": "#909967",
        "fill-opacity": 0.3
      }
    },
    {
      "type": "Feature",
      "geometry": {
        "type": "Polygon",
        "coordinates": [
          [
            [
              5.878056,
              45.2625
            ],
            [
              5.895556,
              45.246667
            ],
            [
              5.861667,
              45.215278
            ],
            [
              5.786111,
              45.174167
            ],
            [
              5.765556,
              45.193056
            ],
            [
              5.8325,
              45.238056
            ],
            [
              5.878056,
              45.2625
            ]
          ]
        ]
      },
      "properties": {
        "name": "LE VERSOUD RMZ",
        "owner": "MM",
        "owners": [
          "LGT",
          "VE",
          "VW",
          "MMW",
          "RAW",
          "MM"
        ],
        "min": 0,
        "cur": 0,
        "max": 26,
        "color_hex": "#909967",
        "stroke": "#909967",
        "stroke-width": 1,
        "stroke-opacity": 0.7,
        "fill": "#909967",
        "fill-opacity": 0.3
      }
    },
    {
      "type": "Feature",
      "geometry": {
        "type": "Polygon",
        "coordinates": [
          [
            [
              5.583611,
              45.423889
            ],
            [
              5.583611,
              45.328056
            ],
            [
              5.419444,
              45.279167
            ],
            [
              5.184444,
              45.279167
            ],
            [
              5.143333,
              45.279167
            ],
            [
              5.102778,
              45.279167
            ],
            [
              5.102778,
              45.425556
            ],
            [
              5.126111,
              45.43
            ],
            [
              5.181667,
              45.440556
            ],
            [
              5.523889,
              45.447778
            ],
            [
              5.545556,
              45.447778
            ],
            [
              5.583611,
              45.423889
            ]
          ]
        ]
      },
      "properties": {
        "name": "GRENOBLE CTR",
        "owner": "MM",
        "owners": [
          "LST",
          "VE",
          "VW",
          "MMW",
          "RAW",
          "MM"
        ],
        "min": 0,
        "cur": 0,
        "max": 34,
        "color_hex": "#909967",
        "stroke": "#909967",
        "stroke-width": 1,
        "stroke-opacity": 0.7,
        "fill": "#909967",
        "fill-opacity": 0.3
      }
    },
    {
      "type": "Feature",
      "geometry": {
        "type": "Polygon",
        "coordinates": [
          [
            [
              4.437222,
              43.948333
            ],
            [
              4.434444,
              43.948611
            ],
            [
              4.429444,
              43.948889
            ],
            [
              4.424167,
              43.948889
            ],
            [
              4.419167,
              43.948889
            ],
            [
              4.413889,
              43.948889
            ],
            [
              4.408889,
              43.948889
            ],
            [
              4.403611,
              43.948611
            ],
            [
              4.398611,
              43.948611
            ],
            [
              4.393333,
              43.948056
            ],
            [
              4.388333,
              43.947778
            ],
            [
              4.383333,
              43.947222
            ],
            [
              4.378056,
              43.946667
            ],
            [
              4.373056,
              43.946111
            ],
            [
              4.368056,
              43.945556
            ],
            [
              4.363056,
              43.944722
            ],
            [
              4.358056,
              43.943889
            ],
            [
              4.353056,
              43.943056
            ],
            [
              4.348056,
              43.941944
            ],
            [
              4.343056,
              43.941111
            ],
            [
              4.338333,
              43.94
            ],
            [
              4.333333,
              43.938611
            ],
            [
              4.328611,
              43.9375
            ],
            [
              4.323889,
              43.936111
            ],
            [
              4.319167,
              43.934722
            ],
            [
              4.314444,
              43.933333
            ],
            [
              4.309722,
              43.931667
            ],
            [
              4.305,
              43.93
            ],
            [
              4.300556,
              43.928333
            ],
            [
              4.295833,
              43.926667
            ],
            [
              4.291389,
              43.925
            ],
            [
              4.286944,
              43.923056
            ],
            [
              4.282778,
              43.921111
            ],
            [
              4.278333,
              43.919167
            ],
            [
              4.274167,
              43.916944
            ],
            [
              4.27,
              43.915
            ],
            [
              4.265833,
              43.912778
            ],
            [
              4.261667,
              43.910556
            ],
            [
              4.2575,
              43.908333
            ],
            [
              4.253611,
              43.905833
            ],
            [
              4.249722,
              43.903333
            ],
            [
              4.246111,
              43.900833
            ],
            [
              4.242222,
              43.898333
            ],
            [
              4.238611,
              43.895833
            ],
            [
              4.235,
              43.893333
            ],
            [
              4.231389,
              43.890556
            ],
            [
              4.228611,
              43.888056
            ],
            [
              4.196667,
              43.765556
            ],
            [
              4.286111,
              43.601389
            ],
            [
              4.303611,
              43.569167
            ],
            [
              4.303889,
              43.569167
            ],
            [
              4.306111,
              43.568611
            ],
            [
              4.308611,
              43.567778
            ],
            [
              4.311111,
              43.566944
            ],
            [
              4.313611,
              43.566389
            ],
            [
              4.316389,
              43.565556
            ],
            [
              4.318889,
              43.565
            ],
            [
              4.321389,
              43.564444
            ],
            [
              4.324167,
              43.563611
            ],
            [
              4.326667,
              43.563056
            ],
            [
              4.329444,
              43.5625
            ],
            [
              4.331944,
              43.561944
            ],
            [
              4.334722,
              43.561389
            ],
            [
              4.337222,
              43.560833
            ],
            [
              4.34,
              43.560278
            ],
            [
              4.3425,
              43.559722
            ],
            [
              4.345278,
              43.559167
            ],
            [
              4.347778,
              43.558611
            ],
            [
              4.350556,
              43.558333
            ],
            [
              4.353333,
              43.557778
            ],
            [
              4.355833,
              43.5575
            ],
            [
              4.358611,
              43.556944
            ],
            [
              4.361389,
              43.556667
            ],
            [
              4.364167,
              43.556389
            ],
            [
              4.366667,
              43.555833
            ],
            [
              4.369444,
              43.555556
            ],
            [
              4.372222,
              43.555278
            ],
            [
              4.375,
              43.555
            ],
            [
              4.3775,
              43.554722
            ],
            [
              4.380278,
              43.554444
            ],
            [
              4.383056,
              43.554167
            ],
            [
              4.385833,
              43.553889
            ],
            [
              4.388611,
              43.553611
            ],
            [
              4.391389,
              43.553611
            ],
            [
              4.393889,
              43.553333
            ],
            [
              4.396667,
              43.553333
            ],
            [
              4.399444,
              43.553056
            ],
            [
              4.402222,
              43.553056
            ],
            [
              4.405,
              43.552778
            ],
            [
              4.407778,
              43.552778
            ],
            [
              4.410556,
              43.552778
            ],
            [
              4.413333,
              43.552778
            ],
            [
              4.416111,
              43.552778
            ],
            [
              4.418611,
              43.552778
            ],
            [
              4.421389,
              43.552778
            ],
            [
              4.424167,
              43.552778
            ],
            [
              4.426944,
              43.552778
            ],
            [
              4.429722,
              43.552778
            ],
            [
              4.4325,
              43.553056
            ],
            [
              4.435278,
              43.553056
            ],
            [
              4.438056,
              43.553333
            ],
            [
              4.440833,
              43.553333
            ],
            [
              4.443333,
              43.553611
            ],
            [
              4.446111,
              43.553611
            ],
            [
              4.448889,
              43.553889
            ],
            [
              4.451667,
              43.554167
            ],
            [
              4.454444,
              43.554444
            ],
            [
              4.457222,
              43.554722
            ],
            [
              4.46,
              43.555
            ],
            [
              4.4625,
              43.555278
            ],
            [
              4.465278,
              43.555556
            ],
            [
              4.468056,
              43.555833
            ],
            [
              4.470833,
              43.556111
            ],
            [
              4.473333,
              43.556667
            ],
            [
              4.476111,
              43.556944
            ],
            [
              4.478889,
              43.5575
            ],
            [
              4.481389,
              43.557778
            ],
            [
              4.484167,
              43.558333
            ],
            [
              4.486944,
              43.558611
            ],
            [
              4.489444,
              43.559167
            ],
            [
              4.492222,
              43.559722
            ],
            [
              4.494722,
              43.560278
            ],
            [
              4.4975,
              43.560833
            ],
            [
              4.500278,
              43.561389
            ],
            [
              4.643889,
              43.8
            ],
            [
              4.551667,
              43.858056
            ],
            [
              4.525,
              43.875
            ],
            [
              4.523056,
              43.9325
            ],
            [
              4.518889,
              43.933889
            ],
            [
              4.514167,
              43.935278
            ],
            [
              4.509444,
              43.936667
            ],
            [
              4.504444,
              43.937778
            ],
            [
              4.499722,
              43.939167
            ],
            [
              4.494722,
              43.940278
            ],
            [
              4.49,
              43.941389
            ],
            [
              4.485,
              43.9425
            ],
            [
              4.48,
              43.943333
            ],
            [
              4.475,
              43.944167
            ],
            [
              4.47,
              43.945
            ],
            [
              4.465,
              43.945833
            ],
            [
              4.46,
              43.946389
            ],
            [
              4.455,
              43.946944
            ],
            [
              4.449722,
              43.9475
            ],
            [
              4.444722,
              43.948056
            ],
            [
              4.439444,
              43.948333
            ],
            [
              4.437222,
              43.948333
            ]
          ]
        ]
      },
      "properties": {
        "name": "GARONS CTR",
        "owner": "MM",
        "owners": [
          "TWT",
          "FE",
          "MMW",
          "RAW",
          "MM"
        ],
        "min": 0,
        "cur": 0,
        "max": 24,
        "color_hex": "#909967",
        "stroke": "#909967",
        "stroke-width": 1,
        "stroke-opacity": 0.7,
        "fill": "#909967",
        "fill-opacity": 0.3
      }
    },
    {
      "type": "Feature",
      "geometry": {
        "type": "Polygon",
        "coordinates": [
          [
            [
              9.082778,
              41.3325
            ],
            [
              8.833056,
              41.331944
            ],
            [
              8.833056,
              41.433056
            ],
            [
              9.208056,
              41.666667
            ],
            [
              9.299167,
              41.722778
            ],
            [
              9.333056,
              41.6
            ],
            [
              9.233056,
              41.466667
            ],
            [
              9.082778,
              41.3325
            ]
          ]
        ]
      },
      "properties": {
        "name": "FIGARI CTR",
        "owner": "MM",
        "owners": [
          "KFT",
          "KJ",
          "MME",
          "RAE",
          "MM"
        ],
        "min": 0,
        "cur": 0,
        "max": 34,
        "color_hex": "#909967",
        "stroke": "#909967",
        "stroke-width": 1,
        "stroke-opacity": 0.7,
        "fill": "#909967",
        "fill-opacity": 0.3
      }
    },
    {
      "type": "Feature",
      "geometry": {
        "type": "Polygon",
        "coordinates": [
          [
            [
              3.380833,
              45.861389
            ],
            [
              3.385833,
              45.860278
            ],
            [
              3.390556,
              45.859167
            ],
            [
              3.395556,
              45.857778
            ],
            [
              3.400278,
              45.856389
            ],
            [
              3.404722,
              45.854444
            ],
            [
              3.408889,
              45.8525
            ],
            [
              3.413056,
              45.850556
            ],
            [
              3.417222,
              45.848056
            ],
            [
              3.420833,
              45.845556
            ],
            [
              3.424444,
              45.843056
            ],
            [
              3.427778,
              45.840278
            ],
            [
              3.430833,
              45.837222
            ],
            [
              3.433611,
              45.834167
            ],
            [
              3.436111,
              45.831111
            ],
            [
              3.438333,
              45.827778
            ],
            [
              3.44,
              45.824444
            ],
            [
              3.441667,
              45.821111
            ],
            [
              3.443056,
              45.8175
            ],
            [
              3.444167,
              45.813889
            ],
            [
              3.444722,
              45.810556
            ],
            [
              3.445,
              45.806944
            ],
            [
              3.445,
              45.803333
            ],
            [
              3.444722,
              45.799722
            ],
            [
              3.444167,
              45.796111
            ],
            [
              3.443333,
              45.7925
            ],
            [
              3.441944,
              45.788889
            ],
            [
              3.440556,
              45.785556
            ],
            [
              3.438611,
              45.782222
            ],
            [
              3.436667,
              45.778889
            ],
            [
              3.434167,
              45.775833
            ],
            [
              3.431389,
              45.7725
            ],
            [
              3.428333,
              45.769722
            ],
            [
              3.425278,
              45.766944
            ],
            [
              3.421667,
              45.764167
            ],
            [
              3.418056,
              45.761667
            ],
            [
              3.414167,
              45.759444
            ],
            [
              3.41,
              45.757222
            ],
            [
              3.405833,
              45.755
            ],
            [
              3.401389,
              45.753056
            ],
            [
              3.236667,
              45.690556
            ],
            [
              3.234444,
              45.689722
            ],
            [
              3.232222,
              45.688889
            ],
            [
              3.23,
              45.688333
            ],
            [
              3.227778,
              45.6875
            ],
            [
              3.225556,
              45.686944
            ],
            [
              3.223333,
              45.686111
            ],
            [
              3.221111,
              45.685556
            ],
            [
              3.218889,
              45.684722
            ],
            [
              3.216389,
              45.684167
            ],
            [
              3.214167,
              45.683611
            ],
            [
              3.211944,
              45.683056
            ],
            [
              3.209444,
              45.6825
            ],
            [
              3.207222,
              45.681944
            ],
            [
              3.204722,
              45.681667
            ],
            [
              3.2025,
              45.681111
            ],
            [
              3.2,
              45.680556
            ],
            [
              3.197778,
              45.680278
            ],
            [
              3.195278,
              45.68
            ],
            [
              3.193056,
              45.679444
            ],
            [
              3.190556,
              45.679167
            ],
            [
              3.188056,
              45.678889
            ],
            [
              3.185556,
              45.678611
            ],
            [
              3.183333,
              45.678333
            ],
            [
              3.180833,
              45.678056
            ],
            [
              3.178333,
              45.678056
            ],
            [
              3.175833,
              45.677778
            ],
            [
              3.173611,
              45.677778
            ],
            [
              3.171111,
              45.6775
            ],
            [
              3.168611,
              45.6775
            ],
            [
              3.166111,
              45.6775
            ],
            [
              3.163611,
              45.6775
            ],
            [
              3.161111,
              45.6775
            ],
            [
              3.158889,
              45.6775
            ],
            [
              3.156389,
              45.6775
            ],
            [
              3.153889,
              45.6775
            ],
            [
              3.151389,
              45.677778
            ],
            [
              3.148889,
              45.677778
            ],
            [
              3.146667,
              45.678056
            ],
            [
              3.144167,
              45.678056
            ],
            [
              3.141667,
              45.678333
            ],
            [
              3.139167,
              45.678611
            ],
            [
              3.136944,
              45.678889
            ],
            [
              3.134444,
              45.679167
            ],
            [
              3.131944,
              45.679444
            ],
            [
              3.129722,
              45.679722
            ],
            [
              3.127222,
              45.680278
            ],
            [
              3.124722,
              45.680556
            ],
            [
              3.1225,
              45.681111
            ],
            [
              3.12,
              45.681389
            ],
            [
              3.117778,
              45.681944
            ],
            [
              3.115278,
              45.6825
            ],
            [
              3.113056,
              45.683056
            ],
            [
              3.110833,
              45.683611
            ],
            [
              3.108333,
              45.684167
            ],
            [
              3.106111,
              45.684722
            ],
            [
              3.103889,
              45.685278
            ],
            [
              3.101667,
              45.686111
            ],
            [
              3.099444,
              45.686667
            ],
            [
              3.097222,
              45.6875
            ],
            [
              3.095,
              45.688056
            ],
            [
              3.092778,
              45.688889
            ],
            [
              3.090556,
              45.689722
            ],
            [
              3.088333,
              45.690556
            ],
            [
              3.086111,
              45.691389
            ],
            [
              3.084167,
              45.692222
            ],
            [
              3.081944,
              45.693056
            ],
            [
              3.079722,
              45.693889
            ],
            [
              3.077778,
              45.695
            ],
            [
              3.075833,
              45.695833
            ],
            [
              3.073611,
              45.696667
            ],
            [
              3.071667,
              45.697778
            ],
            [
              3.069722,
              45.698889
            ],
            [
              3.067778,
              45.699722
            ],
            [
              3.065833,
              45.700833
            ],
            [
              3.063611,
              45.7025
            ],
            [
              3.062778,
              45.704444
            ],
            [
              3.061667,
              45.706389
            ],
            [
              3.060833,
              45.708056
            ],
            [
              3.059722,
              45.71
            ],
            [
              3.058889,
              45.711944
            ],
            [
              3.058056,
              45.713889
            ],
            [
              3.056944,
              45.715556
            ],
            [
              3.056111,
              45.7175
            ],
            [
              3.055278,
              45.719444
            ],
            [
              3.054444,
              45.721389
            ],
            [
              3.053611,
              45.723333
            ],
            [
              3.052778,
              45.725278
            ],
            [
              3.051944,
              45.726944
            ],
            [
              3.051111,
              45.728889
            ],
            [
              3.050278,
              45.730833
            ],
            [
              3.049722,
              45.732778
            ],
            [
              3.048889,
              45.734722
            ],
            [
              3.048056,
              45.736667
            ],
            [
              3.0475,
              45.738611
            ],
            [
              3.046667,
              45.740556
            ],
            [
              3.046111,
              45.7425
            ],
            [
              3.045556,
              45.744167
            ],
            [
              3.044722,
              45.746111
            ],
            [
              3.044167,
              45.748056
            ],
            [
              3.043611,
              45.75
            ],
            [
              3.043056,
              45.751944
            ],
            [
              3.0425,
              45.753889
            ],
            [
              3.041944,
              45.755833
            ],
            [
              3.041389,
              45.757778
            ],
            [
              3.040833,
              45.759722
            ],
            [
              3.040278,
              45.761667
            ],
            [
              3.039722,
              45.763611
            ],
            [
              3.039167,
              45.765833
            ],
            [
              3.038889,
              45.767778
            ],
            [
              3.038333,
              45.769722
            ],
            [
              3.038056,
              45.771667
            ],
            [
              3.0375,
              45.773611
            ],
            [
              3.037222,
              45.775556
            ],
            [
              3.036667,
              45.7775
            ],
            [
              3.036389,
              45.779444
            ],
            [
              3.036111,
              45.781389
            ],
            [
              3.035833,
              45.783333
            ],
            [
              3.035278,
              45.785278
            ],
            [
              3.035,
              45.787222
            ],
            [
              3.034722,
              45.789167
            ],
            [
              3.034722,
              45.791389
            ],
            [
              3.034444,
              45.793333
            ],
            [
              3.034167,
              45.795278
            ],
            [
              3.033889,
              45.797222
            ],
            [
              3.033611,
              45.799167
            ],
            [
              3.033611,
              45.801111
            ],
            [
              3.033333,
              45.803056
            ],
            [
              3.033333,
              45.805
            ],
            [
              3.033056,
              45.807222
            ],
            [
              3.033056,
              45.809167
            ],
            [
              3.032778,
              45.811111
            ],
            [
              3.032778,
              45.813056
            ],
            [
              3.032778,
              45.815
            ],
            [
              3.032778,
              45.816944
            ],
            [
              3.032778,
              45.818889
            ],
            [
              3.032778,
              45.821111
            ],
            [
              3.032778,
              45.823056
            ],
            [
              3.032778,
              45.825
            ],
            [
              3.032778,
              45.826944
            ],
            [
              3.032778,
              45.828889
            ],
            [
              3.033056,
              45.830833
            ],
            [
              3.033056,
              45.832778
            ],
            [
              3.033056,
              45.835
            ],
            [
              3.033333,
              45.836944
            ],
            [
              3.033333,
              45.838889
            ],
            [
              3.033611,
              45.840833
            ],
            [
              3.033611,
              45.842778
            ],
            [
              3.033889,
              45.844722
            ],
            [
              3.034167,
              45.846667
            ],
            [
              3.035556,
              45.848611
            ],
            [
              3.036944,
              45.85
            ],
            [
              3.038611,
              45.851389
            ],
            [
              3.04,
              45.852778
            ],
            [
              3.041667,
              45.854167
            ],
            [
              3.043056,
              45.855556
            ],
            [
              3.044722,
              45.856667
            ],
            [
              3.046389,
              45.858056
            ],
            [
              3.048056,
              45.859444
            ],
            [
              3.049722,
              45.860556
            ],
            [
              3.051389,
              45.861944
            ],
            [
              3.053333,
              45.863056
            ],
            [
              3.055,
              45.864167
            ],
            [
              3.056944,
              45.865556
            ],
            [
              3.058611,
              45.866667
            ],
            [
              3.060556,
              45.867778
            ],
            [
              3.0625,
              45.868889
            ],
            [
              3.064444,
              45.87
            ],
            [
              3.066389,
              45.871111
            ],
            [
              3.068333,
              45.872222
            ],
            [
              3.070278,
              45.873056
            ],
            [
              3.072222,
              45.874167
            ],
            [
              3.074167,
              45.875278
            ],
            [
              3.076389,
              45.876111
            ],
            [
              3.078333,
              45.876944
            ],
            [
              3.080556,
              45.878056
            ],
            [
              3.0825,
              45.878889
            ],
            [
              3.084722,
              45.879722
            ],
            [
              3.086944,
              45.880556
            ],
            [
              3.089167,
              45.881389
            ],
            [
              3.091389,
              45.882222
            ],
            [
              3.093611,
              45.883056
            ],
            [
              3.095833,
              45.883889
            ],
            [
              3.098056,
              45.884444
            ],
            [
              3.100278,
              45.885278
            ],
            [
              3.1025,
              45.885833
            ],
            [
              3.104722,
              45.886667
            ],
            [
              3.107222,
              45.887222
            ],
            [
              3.109444,
              45.887778
            ],
            [
              3.111944,
              45.888333
            ],
            [
              3.114167,
              45.888889
            ],
            [
              3.116667,
              45.889444
            ],
            [
              3.118889,
              45.89
            ],
            [
              3.121389,
              45.890278
            ],
            [
              3.123611,
              45.890833
            ],
            [
              3.126111,
              45.891111
            ],
            [
              3.128611,
              45.891667
            ],
            [
              3.131111,
              45.891944
            ],
            [
              3.133333,
              45.892222
            ],
            [
              3.135833,
              45.8925
            ],
            [
              3.138333,
              45.892778
            ],
            [
              3.140833,
              45.893056
            ],
            [
              3.143333,
              45.893333
            ],
            [
              3.145833,
              45.893611
            ],
            [
              3.148056,
              45.893889
            ],
            [
              3.150556,
              45.893889
            ],
            [
              3.153056,
              45.893889
            ],
            [
              3.155556,
              45.894167
            ],
            [
              3.158056,
              45.894167
            ],
            [
              3.160556,
              45.894167
            ],
            [
              3.163056,
              45.894167
            ],
            [
              3.165556,
              45.894167
            ],
            [
              3.168056,
              45.894167
            ],
            [
              3.170556,
              45.894167
            ],
            [
              3.173056,
              45.893889
            ],
            [
              3.175556,
              45.893889
            ],
            [
              3.178056,
              45.893611
            ],
            [
              3.180278,
              45.893333
            ],
            [
              3.182778,
              45.893333
            ],
            [
              3.185278,
              45.893056
            ],
            [
              3.187778,
              45.892778
            ],
            [
              3.190278,
              45.8925
            ],
            [
              3.192778,
              45.892222
            ],
            [
              3.195,
              45.891667
            ],
            [
              3.1975,
              45.891389
            ],
            [
              3.380833,
              45.861389
            ]
          ]
        ]
      },
      "properties": {
        "name": "CLERMONT CTR",
        "owner": "MM",
        "owners": [
          "LCT",
          "CF",
          "MMW",
          "RAW",
          "MM"
        ],
        "min": 0,
        "cur": 0,
        "max": 26,
        "color_hex": "#909967",
        "stroke": "#909967",
        "stroke-width": 1,
        "stroke-opacity": 0.7,
        "fill": "#909967",
        "fill-opacity": 0.3
      }
    },
    {
      "type": "Feature",
      "geometry": {
        "type": "Polygon",
        "coordinates": [
          [
            [
              5.833056,
              45.5375
            ],
            [
              5.833056,
              45.529167
            ],
            [
              5.805556,
              45.502778
            ],
            [
              5.788889,
              45.502778
            ],
            [
              5.816667,
              45.533056
            ],
            [
              5.816667,
              45.601389
            ],
            [
              5.833056,
              45.601389
            ],
            [
              5.833056,
              45.5375
            ]
          ]
        ]
      },
      "properties": {
        "name": "CHAMBERY CTR 2",
        "owner": "MM",
        "owners": [
          "LBT",
          "LB",
          "VE",
          "VW",
          "MMW",
          "RAW",
          "MM"
        ],
        "min": 0,
        "cur": 0,
        "max": 17,
        "color_hex": "#909967",
        "stroke": "#909967",
        "stroke-width": 1,
        "stroke-opacity": 0.7,
        "fill": "#909967",
        "fill-opacity": 0.3
      }
    },
    {
      "type": "Feature",
      "geometry": {
        "type": "Polygon",
        "coordinates": [
          [
            [
              5.833056,
              45.5375
            ],
            [
              5.833056,
              45.601389
            ],
            [
              5.833056,
              45.751111
            ],
            [
              5.833056,
              45.776944
            ],
            [
              5.870556,
              45.776944
            ],
            [
              5.886111,
              45.751389
            ],
            [
              5.923611,
              45.751667
            ],
            [
              5.934167,
              45.607778
            ],
            [
              5.945556,
              45.607778
            ],
            [
              5.949167,
              45.559167
            ],
            [
              5.93,
              45.538056
            ],
            [
              5.833056,
              45.5375
            ]
          ]
        ]
      },
      "properties": {
        "name": "CHAMBERY CTR 1",
        "owner": "MM",
        "owners": [
          "LBT",
          "LB",
          "VE",
          "VW",
          "MMW",
          "RAW",
          "MM"
        ],
        "min": 0,
        "cur": 0,
        "max": 34,
        "color_hex": "#909967",
        "stroke": "#909967",
        "stroke-width": 1,
        "stroke-opacity": 0.7,
        "fill": "#909967",
        "fill-opacity": 0.3
      }
    },
    {
      "type": "Feature",
      "geometry": {
        "type": "Polygon",
        "coordinates": [
          [
            [
              6.888056,
              43.420556
            ],
            [
              7.1,
              43.520556
            ],
            [
              7.053056,
              43.538056
            ],
            [
              7.041667,
              43.560833
            ],
            [
              7.0,
              43.641944
            ],
            [
              6.923056,
              43.626667
            ],
            [
              6.92,
              43.625833
            ],
            [
              6.917222,
              43.625278
            ],
            [
              6.914167,
              43.624444
            ],
            [
              6.911389,
              43.623611
            ],
            [
              6.908611,
              43.622778
            ],
            [
              6.905556,
              43.621944
            ],
            [
              6.902778,
              43.620833
            ],
            [
              6.9,
              43.62
            ],
            [
              6.8975,
              43.618889
            ],
            [
              6.894722,
              43.617778
            ],
            [
              6.892222,
              43.616667
            ],
            [
              6.889444,
              43.615278
            ],
            [
              6.886944,
              43.613889
            ],
            [
              6.884444,
              43.612778
            ],
            [
              6.881944,
              43.611389
            ],
            [
              6.879722,
              43.61
            ],
            [
              6.877222,
              43.608333
            ],
            [
              6.875,
              43.606944
            ],
            [
              6.872778,
              43.605278
            ],
            [
              6.870556,
              43.603611
            ],
            [
              6.868611,
              43.601944
            ],
            [
              6.866389,
              43.600278
            ],
            [
              6.864444,
              43.598611
            ],
            [
              6.8625,
              43.596944
            ],
            [
              6.860833,
              43.595
            ],
            [
              6.858889,
              43.593333
            ],
            [
              6.857222,
              43.591389
            ],
            [
              6.855556,
              43.589444
            ],
            [
              6.854167,
              43.5875
            ],
            [
              6.8525,
              43.585556
            ],
            [
              6.851111,
              43.583611
            ],
            [
              6.849722,
              43.581667
            ],
            [
              6.848611,
              43.579444
            ],
            [
              6.8475,
              43.5775
            ],
            [
              6.846389,
              43.575278
            ],
            [
              6.845278,
              43.573333
            ],
            [
              6.844167,
              43.571111
            ],
            [
              6.843333,
              43.568889
            ],
            [
              6.8425,
              43.566667
            ],
            [
              6.841944,
              43.564722
            ],
            [
              6.841389,
              43.5625
            ],
            [
              6.840833,
              43.560278
            ],
            [
              6.840278,
              43.558056
            ],
            [
              6.84,
              43.555833
            ],
            [
              6.839444,
              43.553611
            ],
            [
              6.839444,
              43.551389
            ],
            [
              6.839167,
              43.549167
            ],
            [
              6.839167,
              43.546944
            ],
            [
              6.839167,
              43.544722
            ],
            [
              6.839444,
              43.542222
            ],
            [
              6.839444,
              43.54
            ],
            [
              6.839722,
              43.537778
            ],
            [
              6.840278,
              43.535556
            ],
            [
              6.840556,
              43.533333
            ],
            [
              6.841111,
              43.531111
            ],
            [
              6.841667,
              43.528889
            ],
            [
              6.8425,
              43.526944
            ],
            [
              6.830556,
              43.511667
            ],
            [
              6.858056,
              43.451667
            ],
            [
              6.888056,
              43.420556
            ]
          ]
        ]
      },
      "properties": {
        "name": "CANNES CTR 1",
        "owner": "MM",
        "owners": [
          "MDT",
          "ND",
          "NO",
          "MME",
          "RAE",
          "MM"
        ],
        "min": 0,
        "cur": 0,
        "max": 24,
        "color_hex": "#909967",
        "stroke": "#909967",
        "stroke-width": 1,
        "stroke-opacity": 0.7,
        "fill": "#909967",
        "fill-opacity": 0.3
      }
    },
    {
      "type": "Feature",
      "geometry": {
        "type": "Polygon",
        "coordinates": [
          [
            [
              8.926389,
              42.633056
            ],
            [
              8.922222,
              42.635833
            ],
            [
              8.9175,
              42.638611
            ],
            [
              8.913056,
              42.641111
            ],
            [
              8.908056,
              42.643611
            ],
            [
              8.903333,
              42.646111
            ],
            [
              8.898333,
              42.648333
            ],
            [
              8.893333,
              42.650556
            ],
            [
              8.888333,
              42.6525
            ],
            [
              8.883056,
              42.654444
            ],
            [
              8.877778,
              42.656389
            ],
            [
              8.8725,
              42.658056
            ],
            [
              8.866944,
              42.659722
            ],
            [
              8.861389,
              42.661111
            ],
            [
              8.855833,
              42.6625
            ],
            [
              8.850278,
              42.663889
            ],
            [
              8.844722,
              42.665
            ],
            [
              8.839167,
              42.666111
            ],
            [
              8.833333,
              42.666944
            ],
            [
              8.8275,
              42.667778
            ],
            [
              8.821944,
              42.668611
            ],
            [
              8.816111,
              42.668889
            ],
            [
              8.810278,
              42.669444
            ],
            [
              8.804444,
              42.669722
            ],
            [
              8.798611,
              42.67
            ],
            [
              8.792778,
              42.67
            ],
            [
              8.786944,
              42.67
            ],
            [
              8.781111,
              42.669722
            ],
            [
              8.775278,
              42.669444
            ],
            [
              8.769444,
              42.668889
            ],
            [
              8.763611,
              42.668333
            ],
            [
              8.757778,
              42.667778
            ],
            [
              8.751944,
              42.666944
            ],
            [
              8.746389,
              42.666111
            ],
            [
              8.740556,
              42.665
            ],
            [
              8.735,
              42.663889
            ],
            [
              8.729444,
              42.6625
            ],
            [
              8.723889,
              42.661111
            ],
            [
              8.718333,
              42.659722
            ],
            [
              8.713056,
              42.658056
            ],
            [
              8.707778,
              42.656111
            ],
            [
              8.7025,
              42.654444
            ],
            [
              8.697222,
              42.6525
            ],
            [
              8.692222,
              42.650278
            ],
            [
              8.687222,
              42.648056
            ],
            [
              8.682222,
              42.645833
            ],
            [
              8.677222,
              42.643333
            ],
            [
              8.6725,
              42.640833
            ],
            [
              8.667778,
              42.638333
            ],
            [
              8.663333,
              42.635556
            ],
            [
              8.658889,
              42.632778
            ],
            [
              8.655,
              42.630278
            ],
            [
              8.655,
              42.508056
            ],
            [
              8.753611,
              42.467778
            ],
            [
              8.753889,
              42.467778
            ],
            [
              8.755833,
              42.466667
            ],
            [
              8.758333,
              42.465833
            ],
            [
              8.760556,
              42.465
            ],
            [
              8.763056,
              42.464444
            ],
            [
              8.765556,
              42.463611
            ],
            [
              8.768056,
              42.463056
            ],
            [
              8.770556,
              42.4625
            ],
            [
              8.773056,
              42.461944
            ],
            [
              8.775556,
              42.461667
            ],
            [
              8.778056,
              42.461111
            ],
            [
              8.780556,
              42.460833
            ],
            [
              8.783333,
              42.460556
            ],
            [
              8.785833,
              42.460556
            ],
            [
              8.788333,
              42.460278
            ],
            [
              8.791111,
              42.460278
            ],
            [
              8.793611,
              42.460278
            ],
            [
              8.796111,
              42.460278
            ],
            [
              8.798889,
              42.460278
            ],
            [
              8.801389,
              42.460556
            ],
            [
              8.803889,
              42.460833
            ],
            [
              8.806667,
              42.461111
            ],
            [
              8.809167,
              42.461389
            ],
            [
              8.811667,
              42.461944
            ],
            [
              8.814167,
              42.462222
            ],
            [
              8.816667,
              42.462778
            ],
            [
              8.819167,
              42.463333
            ],
            [
              8.821667,
              42.464167
            ],
            [
              8.824167,
              42.464722
            ],
            [
              8.826389,
              42.465556
            ],
            [
              8.828889,
              42.466389
            ],
            [
              8.831111,
              42.467222
            ],
            [
              8.833333,
              42.468056
            ],
            [
              8.835556,
              42.469167
            ],
            [
              8.837778,
              42.470278
            ],
            [
              8.84,
              42.471389
            ],
            [
              8.842222,
              42.4725
            ],
            [
              8.844167,
              42.473611
            ],
            [
              8.846111,
              42.474722
            ],
            [
              8.848056,
              42.476111
            ],
            [
              8.85,
              42.4775
            ],
            [
              8.85,
              42.5975
            ],
            [
              8.926389,
              42.633056
            ]
          ]
        ]
      },
      "properties": {
        "name": "CALVI CTR",
        "owner": "MM",
        "owners": [
          "KCT",
          "BKC",
          "BKB",
          "MME",
          "RAE",
          "MM"
        ],
        "min": 0,
        "cur": 0,
        "max": 21,
        "color_hex": "#909967",
        "stroke": "#909967",
        "stroke-width": 1,
        "stroke-opacity": 0.7,
        "fill": "#909967",
        "fill-opacity": 0.3
      }
    },
    {
      "type": "Feature",
      "geometry": {
        "type": "Polygon",
        "coordinates": [
          [
            [
              5.058889,
              45.57
            ],
            [
              5.0575,
              45.569444
            ],
            [
              5.056111,
              45.568889
            ],
            [
              5.054722,
              45.568611
            ],
            [
              5.053333,
              45.568056
            ],
            [
              5.051944,
              45.5675
            ],
            [
              5.050556,
              45.567222
            ],
            [
              5.049167,
              45.566667
            ],
            [
              5.047778,
              45.566111
            ],
            [
              5.046389,
              45.565833
            ],
            [
              5.045,
              45.565278
            ],
            [
              5.043611,
              45.565
            ],
            [
              5.041944,
              45.564444
            ],
            [
              5.040556,
              45.564167
            ],
            [
              5.039167,
              45.563611
            ],
            [
              5.037778,
              45.563333
            ],
            [
              5.036389,
              45.562778
            ],
            [
              5.034722,
              45.5625
            ],
            [
              5.033333,
              45.562222
            ],
            [
              5.031944,
              45.561667
            ],
            [
              5.030556,
              45.561389
            ],
            [
              5.028889,
              45.561111
            ],
            [
              5.0275,
              45.560556
            ],
            [
              5.026111,
              45.560278
            ],
            [
              5.024722,
              45.56
            ],
            [
              5.023056,
              45.559722
            ],
            [
              5.021667,
              45.559444
            ],
            [
              5.020278,
              45.558889
            ],
            [
              5.018611,
              45.558611
            ],
            [
              5.017222,
              45.558333
            ],
            [
              5.015556,
              45.558056
            ],
            [
              5.014167,
              45.557778
            ],
            [
              5.012778,
              45.5575
            ],
            [
              5.011111,
              45.557222
            ],
            [
              5.009722,
              45.556944
            ],
            [
              5.008333,
              45.556667
            ],
            [
              5.006667,
              45.556389
            ],
            [
              5.005278,
              45.556111
            ],
            [
              5.003611,
              45.555833
            ],
            [
              5.002222,
              45.555556
            ],
            [
              5.000556,
              45.555278
            ],
            [
              4.999167,
              45.555278
            ],
            [
              4.9975,
              45.555
            ],
            [
              4.996111,
              45.554722
            ],
            [
              4.994444,
              45.554444
            ],
            [
              4.993056,
              45.554444
            ],
            [
              4.991389,
              45.554167
            ],
            [
              4.99,
              45.553889
            ],
            [
              4.988333,
              45.553889
            ],
            [
              4.986944,
              45.553611
            ],
            [
              4.985278,
              45.553333
            ],
            [
              4.983889,
              45.553333
            ],
            [
              4.982222,
              45.553056
            ],
            [
              4.980833,
              45.553056
            ],
            [
              4.979167,
              45.552778
            ],
            [
              4.977778,
              45.552778
            ],
            [
              4.976111,
              45.5525
            ],
            [
              4.974722,
              45.5525
            ],
            [
              4.973056,
              45.552222
            ],
            [
              4.971667,
              45.552222
            ],
            [
              4.971667,
              45.551667
            ],
            [
              4.842778,
              45.844444
            ],
            [
              4.8425,
              45.843889
            ],
            [
              4.843611,
              45.844444
            ],
            [
              4.844444,
              45.844722
            ],
            [
              4.845556,
              45.845278
            ],
            [
              4.846389,
              45.845556
            ],
            [
              4.8475,
              45.846111
            ],
            [
              4.848333,
              45.846389
            ],
            [
              4.849444,
              45.846667
            ],
            [
              4.850278,
              45.847222
            ],
            [
              4.851389,
              45.8475
            ],
            [
              4.852222,
              45.848056
            ],
            [
              4.853333,
              45.848333
            ],
            [
              4.854444,
              45.848611
            ],
            [
              4.855278,
              45.848889
            ],
            [
              4.856389,
              45.849444
            ],
            [
              4.857222,
              45.849722
            ],
            [
              4.858333,
              45.85
            ],
            [
              4.859444,
              45.850556
            ],
            [
              4.860278,
              45.850833
            ],
            [
              4.861389,
              45.851111
            ],
            [
              4.8625,
              45.851389
            ],
            [
              4.863333,
              45.851667
            ],
            [
              4.864444,
              45.852222
            ],
            [
              4.865556,
              45.8525
            ],
            [
              4.866389,
              45.852778
            ],
            [
              4.8675,
              45.853056
            ],
            [
              4.868611,
              45.853333
            ],
            [
              4.869444,
              45.853611
            ],
            [
              4.870556,
              45.853889
            ],
            [
              4.871667,
              45.854167
            ],
            [
              4.872778,
              45.854444
            ],
            [
              4.873611,
              45.854722
            ],
            [
              4.874722,
              45.855
            ],
            [
              4.875833,
              45.855278
            ],
            [
              4.876944,
              45.855556
            ],
            [
              4.878056,
              45.855833
            ],
            [
              4.878889,
              45.856111
            ],
            [
              4.88,
              45.856389
            ],
            [
              4.881111,
              45.856667
            ],
            [
              4.882222,
              45.856944
            ],
            [
              4.883333,
              45.857222
            ],
            [
              4.884444,
              45.8575
            ],
            [
              4.885278,
              45.857778
            ],
            [
              4.886389,
              45.858056
            ],
            [
              4.8875,
              45.858333
            ],
            [
              4.888611,
              45.858333
            ],
            [
              4.889722,
              45.858611
            ],
            [
              4.890833,
              45.858889
            ],
            [
              4.891944,
              45.859167
            ],
            [
              4.893056,
              45.859444
            ],
            [
              4.893889,
              45.859444
            ],
            [
              4.895,
              45.859722
            ],
            [
              4.896111,
              45.86
            ],
            [
              4.897222,
              45.860278
            ],
            [
              4.898333,
              45.860278
            ],
            [
              4.899444,
              45.860556
            ],
            [
              4.900556,
              45.860833
            ],
            [
              4.901667,
              45.860833
            ],
            [
              4.902778,
              45.861111
            ],
            [
              4.903889,
              45.861111
            ],
            [
              4.905,
              45.861389
            ],
            [
              4.906111,
              45.861667
            ],
            [
              4.907222,
              45.861667
            ],
            [
              4.908333,
              45.861944
            ],
            [
              4.909444,
              45.861944
            ],
            [
              4.910556,
              45.862222
            ],
            [
              4.911667,
              45.862222
            ],
            [
              4.912778,
              45.8625
            ],
            [
              4.913889,
              45.8625
            ],
            [
              4.915,
              45.862778
            ],
            [
              4.916111,
              45.862778
            ],
            [
              4.917222,
              45.863056
            ],
            [
              4.918333,
              45.863056
            ],
            [
              4.919444,
              45.863056
            ],
            [
              4.920556,
              45.863333
            ],
            [
              4.921667,
              45.863333
            ],
            [
              4.922778,
              45.863611
            ],
            [
              4.923889,
              45.863611
            ],
            [
              4.925,
              45.863611
            ],
            [
              4.926111,
              45.863889
            ],
            [
              4.927222,
              45.863889
            ],
            [
              4.928333,
              45.863889
            ],
            [
              4.929444,
              45.863889
            ],
            [
              4.930556,
              45.864167
            ],
            [
              4.931667,
              45.864167
            ],
            [
              4.932778,
              45.864167
            ],
            [
              4.933889,
              45.864167
            ],
            [
              4.935,
              45.864167
            ],
            [
              4.936111,
              45.864444
            ],
            [
              4.937222,
              45.864444
            ],
            [
              4.938333,
              45.864444
            ],
            [
              4.939444,
              45.864444
            ],
            [
              4.940556,
              45.864444
            ],
            [
              4.941667,
              45.864444
            ],
            [
              4.942778,
              45.864444
            ],
            [
              4.943889,
              45.864444
            ],
            [
              4.945,
              45.864444
            ],
            [
              4.945278,
              45.864167
            ],
            [
              5.0,
              45.8
            ],
            [
              5.001667,
              45.741944
            ],
            [
              5.058611,
              45.570278
            ],
            [
              5.058889,
              45.57
            ]
          ]
        ]
      },
      "properties": {
        "name": "BRON CTR",
        "owner": "MM",
        "owners": [
          "LYT",
          "VW",
          "MMW",
          "RAW",
          "MM"
        ],
        "min": 0,
        "cur": 0,
        "max": 24,
        "color_hex": "#909967",
        "stroke": "#909967",
        "stroke-width": 1,
        "stroke-opacity": 0.7,
        "fill": "#909967",
        "fill-opacity": 0.3
      }
    },
    {
      "type": "Feature",
      "geometry": {
        "type": "Polygon",
        "coordinates": [
          [
            [
              3.203611,
              43.281667
            ],
            [
              3.428056,
              43.290556
            ],
            [
              3.466944,
              43.275556
            ],
            [
              3.511111,
              43.271389
            ],
            [
              3.414167,
              43.208056
            ],
            [
              3.353056,
              43.206667
            ],
            [
              3.353056,
              43.206389
            ],
            [
              3.350833,
              43.206389
            ],
            [
              3.348333,
              43.206389
            ],
            [
              3.345833,
              43.206667
            ],
            [
              3.343611,
              43.206667
            ],
            [
              3.341111,
              43.206667
            ],
            [
              3.338611,
              43.206944
            ],
            [
              3.336389,
              43.207222
            ],
            [
              3.333889,
              43.207222
            ],
            [
              3.331389,
              43.2075
            ],
            [
              3.329167,
              43.207778
            ],
            [
              3.326667,
              43.208056
            ],
            [
              3.324444,
              43.208333
            ],
            [
              3.321944,
              43.208611
            ],
            [
              3.319722,
              43.209167
            ],
            [
              3.317222,
              43.209444
            ],
            [
              3.315,
              43.209722
            ],
            [
              3.3125,
              43.210278
            ],
            [
              3.310278,
              43.210833
            ],
            [
              3.307778,
              43.211111
            ],
            [
              3.305556,
              43.211667
            ],
            [
              3.303333,
              43.212222
            ],
            [
              3.301111,
              43.212778
            ],
            [
              3.298611,
              43.213333
            ],
            [
              3.296389,
              43.213889
            ],
            [
              3.294167,
              43.214722
            ],
            [
              3.291944,
              43.215278
            ],
            [
              3.289722,
              43.216111
            ],
            [
              3.2875,
              43.216667
            ],
            [
              3.285278,
              43.2175
            ],
            [
              3.283056,
              43.218333
            ],
            [
              3.280833,
              43.218889
            ],
            [
              3.278889,
              43.219722
            ],
            [
              3.276667,
              43.220556
            ],
            [
              3.274444,
              43.221389
            ],
            [
              3.2725,
              43.222222
            ],
            [
              3.270278,
              43.223333
            ],
            [
              3.268333,
              43.224167
            ],
            [
              3.266389,
              43.225
            ],
            [
              3.264167,
              43.226111
            ],
            [
              3.262222,
              43.226944
            ],
            [
              3.260278,
              43.228056
            ],
            [
              3.258333,
              43.229167
            ],
            [
              3.256389,
              43.230278
            ],
            [
              3.254444,
              43.231111
            ],
            [
              3.2525,
              43.232222
            ],
            [
              3.250556,
              43.233333
            ],
            [
              3.248889,
              43.234444
            ],
            [
              3.246944,
              43.235833
            ],
            [
              3.245278,
              43.236944
            ],
            [
              3.243333,
              43.238056
            ],
            [
              3.241667,
              43.239444
            ],
            [
              3.24,
              43.240556
            ],
            [
              3.238333,
              43.241944
            ],
            [
              3.236667,
              43.243056
            ],
            [
              3.235,
              43.244444
            ],
            [
              3.233333,
              43.245556
            ],
            [
              3.231667,
              43.246944
            ],
            [
              3.23,
              43.248333
            ],
            [
              3.228611,
              43.249722
            ],
            [
              3.226944,
              43.251111
            ],
            [
              3.225556,
              43.2525
            ],
            [
              3.224167,
              43.253889
            ],
            [
              3.222778,
              43.255278
            ],
            [
              3.221389,
              43.256667
            ],
            [
              3.22,
              43.258333
            ],
            [
              3.218611,
              43.259722
            ],
            [
              3.217222,
              43.261111
            ],
            [
              3.216111,
              43.262778
            ],
            [
              3.214722,
              43.264167
            ],
            [
              3.213611,
              43.265833
            ],
            [
              3.2125,
              43.267222
            ],
            [
              3.211389,
              43.268889
            ],
            [
              3.210278,
              43.270278
            ],
            [
              3.209167,
              43.271944
            ],
            [
              3.208056,
              43.273611
            ],
            [
              3.206944,
              43.275
            ],
            [
              3.206111,
              43.276667
            ],
            [
              3.205,
              43.278333
            ],
            [
              3.204167,
              43.28
            ],
            [
              3.203333,
              43.281667
            ],
            [
              3.203611,
              43.281667
            ]
          ]
        ]
      },
      "properties": {
        "name": "BEZIERS CTR 2",
        "owner": "MM",
        "owners": [
          "MUT",
          "FA",
          "FE",
          "MMW",
          "RAW",
          "MM"
        ],
        "min": 0,
        "cur": 0,
        "max": 14,
        "color_hex": "#909967",
        "stroke": "#909967",
        "stroke-width": 1,
        "stroke-opacity": 0.7,
        "fill": "#909967",
        "fill-opacity": 0.3
      }
    },
    {
      "type": "Feature",
      "geometry": {
        "type": "Polygon",
        "coordinates": [
          [
            [
              3.549167,
              43.439722
            ],
            [
              3.555556,
              43.378889
            ],
            [
              3.561667,
              43.321667
            ],
            [
              3.511111,
              43.271389
            ],
            [
              3.466944,
              43.275556
            ],
            [
              3.428056,
              43.290556
            ],
            [
              3.203611,
              43.281667
            ],
            [
              3.203333,
              43.281667
            ],
            [
              3.201944,
              43.284167
            ],
            [
              3.200833,
              43.286944
            ],
            [
              3.199444,
              43.289722
            ],
            [
              3.198333,
              43.292222
            ],
            [
              3.1975,
              43.295
            ],
            [
              3.196667,
              43.297778
            ],
            [
              3.195833,
              43.300556
            ],
            [
              3.195,
              43.303333
            ],
            [
              3.194444,
              43.306111
            ],
            [
              3.193889,
              43.308889
            ],
            [
              3.193611,
              43.311667
            ],
            [
              3.193056,
              43.314444
            ],
            [
              3.193056,
              43.3175
            ],
            [
              3.192778,
              43.320278
            ],
            [
              3.192778,
              43.323056
            ],
            [
              3.192778,
              43.325833
            ],
            [
              3.192778,
              43.328611
            ],
            [
              3.193056,
              43.331389
            ],
            [
              3.193333,
              43.334167
            ],
            [
              3.193889,
              43.337222
            ],
            [
              3.194444,
              43.34
            ],
            [
              3.195,
              43.342778
            ],
            [
              3.195556,
              43.345556
            ],
            [
              3.196389,
              43.348333
            ],
            [
              3.197222,
              43.351111
            ],
            [
              3.198333,
              43.353611
            ],
            [
              3.199444,
              43.356389
            ],
            [
              3.200556,
              43.359167
            ],
            [
              3.201667,
              43.361667
            ],
            [
              3.203056,
              43.364444
            ],
            [
              3.204444,
              43.366944
            ],
            [
              3.205833,
              43.369722
            ],
            [
              3.2075,
              43.372222
            ],
            [
              3.209167,
              43.374722
            ],
            [
              3.210833,
              43.377222
            ],
            [
              3.212778,
              43.379722
            ],
            [
              3.214722,
              43.382222
            ],
            [
              3.216667,
              43.384722
            ],
            [
              3.218889,
              43.386944
            ],
            [
              3.220833,
              43.389444
            ],
            [
              3.223056,
              43.391667
            ],
            [
              3.225556,
              43.393889
            ],
            [
              3.227778,
              43.396111
            ],
            [
              3.230278,
              43.398333
            ],
            [
              3.232778,
              43.400556
            ],
            [
              3.235556,
              43.4025
            ],
            [
              3.238056,
              43.404722
            ],
            [
              3.240833,
              43.406667
            ],
            [
              3.243611,
              43.408611
            ],
            [
              3.246667,
              43.410556
            ],
            [
              3.249444,
              43.412222
            ],
            [
              3.2525,
              43.414167
            ],
            [
              3.255556,
              43.415833
            ],
            [
              3.258611,
              43.4175
            ],
            [
              3.261944,
              43.419167
            ],
            [
              3.265,
              43.420833
            ],
            [
              3.268333,
              43.422222
            ],
            [
              3.271667,
              43.423889
            ],
            [
              3.275,
              43.425278
            ],
            [
              3.278333,
              43.426667
            ],
            [
              3.281944,
              43.427778
            ],
            [
              3.285556,
              43.429167
            ],
            [
              3.288889,
              43.430278
            ],
            [
              3.2925,
              43.431389
            ],
            [
              3.296111,
              43.432222
            ],
            [
              3.299722,
              43.433333
            ],
            [
              3.303611,
              43.434167
            ],
            [
              3.307222,
              43.435
            ],
            [
              3.310833,
              43.435833
            ],
            [
              3.314722,
              43.436667
            ],
            [
              3.318611,
              43.437222
            ],
            [
              3.322222,
              43.437778
            ],
            [
              3.326111,
              43.438333
            ],
            [
              3.33,
              43.438611
            ],
            [
              3.333889,
              43.439167
            ],
            [
              3.337778,
              43.439444
            ],
            [
              3.341667,
              43.439722
            ],
            [
              3.345556,
              43.439722
            ],
            [
              3.349444,
              43.44
            ],
            [
              3.353056,
              43.44
            ],
            [
              3.549167,
              43.439722
            ]
          ]
        ]
      },
      "properties": {
        "name": "BEZIERS CTR 1",
        "owner": "MM",
        "owners": [
          "MUT",
          "FA",
          "FE",
          "MMW",
          "RAW",
          "MM"
        ],
        "min": 0,
        "cur": 0,
        "max": 14,
        "color_hex": "#909967",
        "stroke": "#909967",
        "stroke-width": 1,
        "stroke-opacity": 0.7,
        "fill": "#909967",
        "fill-opacity": 0.3
      }
    },
    {
      "type": "Feature",
      "geometry": {
        "type": "Polygon",
        "coordinates": [
          [
            [
              9.611111,
              42.6675
            ],
            [
              9.623333,
              42.659722
            ],
            [
              9.634444,
              42.651389
            ],
            [
              9.644722,
              42.6425
            ],
            [
              9.654167,
              42.632778
            ],
            [
              9.6625,
              42.622778
            ],
            [
              9.669722,
              42.612222
            ],
            [
              9.675833,
              42.601389
            ],
            [
              9.680556,
              42.590278
            ],
            [
              9.684444,
              42.578889
            ],
            [
              9.686667,
              42.567222
            ],
            [
              9.688056,
              42.555556
            ],
            [
              9.688056,
              42.543611
            ],
            [
              9.686667,
              42.531944
            ],
            [
              9.684167,
              42.520278
            ],
            [
              9.680278,
              42.508889
            ],
            [
              9.675278,
              42.497778
            ],
            [
              9.669167,
              42.486944
            ],
            [
              9.661944,
              42.476389
            ],
            [
              9.653611,
              42.466389
            ],
            [
              9.644167,
              42.456944
            ],
            [
              9.633611,
              42.448056
            ],
            [
              9.6225,
              42.439722
            ],
            [
              9.610278,
              42.431944
            ],
            [
              9.5975,
              42.425
            ],
            [
              9.583889,
              42.418889
            ],
            [
              9.569722,
              42.413611
            ],
            [
              9.554722,
              42.409167
            ],
            [
              9.539722,
              42.405556
            ],
            [
              9.524167,
              42.402778
            ],
            [
              9.508333,
              42.400833
            ],
            [
              9.4925,
              42.4
            ],
            [
              9.476667,
              42.4
            ],
            [
              9.460833,
              42.400833
            ],
            [
              9.445,
              42.402778
            ],
            [
              9.429444,
              42.405556
            ],
            [
              9.414444,
              42.409167
            ],
            [
              9.4,
              42.413611
            ],
            [
              9.4,
              42.686389
            ],
            [
              9.414444,
              42.690556
            ],
            [
              9.429722,
              42.694167
            ],
            [
              9.445278,
              42.696944
            ],
            [
              9.461111,
              42.698889
            ],
            [
              9.476944,
              42.699722
            ],
            [
              9.493056,
              42.699722
            ],
            [
              9.508889,
              42.698611
            ],
            [
              9.524722,
              42.696944
            ],
            [
              9.540278,
              42.694167
            ],
            [
              9.555556,
              42.690556
            ],
            [
              9.570278,
              42.685833
            ],
            [
              9.584444,
              42.680556
            ],
            [
              9.598056,
              42.674444
            ],
            [
              9.611111,
              42.6675
            ]
          ]
        ]
      },
      "properties": {
        "name": "BASTIA CTR",
        "owner": "MM",
        "owners": [
          "KBT",
          "BKB",
          "MME",
          "RAE",
          "MM"
        ],
        "min": 0,
        "cur": 0,
        "max": 14,
        "color_hex": "#909967",
        "stroke": "#909967",
        "stroke-width": 1,
        "stroke-opacity": 0.7,
        "fill": "#909967",
        "fill-opacity": 0.3
      }
    },
    {
      "type": "Feature",
      "geometry": {
        "type": "Polygon",
        "coordinates": [
          [
            [
              4.758056,
              44.1
            ],
            [
              4.679444,
              44.070556
            ],
            [
              4.765278,
              44.011944
            ],
            [
              4.799167,
              43.970556
            ],
            [
              4.894167,
              43.970556
            ],
            [
              4.993056,
              43.913889
            ],
            [
              5.038889,
              43.938889
            ],
            [
              5.0425,
              44.075556
            ],
            [
              4.963056,
              44.1
            ],
            [
              4.789444,
              44.1
            ],
            [
              4.758056,
              44.1
            ]
          ]
        ]
      },
      "properties": {
        "name": "AVIGNON CTR 2",
        "owner": "MM",
        "owners": [
          "MVT",
          "MB",
          "ME",
          "MMW",
          "RAW",
          "MM"
        ],
        "min": 0,
        "cur": 0,
        "max": 24,
        "color_hex": "#909967",
        "stroke": "#909967",
        "stroke-width": 1,
        "stroke-opacity": 0.7,
        "fill": "#909967",
        "fill-opacity": 0.3
      }
    },
    {
      "type": "Feature",
      "geometry": {
        "type": "Polygon",
        "coordinates": [
          [
            [
              4.765278,
              44.011944
            ],
            [
              4.799167,
              43.970556
            ],
            [
              4.894167,
              43.970556
            ],
            [
              4.993056,
              43.913889
            ],
            [
              4.975,
              43.816667
            ],
            [
              4.900278,
              43.810278
            ],
            [
              4.841667,
              43.805556
            ],
            [
              4.780556,
              43.816667
            ],
            [
              4.765278,
              44.011944
            ]
          ]
        ]
      },
      "properties": {
        "name": "AVIGNON CTR 1",
        "owner": "MM",
        "owners": [
          "MVT",
          "MB",
          "ME",
          "MMW",
          "RAW",
          "MM"
        ],
        "min": 0,
        "cur": 0,
        "max": 24,
        "color_hex": "#909967",
        "stroke": "#909967",
        "stroke-width": 1,
        "stroke-opacity": 0.7,
        "fill": "#909967",
        "fill-opacity": 0.3
      }
    },
    {
      "type": "Feature",
      "geometry": {
        "type": "Polygon",
        "coordinates": [
          [
            [
              8.516667,
              42.0
            ],
            [
              8.916667,
              42.0
            ],
            [
              8.833056,
              41.7
            ],
            [
              8.783056,
              41.7
            ],
            [
              8.783056,
              41.666667
            ],
            [
              8.516667,
              41.666667
            ],
            [
              8.516667,
              42.0
            ]
          ]
        ]
      },
      "properties": {
        "name": "AJACCIO CTR",
        "owner": "MM",
        "owners": [
          "KJT",
          "KJ",
          "MME",
          "RAE",
          "MM"
        ],
        "min": 0,
        "cur": 0,
        "max": 24,
        "color_hex": "#909967",
        "stroke": "#909967",
        "stroke-width": 1,
        "stroke-opacity": 0.7,
        "fill": "#909967",
        "fill-opacity": 0.3
      }
    },
    {
      "type": "Feature",
      "geometry": {
        "type": "Polygon",
        "coordinates": [
          [
            [
              5.325,
              43.563889
            ],
            [
              5.317778,
              43.565278
            ],
            [
              5.294167,
              43.517778
            ],
            [
              5.363611,
              43.453889
            ],
            [
              5.408889,
              43.452778
            ],
            [
              5.464167,
              43.481667
            ],
            [
              5.395,
              43.567778
            ],
            [
              5.371667,
              43.571944
            ],
            [
              5.336389,
              43.561944
            ],
            [
              5.325,
              43.563889
            ]
          ]
        ]
      },
      "properties": {
        "name": "AIX CTR",
        "owner": "MM",
        "owners": [
          "MAT",
          "ME",
          "MMW",
          "RAW",
          "MM"
        ],
        "min": 0,
        "cur": 0,
        "max": 24,
        "color_hex": "#909967",
        "stroke": "#909967",
        "stroke-width": 1,
        "stroke-opacity": 0.7,
        "fill": "#909967",
        "fill-opacity": 0.3
      }
    },
    {
      "type": "Feature",
      "geometry": {
        "type": "Polygon",
        "coordinates": [
          [
            [
              4.381944,
              48.825
            ],
            [
              4.394444,
              48.811667
            ],
            [
              4.403611,
              48.796944
            ],
            [
              4.409167,
              48.781667
            ],
            [
              4.410833,
              48.766111
            ],
            [
              4.409167,
              48.750556
            ],
            [
              4.403611,
              48.735278
            ],
            [
              4.394444,
              48.720833
            ],
            [
              4.381944,
              48.7075
            ],
            [
              4.366389,
              48.695556
            ],
            [
              4.348333,
              48.685278
            ],
            [
              4.328056,
              48.677222
            ],
            [
              4.306111,
              48.671111
            ],
            [
              4.283056,
              48.6675
            ],
            [
              4.259444,
              48.666389
            ],
            [
              4.235556,
              48.6675
            ],
            [
              4.23,
              48.668333
            ],
            [
              4.079722,
              48.688056
            ],
            [
              4.061944,
              48.690833
            ],
            [
              4.04,
              48.696944
            ],
            [
              4.019722,
              48.705
            ],
            [
              4.001389,
              48.715278
            ],
            [
              3.986111,
              48.727222
            ],
            [
              3.973611,
              48.740556
            ],
            [
              3.964444,
              48.755
            ],
            [
              3.958889,
              48.770278
            ],
            [
              3.956944,
              48.785833
            ],
            [
              3.958889,
              48.801389
            ],
            [
              3.964444,
              48.816667
            ],
            [
              3.973611,
              48.831389
            ],
            [
              3.986111,
              48.844722
            ],
            [
              4.001389,
              48.856667
            ],
            [
              4.019722,
              48.866667
            ],
            [
              4.04,
              48.875
            ],
            [
              4.061944,
              48.881111
            ],
            [
              4.085,
              48.884722
            ],
            [
              4.108889,
              48.885833
            ],
            [
              4.1325,
              48.884722
            ],
            [
              4.138333,
              48.884167
            ],
            [
              4.289167,
              48.864444
            ],
            [
              4.306111,
              48.861389
            ],
            [
              4.328056,
              48.855278
            ],
            [
              4.348333,
              48.846944
            ],
            [
              4.366389,
              48.836944
            ],
            [
              4.381944,
              48.825
            ]
          ]
        ]
      },
      "properties": {
        "name": "VATRY CTR",
        "owner": "PAR",
        "owners": [
          "OKT",
          "SI",
          "SJ",
          "RPAE",
          "PARL",
          "PAR"
        ],
        "min": 0,
        "cur": 0,
        "max": 24,
        "color_hex": "#4067a9",
        "stroke": "#4067a9",
        "stroke-width": 1,
        "stroke-opacity": 0.7,
        "fill": "#4067a9",
        "fill-opacity": 0.3
      }
    },
    {
      "type": "Feature",
      "geometry": {
        "type": "Polygon",
        "coordinates": [
          [
            [
              0.643333,
              47.553333
            ],
            [
              0.661111,
              47.563333
            ],
            [
              0.680833,
              47.571667
            ],
            [
              0.702222,
              47.577778
            ],
            [
              0.724722,
              47.581389
            ],
            [
              0.748056,
              47.5825
            ],
            [
              0.771111,
              47.581389
            ],
            [
              0.793611,
              47.577778
            ],
            [
              0.815,
              47.571667
            ],
            [
              0.834722,
              47.563333
            ],
            [
              0.8525,
              47.553333
            ],
            [
              0.8675,
              47.541389
            ],
            [
              0.879722,
              47.528056
            ],
            [
              0.888611,
              47.513333
            ],
            [
              0.893889,
              47.498056
            ],
            [
              0.895833,
              47.4825
            ],
            [
              0.893889,
              47.466944
            ],
            [
              0.890278,
              47.456389
            ],
            [
              0.849167,
              47.355278
            ],
            [
              0.8475,
              47.350556
            ],
            [
              0.838611,
              47.336111
            ],
            [
              0.826389,
              47.322778
            ],
            [
              0.811389,
              47.310833
            ],
            [
              0.793889,
              47.300556
            ],
            [
              0.774167,
              47.2925
            ],
            [
              0.758333,
              47.287778
            ],
            [
              0.704167,
              47.299444
            ],
            [
              0.652222,
              47.288889
            ],
            [
              0.64,
              47.2925
            ],
            [
              0.620278,
              47.300556
            ],
            [
              0.602778,
              47.310833
            ],
            [
              0.587778,
              47.322778
            ],
            [
              0.575556,
              47.336111
            ],
            [
              0.566667,
              47.350556
            ],
            [
              0.561389,
              47.365833
            ],
            [
              0.559444,
              47.381389
            ],
            [
              0.561389,
              47.396944
            ],
            [
              0.565278,
              47.408056
            ],
            [
              0.605833,
              47.509167
            ],
            [
              0.607222,
              47.513333
            ],
            [
              0.616111,
              47.528056
            ],
            [
              0.628333,
              47.541389
            ],
            [
              0.643333,
              47.553333
            ]
          ]
        ]
      },
      "properties": {
        "name": "TOURS VAL DE LOIRE CTR",
        "owner": "PAR",
        "owners": [
          "OTT",
          "SK",
          "SJ",
          "ORGY",
          "OPKZ",
          "RPAW",
          "PARL",
          "PAR"
        ],
        "min": 0,
        "cur": 0,
        "max": 24,
        "color_hex": "#4067a9",
        "stroke": "#4067a9",
        "stroke-width": 1,
        "stroke-opacity": 0.7,
        "fill": "#4067a9",
        "fill-opacity": 0.3
      }
    },
    {
      "type": "Feature",
      "geometry": {
        "type": "Polygon",
        "coordinates": [
          [
            [
              1.382778,
              49.351667
            ],
            [
              1.219167,
              49.282778
            ],
            [
              1.096389,
              49.252222
            ],
            [
              1.093889,
              49.252222
            ],
            [
              1.070556,
              49.255833
            ],
            [
              1.048333,
              49.261944
            ],
            [
              1.027778,
              49.27
            ],
            [
              1.009444,
              49.280278
            ],
            [
              0.993889,
              49.292222
            ],
            [
              0.981111,
              49.305556
            ],
            [
              0.971944,
              49.32
            ],
            [
              0.966389,
              49.335278
            ],
            [
              0.964444,
              49.350833
            ],
            [
              0.966389,
              49.366389
            ],
            [
              0.971944,
              49.381667
            ],
            [
              0.981111,
              49.396389
            ],
            [
              0.993889,
              49.409722
            ],
            [
              1.007222,
              49.42
            ],
            [
              1.114167,
              49.490833
            ],
            [
              1.126111,
              49.497222
            ],
            [
              1.146667,
              49.505556
            ],
            [
              1.169167,
              49.511667
            ],
            [
              1.1925,
              49.515278
            ],
            [
              1.216667,
              49.516389
            ],
            [
              1.240556,
              49.515278
            ],
            [
              1.263889,
              49.511667
            ],
            [
              1.286389,
              49.505556
            ],
            [
              1.306944,
              49.497222
            ],
            [
              1.325278,
              49.487222
            ],
            [
              1.340833,
              49.475278
            ],
            [
              1.353333,
              49.461944
            ],
            [
              1.3625,
              49.447222
            ],
            [
              1.368333,
              49.431944
            ],
            [
              1.368889,
              49.428333
            ],
            [
              1.375278,
              49.393333
            ],
            [
              1.382778,
              49.351667
            ]
          ]
        ]
      },
      "properties": {
        "name": "ROUEN CTR",
        "owner": "PAR",
        "owners": [
          "OPT",
          "QR",
          "QE",
          "TB",
          "TNTB",
          "AENB",
          "RPAW",
          "PARL",
          "PAR"
        ],
        "min": 0,
        "cur": 0,
        "max": 19,
        "color_hex": "#4067a9",
        "stroke": "#4067a9",
        "stroke-width": 1,
        "stroke-opacity": 0.7,
        "fill": "#4067a9",
        "fill-opacity": 0.3
      }
    },
    {
      "type": "Feature",
      "geometry": {
        "type": "Polygon",
        "coordinates": [
          [
            [
              2.000556,
              48.990278
            ],
            [
              2.197222,
              49.121111
            ],
            [
              2.192222,
              49.150556
            ],
            [
              2.183333,
              49.204444
            ],
            [
              2.05,
              49.203611
            ],
            [
              2.018056,
              49.203611
            ],
            [
              2.009722,
              49.202778
            ],
            [
              1.984722,
              49.198889
            ],
            [
              1.960556,
              49.1925
            ],
            [
              1.938611,
              49.183611
            ],
            [
              1.918889,
              49.1725
            ],
            [
              1.901944,
              49.159444
            ],
            [
              1.888333,
              49.145
            ],
            [
              1.878333,
              49.129444
            ],
            [
              1.8725,
              49.112778
            ],
            [
              1.870278,
              49.095833
            ],
            [
              1.8725,
              49.078889
            ],
            [
              1.878333,
              49.0625
            ],
            [
              1.888333,
              49.046667
            ],
            [
              1.901944,
              49.032222
            ],
            [
              1.918889,
              49.019444
            ],
            [
              1.938611,
              49.008333
            ],
            [
              1.960556,
              48.999444
            ],
            [
              1.984722,
              48.993056
            ],
            [
              2.000556,
              48.990278
            ]
          ]
        ]
      },
      "properties": {
        "name": "PONTOISE WL CTR",
        "owner": "PAR",
        "owners": [
          "PTT",
          "PT",
          "PGDN",
          "PGN",
          "DODG",
          "DOGS",
          "FPAE",
          "RPAE",
          "PARL",
          "PAR"
        ],
        "min": 0,
        "cur": 0,
        "max": 14,
        "color_hex": "#4067a9",
        "stroke": "#4067a9",
        "stroke-width": 1,
        "stroke-opacity": 0.7,
        "fill": "#4067a9",
        "fill-opacity": 0.3
      }
    },
    {
      "type": "Feature",
      "geometry": {
        "type": "Polygon",
        "coordinates": [
          [
            [
              2.000556,
              48.990278
            ],
            [
              2.197222,
              49.121111
            ],
            [
              2.192222,
              49.150556
            ],
            [
              2.183333,
              49.204444
            ],
            [
              2.05,
              49.203611
            ],
            [
              2.018056,
              49.203611
            ],
            [
              2.009722,
              49.202778
            ],
            [
              1.984722,
              49.198889
            ],
            [
              1.960556,
              49.1925
            ],
            [
              1.938611,
              49.183611
            ],
            [
              1.918889,
              49.1725
            ],
            [
              1.901944,
              49.159444
            ],
            [
              1.888333,
              49.145
            ],
            [
              1.878333,
              49.129444
            ],
            [
              1.8725,
              49.112778
            ],
            [
              1.870278,
              49.095833
            ],
            [
              1.8725,
              49.078889
            ],
            [
              1.878333,
              49.0625
            ],
            [
              1.888333,
              49.046667
            ],
            [
              1.901944,
              49.032222
            ],
            [
              1.918889,
              49.019444
            ],
            [
              1.938611,
              49.008333
            ],
            [
              1.960556,
              48.999444
            ],
            [
              1.984722,
              48.993056
            ],
            [
              2.000556,
              48.990278
            ]
          ]
        ]
      },
      "properties": {
        "name": "PONTOISE EL CTR",
        "owner": "PAR",
        "owners": [
          "PTT",
          "PT",
          "PGN",
          "DODG",
          "DOGS",
          "FPAE",
          "RPAE",
          "PARL",
          "PAR"
        ],
        "min": 0,
        "cur": 0,
        "max": 14,
        "color_hex": "#4067a9",
        "stroke": "#4067a9",
        "stroke-width": 1,
        "stroke-opacity": 0.7,
        "fill": "#4067a9",
        "fill-opacity": 0.3
      }
    },
    {
      "type": "Feature",
      "geometry": {
        "type": "Polygon",
        "coordinates": [
          [
            [
              2.100556,
              48.809444
            ],
            [
              2.080556,
              48.786667
            ],
            [
              2.080556,
              48.761667
            ],
            [
              2.116944,
              48.758056
            ],
            [
              2.149167,
              48.764444
            ],
            [
              2.151667,
              48.755556
            ],
            [
              2.159444,
              48.729167
            ],
            [
              2.165556,
              48.708056
            ],
            [
              2.115556,
              48.661111
            ],
            [
              2.121389,
              48.609167
            ],
            [
              2.268056,
              48.570556
            ],
            [
              2.370556,
              48.571389
            ],
            [
              2.488889,
              48.618889
            ],
            [
              2.618889,
              48.698611
            ],
            [
              2.611667,
              48.800556
            ],
            [
              2.581389,
              48.790556
            ],
            [
              2.578056,
              48.792222
            ],
            [
              2.576944,
              48.792778
            ],
            [
              2.576111,
              48.793611
            ],
            [
              2.575278,
              48.794167
            ],
            [
              2.574167,
              48.794722
            ],
            [
              2.573333,
              48.795556
            ],
            [
              2.5725,
              48.796389
            ],
            [
              2.571667,
              48.796944
            ],
            [
              2.570833,
              48.797778
            ],
            [
              2.57,
              48.798333
            ],
            [
              2.569444,
              48.799167
            ],
            [
              2.568611,
              48.8
            ],
            [
              2.567778,
              48.800833
            ],
            [
              2.567222,
              48.801667
            ],
            [
              2.566667,
              48.802222
            ],
            [
              2.565833,
              48.803056
            ],
            [
              2.565278,
              48.803889
            ],
            [
              2.564722,
              48.804722
            ],
            [
              2.564167,
              48.805556
            ],
            [
              2.563611,
              48.806389
            ],
            [
              2.563333,
              48.807222
            ],
            [
              2.562778,
              48.808056
            ],
            [
              2.562222,
              48.809167
            ],
            [
              2.561944,
              48.81
            ],
            [
              2.561389,
              48.810833
            ],
            [
              2.561111,
              48.811667
            ],
            [
              2.560833,
              48.8125
            ],
            [
              2.560556,
              48.813333
            ],
            [
              2.560278,
              48.814444
            ],
            [
              2.56,
              48.815278
            ],
            [
              2.559722,
              48.816111
            ],
            [
              2.559722,
              48.816944
            ],
            [
              2.559444,
              48.817778
            ],
            [
              2.559444,
              48.818889
            ],
            [
              2.559444,
              48.819722
            ],
            [
              2.559167,
              48.820556
            ],
            [
              2.559167,
              48.821667
            ],
            [
              2.5575,
              48.852778
            ],
            [
              2.499167,
              48.851944
            ],
            [
              2.415,
              48.850833
            ],
            [
              2.412222,
              48.836944
            ],
            [
              2.410833,
              48.835
            ],
            [
              2.404444,
              48.831944
            ],
            [
              2.399444,
              48.828611
            ],
            [
              2.391389,
              48.8275
            ],
            [
              2.385278,
              48.825556
            ],
            [
              2.378056,
              48.821389
            ],
            [
              2.362778,
              48.816111
            ],
            [
              2.355833,
              48.816667
            ],
            [
              2.352778,
              48.818056
            ],
            [
              2.350278,
              48.817778
            ],
            [
              2.346667,
              48.816389
            ],
            [
              2.335,
              48.816944
            ],
            [
              2.332222,
              48.818611
            ],
            [
              2.290833,
              48.828056
            ],
            [
              2.135,
              48.823611
            ],
            [
              2.100556,
              48.809444
            ]
          ]
        ]
      },
      "properties": {
        "name": "PARIS CTR ORY",
        "owner": "PAR",
        "owners": [
          "POT",
          "PODD",
          "PO",
          "PGDS",
          "PGS",
          "PGDN",
          "PGN",
          "DODG",
          "DOGS",
          "FPAE",
          "RPAE",
          "PARL",
          "PAR"
        ],
        "min": 0,
        "cur": 0,
        "max": 19,
        "color_hex": "#4067a9",
        "stroke": "#4067a9",
        "stroke-width": 1,
        "stroke-opacity": 0.7,
        "fill": "#4067a9",
        "fill-opacity": 0.3
      }
    },
    {
      "type": "Feature",
      "geometry": {
        "type": "Polygon",
        "coordinates": [
          [
            [
              2.555278,
              48.898333
            ],
            [
              2.555556,
              48.900556
            ],
            [
              2.555833,
              48.902778
            ],
            [
              2.556667,
              48.904722
            ],
            [
              2.5575,
              48.906944
            ],
            [
              2.558611,
              48.908889
            ],
            [
              2.56,
              48.910833
            ],
            [
              2.561389,
              48.912778
            ],
            [
              2.563056,
              48.914722
            ],
            [
              2.565,
              48.916389
            ],
            [
              2.566944,
              48.918056
            ],
            [
              2.569167,
              48.919722
            ],
            [
              2.571389,
              48.921111
            ],
            [
              2.573889,
              48.9225
            ],
            [
              2.576667,
              48.923889
            ],
            [
              2.579444,
              48.925
            ],
            [
              2.582222,
              48.926111
            ],
            [
              2.585,
              48.926944
            ],
            [
              2.588056,
              48.927778
            ],
            [
              2.591389,
              48.928611
            ],
            [
              2.594444,
              48.929167
            ],
            [
              2.5975,
              48.929444
            ],
            [
              2.600833,
              48.929722
            ],
            [
              2.604167,
              48.93
            ],
            [
              2.6075,
              48.93
            ],
            [
              2.610556,
              48.929722
            ],
            [
              2.613889,
              48.929444
            ],
            [
              2.617222,
              48.929167
            ],
            [
              2.620278,
              48.928611
            ],
            [
              2.623333,
              48.928056
            ],
            [
              2.626389,
              48.927222
            ],
            [
              2.629444,
              48.926111
            ],
            [
              2.632222,
              48.925278
            ],
            [
              2.635,
              48.923889
            ],
            [
              2.6375,
              48.922778
            ],
            [
              2.64,
              48.921389
            ],
            [
              2.6425,
              48.919722
            ],
            [
              2.644722,
              48.918333
            ],
            [
              2.646667,
              48.916667
            ],
            [
              2.786111,
              48.938056
            ],
            [
              2.786667,
              48.938889
            ],
            [
              2.787222,
              48.94
            ],
            [
              2.788056,
              48.941111
            ],
            [
              2.788611,
              48.941944
            ],
            [
              2.789444,
              48.943056
            ],
            [
              2.790278,
              48.943889
            ],
            [
              2.791389,
              48.945
            ],
            [
              2.792222,
              48.945833
            ],
            [
              2.793333,
              48.946667
            ],
            [
              2.794167,
              48.947778
            ],
            [
              2.795278,
              48.948611
            ],
            [
              2.796389,
              48.949444
            ],
            [
              2.797778,
              48.950278
            ],
            [
              2.798889,
              48.951111
            ],
            [
              2.800278,
              48.951667
            ],
            [
              2.801389,
              48.9525
            ],
            [
              2.802778,
              48.953056
            ],
            [
              2.804167,
              48.953889
            ],
            [
              2.805556,
              48.954444
            ],
            [
              2.806944,
              48.955
            ],
            [
              2.808611,
              48.955556
            ],
            [
              2.81,
              48.956111
            ],
            [
              2.811667,
              48.956667
            ],
            [
              2.813056,
              48.957222
            ],
            [
              2.814722,
              48.957778
            ],
            [
              2.816389,
              48.958056
            ],
            [
              2.817778,
              48.958333
            ],
            [
              2.819444,
              48.958889
            ],
            [
              2.821111,
              48.959167
            ],
            [
              2.822778,
              48.959444
            ],
            [
              2.824444,
              48.959444
            ],
            [
              2.826111,
              48.959722
            ],
            [
              2.828056,
              48.96
            ],
            [
              2.829722,
              48.96
            ],
            [
              2.831389,
              48.96
            ],
            [
              2.833056,
              48.96
            ],
            [
              2.834722,
              48.96
            ],
            [
              2.836389,
              48.96
            ],
            [
              2.838333,
              48.96
            ],
            [
              2.839444,
              48.974722
            ],
            [
              2.841389,
              48.993889
            ],
            [
              2.836944,
              48.997222
            ],
            [
              2.556111,
              48.9825
            ],
            [
              2.140556,
              48.960833
            ],
            [
              2.077778,
              48.911111
            ],
            [
              2.091944,
              48.8475
            ],
            [
              2.0975,
              48.8225
            ],
            [
              2.100556,
              48.809444
            ],
            [
              2.135,
              48.823611
            ],
            [
              2.290833,
              48.828056
            ],
            [
              2.332222,
              48.818611
            ],
            [
              2.335,
              48.816944
            ],
            [
              2.346667,
              48.816389
            ],
            [
              2.350278,
              48.817778
            ],
            [
              2.352778,
              48.818056
            ],
            [
              2.355833,
              48.816667
            ],
            [
              2.362778,
              48.816111
            ],
            [
              2.378056,
              48.821389
            ],
            [
              2.385278,
              48.825556
            ],
            [
              2.391389,
              48.8275
            ],
            [
              2.399444,
              48.828611
            ],
            [
              2.404444,
              48.831944
            ],
            [
              2.410833,
              48.835
            ],
            [
              2.412222,
              48.836944
            ],
            [
              2.415,
              48.850833
            ],
            [
              2.499167,
              48.851944
            ],
            [
              2.5575,
              48.852778
            ],
            [
              2.557222,
              48.858889
            ],
            [
              2.555278,
              48.896389
            ],
            [
              2.555278,
              48.898333
            ]
          ]
        ]
      },
      "properties": {
        "name": "PARIS CTR LBG WL",
        "owner": "PAR",
        "owners": [
          "PBT",
          "PGDS",
          "PGDN",
          "PGS",
          "PGN",
          "DODG",
          "DOGS",
          "FPAE",
          "RPAE",
          "PARL",
          "PAR"
        ],
        "min": 0,
        "cur": 0,
        "max": 19,
        "color_hex": "#4067a9",
        "stroke": "#4067a9",
        "stroke-width": 1,
        "stroke-opacity": 0.7,
        "fill": "#4067a9",
        "fill-opacity": 0.3
      }
    },
    {
      "type": "Feature",
      "geometry": {
        "type": "Polygon",
        "coordinates": [
          [
            [
              2.555278,
              48.898333
            ],
            [
              2.555556,
              48.900556
            ],
            [
              2.555833,
              48.902778
            ],
            [
              2.556667,
              48.904722
            ],
            [
              2.5575,
              48.906944
            ],
            [
              2.558611,
              48.908889
            ],
            [
              2.56,
              48.910833
            ],
            [
              2.561389,
              48.912778
            ],
            [
              2.563056,
              48.914722
            ],
            [
              2.565,
              48.916389
            ],
            [
              2.566944,
              48.918056
            ],
            [
              2.569167,
              48.919722
            ],
            [
              2.571389,
              48.921111
            ],
            [
              2.573889,
              48.9225
            ],
            [
              2.576667,
              48.923889
            ],
            [
              2.579444,
              48.925
            ],
            [
              2.582222,
              48.926111
            ],
            [
              2.585,
              48.926944
            ],
            [
              2.588056,
              48.927778
            ],
            [
              2.591389,
              48.928611
            ],
            [
              2.594444,
              48.929167
            ],
            [
              2.5975,
              48.929444
            ],
            [
              2.600833,
              48.929722
            ],
            [
              2.604167,
              48.93
            ],
            [
              2.6075,
              48.93
            ],
            [
              2.610556,
              48.929722
            ],
            [
              2.613889,
              48.929444
            ],
            [
              2.617222,
              48.929167
            ],
            [
              2.620278,
              48.928611
            ],
            [
              2.623333,
              48.928056
            ],
            [
              2.626389,
              48.927222
            ],
            [
              2.629444,
              48.926111
            ],
            [
              2.632222,
              48.925278
            ],
            [
              2.635,
              48.923889
            ],
            [
              2.6375,
              48.922778
            ],
            [
              2.64,
              48.921389
            ],
            [
              2.6425,
              48.919722
            ],
            [
              2.644722,
              48.918333
            ],
            [
              2.646667,
              48.916667
            ],
            [
              2.786111,
              48.938056
            ],
            [
              2.786667,
              48.938889
            ],
            [
              2.787222,
              48.94
            ],
            [
              2.788056,
              48.941111
            ],
            [
              2.788611,
              48.941944
            ],
            [
              2.789444,
              48.943056
            ],
            [
              2.790278,
              48.943889
            ],
            [
              2.791389,
              48.945
            ],
            [
              2.792222,
              48.945833
            ],
            [
              2.793333,
              48.946667
            ],
            [
              2.794167,
              48.947778
            ],
            [
              2.795278,
              48.948611
            ],
            [
              2.796389,
              48.949444
            ],
            [
              2.797778,
              48.950278
            ],
            [
              2.798889,
              48.951111
            ],
            [
              2.800278,
              48.951667
            ],
            [
              2.801389,
              48.9525
            ],
            [
              2.802778,
              48.953056
            ],
            [
              2.804167,
              48.953889
            ],
            [
              2.805556,
              48.954444
            ],
            [
              2.806944,
              48.955
            ],
            [
              2.808611,
              48.955556
            ],
            [
              2.81,
              48.956111
            ],
            [
              2.811667,
              48.956667
            ],
            [
              2.813056,
              48.957222
            ],
            [
              2.814722,
              48.957778
            ],
            [
              2.816389,
              48.958056
            ],
            [
              2.817778,
              48.958333
            ],
            [
              2.819444,
              48.958889
            ],
            [
              2.821111,
              48.959167
            ],
            [
              2.822778,
              48.959444
            ],
            [
              2.824444,
              48.959444
            ],
            [
              2.826111,
              48.959722
            ],
            [
              2.828056,
              48.96
            ],
            [
              2.829722,
              48.96
            ],
            [
              2.831389,
              48.96
            ],
            [
              2.833056,
              48.96
            ],
            [
              2.834722,
              48.96
            ],
            [
              2.836389,
              48.96
            ],
            [
              2.838333,
              48.96
            ],
            [
              2.839444,
              48.974722
            ],
            [
              2.841389,
              48.993889
            ],
            [
              2.836944,
              48.997222
            ],
            [
              2.556111,
              48.9825
            ],
            [
              2.140556,
              48.960833
            ],
            [
              2.077778,
              48.911111
            ],
            [
              2.091944,
              48.8475
            ],
            [
              2.0975,
              48.8225
            ],
            [
              2.100556,
              48.809444
            ],
            [
              2.135,
              48.823611
            ],
            [
              2.290833,
              48.828056
            ],
            [
              2.332222,
              48.818611
            ],
            [
              2.335,
              48.816944
            ],
            [
              2.346667,
              48.816389
            ],
            [
              2.350278,
              48.817778
            ],
            [
              2.352778,
              48.818056
            ],
            [
              2.355833,
              48.816667
            ],
            [
              2.362778,
              48.816111
            ],
            [
              2.378056,
              48.821389
            ],
            [
              2.385278,
              48.825556
            ],
            [
              2.391389,
              48.8275
            ],
            [
              2.399444,
              48.828611
            ],
            [
              2.404444,
              48.831944
            ],
            [
              2.410833,
              48.835
            ],
            [
              2.412222,
              48.836944
            ],
            [
              2.415,
              48.850833
            ],
            [
              2.499167,
              48.851944
            ],
            [
              2.5575,
              48.852778
            ],
            [
              2.557222,
              48.858889
            ],
            [
              2.555278,
              48.896389
            ],
            [
              2.555278,
              48.898333
            ]
          ]
        ]
      },
      "properties": {
        "name": "PARIS CTR LBG EL",
        "owner": "PAR",
        "owners": [
          "PBT",
          "PGS",
          "PGN",
          "DODG",
          "DOGS",
          "FPAE",
          "RPAE",
          "PARL",
          "PAR"
        ],
        "min": 0,
        "cur": 0,
        "max": 19,
        "color_hex": "#4067a9",
        "stroke": "#4067a9",
        "stroke-width": 1,
        "stroke-opacity": 0.7,
        "fill": "#4067a9",
        "fill-opacity": 0.3
      }
    },
    {
      "type": "Feature",
      "geometry": {
        "type": "Polygon",
        "coordinates": [
          [
            [
              2.140556,
              48.960833
            ],
            [
              2.556111,
              48.9825
            ],
            [
              2.836944,
              48.997222
            ],
            [
              2.801944,
              49.025278
            ],
            [
              2.584444,
              49.0125
            ],
            [
              2.579722,
              49.012222
            ],
            [
              2.5725,
              49.011944
            ],
            [
              2.557778,
              49.011111
            ],
            [
              2.5525,
              49.010833
            ],
            [
              2.549722,
              49.010556
            ],
            [
              2.530278,
              49.009444
            ],
            [
              2.508056,
              49.007778
            ],
            [
              2.493056,
              49.006944
            ],
            [
              2.181111,
              48.992778
            ],
            [
              2.140556,
              48.960833
            ]
          ]
        ]
      },
      "properties": {
        "name": "PARIS CTR CDG SOUTH",
        "owner": "PAR",
        "owners": [
          "PGTS",
          "PGTN",
          "PGDS",
          "PGDN",
          "PGS",
          "PGN",
          "DODG",
          "DOGS",
          "FPAE",
          "RPAE",
          "PARL",
          "PAR"
        ],
        "min": 0,
        "cur": 0,
        "max": 19,
        "color_hex": "#4067a9",
        "stroke": "#4067a9",
        "stroke-width": 1,
        "stroke-opacity": 0.7,
        "fill": "#4067a9",
        "fill-opacity": 0.3
      }
    },
    {
      "type": "Feature",
      "geometry": {
        "type": "Polygon",
        "coordinates": [
          [
            [
              2.321111,
              49.103611
            ],
            [
              2.465,
              49.106111
            ],
            [
              2.480556,
              49.106111
            ],
            [
              2.696667,
              49.11
            ],
            [
              2.71,
              49.099167
            ],
            [
              2.801944,
              49.025278
            ],
            [
              2.584444,
              49.0125
            ],
            [
              2.579722,
              49.012222
            ],
            [
              2.5725,
              49.011944
            ],
            [
              2.557778,
              49.011111
            ],
            [
              2.5525,
              49.010833
            ],
            [
              2.549722,
              49.010556
            ],
            [
              2.530278,
              49.009444
            ],
            [
              2.508056,
              49.007778
            ],
            [
              2.493056,
              49.006944
            ],
            [
              2.181111,
              48.992778
            ],
            [
              2.321111,
              49.103611
            ]
          ]
        ]
      },
      "properties": {
        "name": "PARIS CTR CDG NORTH",
        "owner": "PAR",
        "owners": [
          "PGTN",
          "PGDN",
          "PGN",
          "DODG",
          "DOGS",
          "FPAE",
          "RPAE",
          "PARL",
          "PAR"
        ],
        "min": 0,
        "cur": 0,
        "max": 19,
        "color_hex": "#4067a9",
        "stroke": "#4067a9",
        "stroke-width": 1,
        "stroke-opacity": 0.7,
        "fill": "#4067a9",
        "fill-opacity": 0.3
      }
    },
    {
      "type": "Feature",
      "geometry": {
        "type": "Polygon",
        "coordinates": [
          [
            [
              2.356389,
              50.595556
            ],
            [
              2.614444,
              50.468056
            ],
            [
              2.728333,
              50.561111
            ],
            [
              2.848611,
              50.658333
            ],
            [
              2.583056,
              50.789444
            ],
            [
              2.356389,
              50.595556
            ]
          ]
        ]
      },
      "properties": {
        "name": "MERVILLE CTR",
        "owner": "PAR",
        "owners": [
          "QTT",
          "QW",
          "QE",
          "TB",
          "TNTB",
          "AENB",
          "RPAW",
          "PARL",
          "PAR"
        ],
        "min": 0,
        "cur": 0,
        "max": 19,
        "color_hex": "#4067a9",
        "stroke": "#4067a9",
        "stroke-width": 1,
        "stroke-opacity": 0.7,
        "fill": "#4067a9",
        "fill-opacity": 0.3
      }
    },
    {
      "type": "Feature",
      "geometry": {
        "type": "Polygon",
        "coordinates": [
          [
            [
              2.489167,
              48.505
            ],
            [
              2.685278,
              48.483333
            ],
            [
              2.847222,
              48.522222
            ],
            [
              2.911667,
              48.647222
            ],
            [
              2.721944,
              48.681389
            ],
            [
              2.618889,
              48.698611
            ],
            [
              2.488889,
              48.618889
            ],
            [
              2.489167,
              48.556111
            ],
            [
              2.489167,
              48.505
            ]
          ]
        ]
      },
      "properties": {
        "name": "MELUN CTR",
        "owner": "PAR",
        "owners": [
          "PMT",
          "SJ",
          "RPAE",
          "PARL",
          "PAR"
        ],
        "min": 0,
        "cur": 0,
        "max": 24,
        "color_hex": "#4067a9",
        "stroke": "#4067a9",
        "stroke-width": 1,
        "stroke-opacity": 0.7,
        "fill": "#4067a9",
        "fill-opacity": 0.3
      }
    },
    {
      "type": "Feature",
      "geometry": {
        "type": "Polygon",
        "coordinates": [
          [
            [
              3.27,
              50.609722
            ],
            [
              3.284167,
              50.594722
            ],
            [
              3.278889,
              50.538333
            ],
            [
              3.278611,
              50.536389
            ],
            [
              3.2775,
              50.534722
            ],
            [
              3.276667,
              50.533333
            ],
            [
              3.275556,
              50.531667
            ],
            [
              3.274444,
              50.530278
            ],
            [
              3.273333,
              50.528889
            ],
            [
              3.271944,
              50.5275
            ],
            [
              3.270833,
              50.526111
            ],
            [
              3.269444,
              50.524722
            ],
            [
              3.268333,
              50.523333
            ],
            [
              3.266944,
              50.521944
            ],
            [
              3.265556,
              50.520556
            ],
            [
              3.264167,
              50.519167
            ],
            [
              3.262778,
              50.517778
            ],
            [
              3.261111,
              50.516389
            ],
            [
              3.259722,
              50.515
            ],
            [
              3.258056,
              50.513889
            ],
            [
              3.256389,
              50.5125
            ],
            [
              3.255,
              50.511389
            ],
            [
              3.253333,
              50.51
            ],
            [
              3.251389,
              50.508889
            ],
            [
              3.249722,
              50.507778
            ],
            [
              3.248056,
              50.506389
            ],
            [
              3.246111,
              50.505278
            ],
            [
              3.244444,
              50.504167
            ],
            [
              3.2425,
              50.503056
            ],
            [
              3.240556,
              50.501944
            ],
            [
              3.238611,
              50.500833
            ],
            [
              3.236667,
              50.499722
            ],
            [
              3.234722,
              50.498889
            ],
            [
              3.232778,
              50.497778
            ],
            [
              3.230833,
              50.496944
            ],
            [
              3.228611,
              50.495833
            ],
            [
              3.226667,
              50.495
            ],
            [
              3.224444,
              50.493889
            ],
            [
              3.2225,
              50.493056
            ],
            [
              3.220278,
              50.492222
            ],
            [
              3.218056,
              50.491389
            ],
            [
              3.215833,
              50.490556
            ],
            [
              3.213611,
              50.489722
            ],
            [
              3.211389,
              50.488889
            ],
            [
              3.209167,
              50.488333
            ],
            [
              3.206944,
              50.4875
            ],
            [
              3.204444,
              50.486667
            ],
            [
              3.202222,
              50.486111
            ],
            [
              3.199722,
              50.485556
            ],
            [
              3.1975,
              50.484722
            ],
            [
              3.195,
              50.484167
            ],
            [
              3.192778,
              50.483611
            ],
            [
              3.190278,
              50.483056
            ],
            [
              3.187778,
              50.4825
            ],
            [
              3.185556,
              50.482222
            ],
            [
              3.183056,
              50.481667
            ],
            [
              3.180556,
              50.481389
            ],
            [
              3.178056,
              50.480833
            ],
            [
              3.175556,
              50.480556
            ],
            [
              3.174167,
              50.480278
            ],
            [
              3.020278,
              50.458611
            ],
            [
              3.016389,
              50.458056
            ],
            [
              3.013889,
              50.457778
            ],
            [
              3.011389,
              50.4575
            ],
            [
              3.008889,
              50.457222
            ],
            [
              3.006389,
              50.457222
            ],
            [
              3.003889,
              50.456944
            ],
            [
              3.001111,
              50.456667
            ],
            [
              2.998611,
              50.456667
            ],
            [
              2.996111,
              50.456667
            ],
            [
              2.993611,
              50.456389
            ],
            [
              2.991111,
              50.456389
            ],
            [
              2.988611,
              50.456389
            ],
            [
              2.985833,
              50.456389
            ],
            [
              2.983333,
              50.456389
            ],
            [
              2.980833,
              50.456667
            ],
            [
              2.978333,
              50.456667
            ],
            [
              2.975833,
              50.456667
            ],
            [
              2.973056,
              50.456944
            ],
            [
              2.970556,
              50.457222
            ],
            [
              2.968056,
              50.457222
            ],
            [
              2.965556,
              50.4575
            ],
            [
              2.963056,
              50.457778
            ],
            [
              2.960556,
              50.458056
            ],
            [
              2.958056,
              50.458333
            ],
            [
              2.955556,
              50.458889
            ],
            [
              2.953056,
              50.459167
            ],
            [
              2.950556,
              50.459722
            ],
            [
              2.948056,
              50.46
            ],
            [
              2.945556,
              50.460556
            ],
            [
              2.943333,
              50.460833
            ],
            [
              2.940833,
              50.461389
            ],
            [
              2.938333,
              50.461944
            ],
            [
              2.936111,
              50.4625
            ],
            [
              2.933611,
              50.463056
            ],
            [
              2.931389,
              50.463889
            ],
            [
              2.928889,
              50.464444
            ],
            [
              2.926667,
              50.465
            ],
            [
              2.924444,
              50.465833
            ],
            [
              2.921944,
              50.466667
            ],
            [
              2.919722,
              50.467222
            ],
            [
              2.9175,
              50.468056
            ],
            [
              2.915278,
              50.468889
            ],
            [
              2.913056,
              50.469722
            ],
            [
              2.910833,
              50.470556
            ],
            [
              2.908611,
              50.471389
            ],
            [
              2.906667,
              50.472222
            ],
            [
              2.904444,
              50.473333
            ],
            [
              2.9025,
              50.474167
            ],
            [
              2.900278,
              50.475278
            ],
            [
              2.898333,
              50.476111
            ],
            [
              2.896389,
              50.477222
            ],
            [
              2.894444,
              50.478056
            ],
            [
              2.8925,
              50.479167
            ],
            [
              2.890556,
              50.480278
            ],
            [
              2.888611,
              50.481389
            ],
            [
              2.886667,
              50.4825
            ],
            [
              2.885,
              50.483611
            ],
            [
              2.883056,
              50.484722
            ],
            [
              2.881389,
              50.486111
            ],
            [
              2.879722,
              50.487222
            ],
            [
              2.878056,
              50.488333
            ],
            [
              2.876389,
              50.489722
            ],
            [
              2.874722,
              50.490833
            ],
            [
              2.873056,
              50.492222
            ],
            [
              2.871389,
              50.493333
            ],
            [
              2.87,
              50.494722
            ],
            [
              2.868611,
              50.496111
            ],
            [
              2.866944,
              50.4975
            ],
            [
              2.865556,
              50.498889
            ],
            [
              2.864167,
              50.500278
            ],
            [
              2.863056,
              50.501667
            ],
            [
              2.861667,
              50.503056
            ],
            [
              2.860278,
              50.504444
            ],
            [
              2.859167,
              50.505833
            ],
            [
              2.858056,
              50.507222
            ],
            [
              2.856667,
              50.508611
            ],
            [
              2.855833,
              50.51
            ],
            [
              2.854722,
              50.511667
            ],
            [
              2.853611,
              50.513056
            ],
            [
              2.8525,
              50.514722
            ],
            [
              2.851667,
              50.516111
            ],
            [
              2.850833,
              50.5175
            ],
            [
              2.85,
              50.519167
            ],
            [
              2.849167,
              50.520833
            ],
            [
              2.848333,
              50.522222
            ],
            [
              2.8475,
              50.523889
            ],
            [
              2.846944,
              50.525278
            ],
            [
              2.846389,
              50.526944
            ],
            [
              2.845556,
              50.528611
            ],
            [
              2.845,
              50.53
            ],
            [
              2.844722,
              50.531667
            ],
            [
              2.844167,
              50.533333
            ],
            [
              2.843611,
              50.535
            ],
            [
              2.843333,
              50.536389
            ],
            [
              2.843056,
              50.538056
            ],
            [
              2.842778,
              50.539722
            ],
            [
              2.8425,
              50.541389
            ],
            [
              2.842222,
              50.543056
            ],
            [
              2.841944,
              50.544722
            ],
            [
              2.841944,
              50.546111
            ],
            [
              2.841944,
              50.547778
            ],
            [
              2.841944,
              50.549444
            ],
            [
              2.841944,
              50.551111
            ],
            [
              2.841944,
              50.552778
            ],
            [
              2.841944,
              50.554444
            ],
            [
              2.842222,
              50.556111
            ],
            [
              2.8425,
              50.5575
            ],
            [
              2.843056,
              50.56
            ],
            [
              2.896111,
              50.607778
            ],
            [
              2.970833,
              50.644722
            ],
            [
              3.058889,
              50.650556
            ],
            [
              3.111944,
              50.658056
            ],
            [
              3.148056,
              50.664444
            ],
            [
              3.150278,
              50.664167
            ],
            [
              3.152778,
              50.664167
            ],
            [
              3.155556,
              50.664167
            ],
            [
              3.158056,
              50.663889
            ],
            [
              3.160556,
              50.663611
            ],
            [
              3.163056,
              50.663611
            ],
            [
              3.165556,
              50.663333
            ],
            [
              3.168056,
              50.663056
            ],
            [
              3.170556,
              50.662778
            ],
            [
              3.173333,
              50.6625
            ],
            [
              3.175833,
              50.661944
            ],
            [
              3.178333,
              50.661667
            ],
            [
              3.180556,
              50.661111
            ],
            [
              3.183056,
              50.660833
            ],
            [
              3.185556,
              50.660278
            ],
            [
              3.188056,
              50.659722
            ],
            [
              3.190556,
              50.659444
            ],
            [
              3.192778,
              50.658889
            ],
            [
              3.195278,
              50.658333
            ],
            [
              3.197778,
              50.6575
            ],
            [
              3.2,
              50.656944
            ],
            [
              3.2025,
              50.656389
            ],
            [
              3.204722,
              50.655556
            ],
            [
              3.206944,
              50.655
            ],
            [
              3.209444,
              50.654167
            ],
            [
              3.211667,
              50.653611
            ],
            [
              3.213889,
              50.652778
            ],
            [
              3.216111,
              50.651944
            ],
            [
              3.218333,
              50.651111
            ],
            [
              3.220556,
              50.650278
            ],
            [
              3.222778,
              50.649444
            ],
            [
              3.224722,
              50.648333
            ],
            [
              3.226944,
              50.6475
            ],
            [
              3.228889,
              50.646667
            ],
            [
              3.231111,
              50.645556
            ],
            [
              3.233056,
              50.644722
            ],
            [
              3.235,
              50.643611
            ],
            [
              3.236944,
              50.6425
            ],
            [
              3.238889,
              50.641389
            ],
            [
              3.240833,
              50.640556
            ],
            [
              3.242778,
              50.639444
            ],
            [
              3.244722,
              50.638333
            ],
            [
              3.246389,
              50.636944
            ],
            [
              3.248333,
              50.635833
            ],
            [
              3.25,
              50.634722
            ],
            [
              3.251667,
              50.633611
            ],
            [
              3.27,
              50.609722
            ]
          ]
        ]
      },
      "properties": {
        "name": "LILLE CTR",
        "owner": "PAR",
        "owners": [
          "QQT",
          "QE",
          "TB",
          "TNTB",
          "AENB",
          "RPAW",
          "PARL",
          "PAR"
        ],
        "min": 0,
        "cur": 0,
        "max": 19,
        "color_hex": "#4067a9",
        "stroke": "#4067a9",
        "stroke-width": 1,
        "stroke-opacity": 0.7,
        "fill": "#4067a9",
        "fill-opacity": 0.3
      }
    },
    {
      "type": "Feature",
      "geometry": {
        "type": "Polygon",
        "coordinates": [
          [
            [
              1.569444,
              50.679167
            ],
            [
              1.873333,
              50.491667
            ],
            [
              1.700556,
              50.377778
            ],
            [
              1.631111,
              50.42
            ],
            [
              1.631111,
              50.422778
            ],
            [
              1.630556,
              50.426944
            ],
            [
              1.629167,
              50.430556
            ],
            [
              1.626667,
              50.434167
            ],
            [
              1.623611,
              50.4375
            ],
            [
              1.619444,
              50.440556
            ],
            [
              1.614722,
              50.443056
            ],
            [
              1.609722,
              50.445278
            ],
            [
              1.603889,
              50.446667
            ],
            [
              1.598056,
              50.4475
            ],
            [
              1.591944,
              50.447778
            ],
            [
              1.585556,
              50.4475
            ],
            [
              1.579722,
              50.446667
            ],
            [
              1.573889,
              50.445278
            ],
            [
              1.568889,
              50.443056
            ],
            [
              1.564167,
              50.440556
            ],
            [
              1.560278,
              50.437778
            ],
            [
              1.554444,
              50.437778
            ],
            [
              1.3725,
              50.549722
            ],
            [
              1.569444,
              50.679167
            ]
          ]
        ]
      },
      "properties": {
        "name": "LE TOUQUET CTR",
        "owner": "PAR",
        "owners": [
          "ATT",
          "QW",
          "QE",
          "TB",
          "TNTB",
          "AENB",
          "RPAW",
          "PARL",
          "PAR"
        ],
        "min": 0,
        "cur": 0,
        "max": 19,
        "color_hex": "#4067a9",
        "stroke": "#4067a9",
        "stroke-width": 1,
        "stroke-opacity": 0.7,
        "fill": "#4067a9",
        "fill-opacity": 0.3
      }
    },
    {
      "type": "Feature",
      "geometry": {
        "type": "Polygon",
        "coordinates": [
          [
            [
              2.080556,
              48.761667
            ],
            [
              2.116944,
              48.758056
            ],
            [
              2.149167,
              48.764444
            ],
            [
              2.151667,
              48.755556
            ],
            [
              2.159444,
              48.729167
            ],
            [
              2.165556,
              48.708056
            ],
            [
              2.115556,
              48.661111
            ],
            [
              2.121389,
              48.609167
            ],
            [
              2.012222,
              48.578889
            ],
            [
              1.999167,
              48.633056
            ],
            [
              1.994167,
              48.653889
            ],
            [
              1.988611,
              48.760556
            ],
            [
              2.080556,
              48.761667
            ]
          ]
        ]
      },
      "properties": {
        "name": "CHEVREUSE SIV",
        "owner": "PAR",
        "owners": [
          "PNT",
          "PODD",
          "PO",
          "PGDS",
          "PGS",
          "PGDN",
          "PGN",
          "DODG",
          "DOGS",
          "FPAE",
          "RPAE",
          "PARL",
          "PAR"
        ],
        "min": 0,
        "cur": 0,
        "max": 14,
        "color_hex": "#4067a9",
        "stroke": "#4067a9",
        "stroke-width": 1,
        "stroke-opacity": 0.7,
        "fill": "#4067a9",
        "fill-opacity": 0.3
      }
    },
    {
      "type": "Feature",
      "geometry": {
        "type": "Polygon",
        "coordinates": [
          [
            [
              1.915556,
              49.427778
            ],
            [
              1.925278,
              49.418056
            ],
            [
              2.039444,
              49.367778
            ],
            [
              2.142222,
              49.322778
            ],
            [
              2.149444,
              49.321667
            ],
            [
              2.175278,
              49.320556
            ],
            [
              2.19,
              49.321389
            ],
            [
              2.200833,
              49.321667
            ],
            [
              2.225833,
              49.325833
            ],
            [
              2.249444,
              49.331944
            ],
            [
              2.271389,
              49.340833
            ],
            [
              2.291111,
              49.351667
            ],
            [
              2.306944,
              49.363889
            ],
            [
              2.321111,
              49.378611
            ],
            [
              2.331111,
              49.394167
            ],
            [
              2.336944,
              49.410278
            ],
            [
              2.338889,
              49.426944
            ],
            [
              2.336944,
              49.443611
            ],
            [
              2.331111,
              49.46
            ],
            [
              2.321111,
              49.475278
            ],
            [
              2.307778,
              49.489722
            ],
            [
              2.291111,
              49.5025
            ],
            [
              2.271389,
              49.513333
            ],
            [
              2.266111,
              49.515833
            ],
            [
              2.1525,
              49.565278
            ],
            [
              2.136389,
              49.571111
            ],
            [
              2.1125,
              49.5775
            ],
            [
              2.0875,
              49.581667
            ],
            [
              2.061944,
              49.582778
            ],
            [
              2.036111,
              49.581667
            ],
            [
              2.011111,
              49.5775
            ],
            [
              1.987222,
              49.571111
            ],
            [
              1.965278,
              49.5625
            ],
            [
              1.945833,
              49.551667
            ],
            [
              1.929167,
              49.538889
            ],
            [
              1.915556,
              49.524444
            ],
            [
              1.905833,
              49.509167
            ],
            [
              1.899722,
              49.492778
            ],
            [
              1.899444,
              49.491111
            ],
            [
              1.897778,
              49.476111
            ],
            [
              1.899722,
              49.459444
            ],
            [
              1.905833,
              49.443333
            ],
            [
              1.915556,
              49.427778
            ]
          ]
        ]
      },
      "properties": {
        "name": "BEAUVAIS CTR",
        "owner": "PAR",
        "owners": [
          "OBT",
          "OB",
          "PGN",
          "DODG",
          "DOGS",
          "FPAE",
          "RPAE",
          "PARL",
          "PAR"
        ],
        "min": 0,
        "cur": 0,
        "max": 14,
        "color_hex": "#4067a9",
        "stroke": "#4067a9",
        "stroke-width": 1,
        "stroke-opacity": 0.7,
        "fill": "#4067a9",
        "fill-opacity": 0.3
      }
    },
    {
      "type": "Feature",
      "geometry": {
        "type": "Polygon",
        "coordinates": [
          [
            [
              2.821111,
              50.030556
            ],
            [
              2.834444,
              50.020833
            ],
            [
              2.845,
              50.009444
            ],
            [
              2.852778,
              49.9975
            ],
            [
              2.8575,
              49.984722
            ],
            [
              2.859167,
              49.971667
            ],
            [
              2.8575,
              49.958611
            ],
            [
              2.852778,
              49.946111
            ],
            [
              2.845,
              49.933889
            ],
            [
              2.834444,
              49.922778
            ],
            [
              2.821111,
              49.912778
            ],
            [
              2.805556,
              49.904444
            ],
            [
              2.788333,
              49.8975
            ],
            [
              2.769722,
              49.8925
            ],
            [
              2.749722,
              49.889444
            ],
            [
              2.739722,
              49.888889
            ],
            [
              2.647778,
              49.884167
            ],
            [
              2.6375,
              49.883889
            ],
            [
              2.617222,
              49.884722
            ],
            [
              2.597222,
              49.887778
            ],
            [
              2.578611,
              49.892778
            ],
            [
              2.561389,
              49.899722
            ],
            [
              2.545833,
              49.908056
            ],
            [
              2.5325,
              49.918056
            ],
            [
              2.521944,
              49.929167
            ],
            [
              2.514167,
              49.941389
            ],
            [
              2.509444,
              49.953889
            ],
            [
              2.507778,
              49.966944
            ],
            [
              2.509444,
              49.98
            ],
            [
              2.514167,
              49.992778
            ],
            [
              2.521944,
              50.004722
            ],
            [
              2.5325,
              50.016111
            ],
            [
              2.545833,
              50.025833
            ],
            [
              2.547222,
              50.026944
            ],
            [
              2.566111,
              50.03
            ],
            [
              2.574167,
              50.039722
            ],
            [
              2.578611,
              50.041389
            ],
            [
              2.597222,
              50.046389
            ],
            [
              2.617222,
              50.049444
            ],
            [
              2.626667,
              50.05
            ],
            [
              2.719167,
              50.055
            ],
            [
              2.729722,
              50.055
            ],
            [
              2.749722,
              50.054167
            ],
            [
              2.769722,
              50.051111
            ],
            [
              2.788333,
              50.046111
            ],
            [
              2.805556,
              50.039167
            ],
            [
              2.821111,
              50.030556
            ]
          ]
        ]
      },
      "properties": {
        "name": "ALBERT BRAY CTR",
        "owner": "PAR",
        "owners": [
          "AQT",
          "QA",
          "QE",
          "TB",
          "TNTB",
          "AENB",
          "RPAW",
          "PARL",
          "PAR"
        ],
        "min": 0,
        "cur": 0,
        "max": 19,
        "color_hex": "#4067a9",
        "stroke": "#4067a9",
        "stroke-width": 1,
        "stroke-opacity": 0.7,
        "fill": "#4067a9",
        "fill-opacity": 0.3
      }
    },
    {
      "type": "Feature",
      "geometry": {
        "type": "Polygon",
        "coordinates": [
          [
            [
              4.022222,
              46.406389
            ],
            [
              4.017222,
              46.411944
            ],
            [
              4.007778,
              46.422778
            ],
            [
              4.009722,
              46.423333
            ],
            [
              4.015833,
              46.416389
            ],
            [
              4.023056,
              46.408056
            ],
            [
              4.024722,
              46.408889
            ],
            [
              4.024444,
              46.410278
            ],
            [
              4.026944,
              46.410556
            ],
            [
              4.027778,
              46.406111
            ],
            [
              4.022222,
              46.406389
            ]
          ]
        ]
      },
      "properties": {
        "name": "SAINT-YAN GND",
        "owner": "MM",
        "owners": [
          "LNG",
          "LNT",
          "LN",
          "CY",
          "CF",
          "MMW",
          "RAW",
          "MM"
        ],
        "min": 0,
        "cur": 0,
        "max": 7,
        "color_hex": "#909967",
        "stroke": "#909967",
        "stroke-width": 1,
        "stroke-opacity": 0.7,
        "fill": "#909967",
        "fill-opacity": 0.3
      }
    },
    {
      "type": "Feature",
      "geometry": {
        "type": "Polygon",
        "coordinates": [
          [
            [
              4.022222,
              46.406389
            ],
            [
              4.017222,
              46.411944
            ],
            [
              4.007778,
              46.422778
            ],
            [
              4.001389,
              46.420833
            ],
            [
              4.016389,
              46.404167
            ],
            [
              4.022222,
              46.406389
            ]
          ]
        ]
      },
      "properties": {
        "name": "SAINT-YAN CTR-W",
        "owner": "MM",
        "owners": [
          "LNT",
          "LN",
          "CY",
          "CF",
          "MMW",
          "RAW",
          "MM"
        ],
        "min": 0,
        "cur": 0,
        "max": 7,
        "color_hex": "#909967",
        "stroke": "#909967",
        "stroke-width": 1,
        "stroke-opacity": 0.7,
        "fill": "#909967",
        "fill-opacity": 0.3
      }
    },
    {
      "type": "Feature",
      "geometry": {
        "type": "Polygon",
        "coordinates": [
          [
            [
              4.015833,
              46.416389
            ],
            [
              4.023056,
              46.408056
            ],
            [
              4.024722,
              46.408889
            ],
            [
              4.024444,
              46.410278
            ],
            [
              4.018611,
              46.4175
            ],
            [
              4.015833,
              46.416389
            ]
          ]
        ]
      },
      "properties": {
        "name": "SAINT-YAN CTR-E",
        "owner": "MM",
        "owners": [
          "LNT",
          "LN",
          "CY",
          "CF",
          "MMW",
          "RAW",
          "MM"
        ],
        "min": 0,
        "cur": 0,
        "max": 7,
        "color_hex": "#909967",
        "stroke": "#909967",
        "stroke-width": 1,
        "stroke-opacity": 0.7,
        "fill": "#909967",
        "fill-opacity": 0.3
      }
    },
    {
      "type": "Feature",
      "geometry": {
        "type": "Polygon",
        "coordinates": [
          [
            [
              5.088611,
              45.710278
            ],
            [
              5.088611,
              45.711111
            ],
            [
              5.088333,
              45.717222
            ],
            [
              5.087778,
              45.720556
            ],
            [
              5.086389,
              45.731111
            ],
            [
              5.085,
              45.743889
            ],
            [
              5.084722,
              45.745833
            ],
            [
              5.082778,
              45.747222
            ],
            [
              5.080833,
              45.741389
            ],
            [
              5.082222,
              45.730833
            ],
            [
              5.077222,
              45.730556
            ],
            [
              5.076389,
              45.721389
            ],
            [
              5.075278,
              45.713333
            ],
            [
              5.073889,
              45.705833
            ],
            [
              5.086667,
              45.705
            ],
            [
              5.087222,
              45.71
            ],
            [
              5.087222,
              45.710278
            ],
            [
              5.0875,
              45.710278
            ],
            [
              5.088611,
              45.710278
            ]
          ]
        ]
      },
      "properties": {
        "name": "SAINT EXUPERY GND",
        "owner": "MM",
        "owners": [
          "LLG",
          "LLT",
          "VW",
          "MMW",
          "RAW",
          "MM"
        ],
        "min": 0,
        "cur": 0,
        "max": 8,
        "color_hex": "#909967",
        "stroke": "#909967",
        "stroke-width": 1,
        "stroke-opacity": 0.7,
        "fill": "#909967",
        "fill-opacity": 0.3
      }
    },
    {
      "type": "Feature",
      "geometry": {
        "type": "Polygon",
        "coordinates": [
          [
            [
              5.088611,
              45.710278
            ],
            [
              5.088611,
              45.711111
            ],
            [
              5.088333,
              45.717222
            ],
            [
              5.087778,
              45.720556
            ],
            [
              5.086389,
              45.731111
            ],
            [
              5.085,
              45.743889
            ],
            [
              5.084722,
              45.745833
            ],
            [
              5.082778,
              45.747222
            ],
            [
              5.080833,
              45.741389
            ],
            [
              5.082222,
              45.730833
            ],
            [
              5.077222,
              45.730556
            ],
            [
              5.076389,
              45.721389
            ],
            [
              5.075278,
              45.713333
            ],
            [
              5.073889,
              45.705833
            ],
            [
              5.086667,
              45.705
            ],
            [
              5.087222,
              45.71
            ],
            [
              5.087222,
              45.710278
            ],
            [
              5.0875,
              45.710278
            ],
            [
              5.088611,
              45.710278
            ]
          ]
        ]
      },
      "properties": {
        "name": "SAINT EXUPERY DEL",
        "owner": "MM",
        "owners": [
          "LLD",
          "LLG",
          "LLT",
          "VW",
          "MMW",
          "RAW",
          "MM"
        ],
        "min": 0,
        "cur": 0,
        "max": 8,
        "color_hex": "#909967",
        "stroke": "#909967",
        "stroke-width": 1,
        "stroke-opacity": 0.7,
        "fill": "#909967",
        "fill-opacity": 0.3
      }
    },
    {
      "type": "Feature",
      "geometry": {
        "type": "Polygon",
        "coordinates": [
          [
            [
              5.202222,
              43.44
            ],
            [
              5.225278,
              43.424167
            ],
            [
              5.223889,
              43.423056
            ],
            [
              5.216667,
              43.4275
            ],
            [
              5.210278,
              43.428333
            ],
            [
              5.208333,
              43.428611
            ],
            [
              5.197778,
              43.437778
            ],
            [
              5.202222,
              43.44
            ]
          ]
        ]
      },
      "properties": {
        "name": "PROVENCE GND-S",
        "owner": "MM",
        "owners": [
          "MLG",
          "MLT",
          "ME",
          "MMW",
          "RAW",
          "MM"
        ],
        "min": 0,
        "cur": 0,
        "max": 1,
        "color_hex": "#909967",
        "stroke": "#909967",
        "stroke-width": 1,
        "stroke-opacity": 0.7,
        "fill": "#909967",
        "fill-opacity": 0.3
      }
    },
    {
      "type": "Feature",
      "geometry": {
        "type": "Polygon",
        "coordinates": [
          [
            [
              5.196944,
              43.450278
            ],
            [
              5.230833,
              43.426389
            ],
            [
              5.233056,
              43.428056
            ],
            [
              5.226389,
              43.4375
            ],
            [
              5.226111,
              43.44
            ],
            [
              5.218889,
              43.444722
            ],
            [
              5.220556,
              43.445556
            ],
            [
              5.2175,
              43.4475
            ],
            [
              5.2125,
              43.446389
            ],
            [
              5.208889,
              43.443889
            ],
            [
              5.198056,
              43.451389
            ],
            [
              5.196944,
              43.450278
            ]
          ]
        ]
      },
      "properties": {
        "name": "PROVENCE GND-N",
        "owner": "MM",
        "owners": [
          "MLG",
          "MLT",
          "ME",
          "MMW",
          "RAW",
          "MM"
        ],
        "min": 0,
        "cur": 0,
        "max": 1,
        "color_hex": "#909967",
        "stroke": "#909967",
        "stroke-width": 1,
        "stroke-opacity": 0.7,
        "fill": "#909967",
        "fill-opacity": 0.3
      }
    },
    {
      "type": "Feature",
      "geometry": {
        "type": "Polygon",
        "coordinates": [
          [
            [
              5.202222,
              43.44
            ],
            [
              5.225278,
              43.424167
            ],
            [
              5.223889,
              43.423056
            ],
            [
              5.216667,
              43.4275
            ],
            [
              5.210278,
              43.428333
            ],
            [
              5.208333,
              43.428611
            ],
            [
              5.197778,
              43.437778
            ],
            [
              5.202222,
              43.44
            ]
          ]
        ]
      },
      "properties": {
        "name": "PROVENCE DEL-S",
        "owner": "MM",
        "owners": [
          "MLD",
          "MLG",
          "MLT",
          "ME",
          "MMW",
          "RAW",
          "MM"
        ],
        "min": 0,
        "cur": 0,
        "max": 1,
        "color_hex": "#909967",
        "stroke": "#909967",
        "stroke-width": 1,
        "stroke-opacity": 0.7,
        "fill": "#909967",
        "fill-opacity": 0.3
      }
    },
    {
      "type": "Feature",
      "geometry": {
        "type": "Polygon",
        "coordinates": [
          [
            [
              5.196944,
              43.450278
            ],
            [
              5.230833,
              43.426389
            ],
            [
              5.233056,
              43.428056
            ],
            [
              5.226389,
              43.4375
            ],
            [
              5.226111,
              43.44
            ],
            [
              5.218889,
              43.444722
            ],
            [
              5.220556,
              43.445556
            ],
            [
              5.2175,
              43.4475
            ],
            [
              5.2125,
              43.446389
            ],
            [
              5.208889,
              43.443889
            ],
            [
              5.198056,
              43.451389
            ],
            [
              5.196944,
              43.450278
            ]
          ]
        ]
      },
      "properties": {
        "name": "PROVENCE DEL-N",
        "owner": "MM",
        "owners": [
          "MLD",
          "MLG",
          "MLT",
          "ME",
          "MMW",
          "RAW",
          "MM"
        ],
        "min": 0,
        "cur": 0,
        "max": 1,
        "color_hex": "#909967",
        "stroke": "#909967",
        "stroke-width": 1,
        "stroke-opacity": 0.7,
        "fill": "#909967",
        "fill-opacity": 0.3
      }
    },
    {
      "type": "Feature",
      "geometry": {
        "type": "Polygon",
        "coordinates": [
          [
            [
              5.196944,
              43.450278
            ],
            [
              5.230833,
              43.426389
            ],
            [
              5.225278,
              43.424167
            ],
            [
              5.202222,
              43.44
            ],
            [
              5.204722,
              43.441944
            ],
            [
              5.195,
              43.448611
            ],
            [
              5.196944,
              43.450278
            ]
          ]
        ]
      },
      "properties": {
        "name": "PROVENCE CTR",
        "owner": "MM",
        "owners": [
          "MLT",
          "ME",
          "MMW",
          "RAW",
          "MM"
        ],
        "min": 0,
        "cur": 0,
        "max": 1,
        "color_hex": "#909967",
        "stroke": "#909967",
        "stroke-width": 1,
        "stroke-opacity": 0.7,
        "fill": "#909967",
        "fill-opacity": 0.3
      }
    },
    {
      "type": "Feature",
      "geometry": {
        "type": "Polygon",
        "coordinates": [
          [
            [
              2.869444,
              42.736389
            ],
            [
              2.876944,
              42.732222
            ],
            [
              2.877778,
              42.731944
            ],
            [
              2.879167,
              42.731111
            ],
            [
              2.877222,
              42.729167
            ],
            [
              2.875833,
              42.73
            ],
            [
              2.870556,
              42.733611
            ],
            [
              2.869167,
              42.735833
            ],
            [
              2.869444,
              42.736389
            ]
          ]
        ]
      },
      "properties": {
        "name": "PERPIGNAN GND-S",
        "owner": "MM",
        "owners": [
          "MPG",
          "MPT",
          "FA",
          "FE",
          "MMW",
          "RAW",
          "MM"
        ],
        "min": 0,
        "cur": 0,
        "max": 1,
        "color_hex": "#909967",
        "stroke": "#909967",
        "stroke-width": 1,
        "stroke-opacity": 0.7,
        "fill": "#909967",
        "fill-opacity": 0.3
      }
    },
    {
      "type": "Feature",
      "geometry": {
        "type": "Polygon",
        "coordinates": [
          [
            [
              2.86,
              42.754167
            ],
            [
              2.861944,
              42.752778
            ],
            [
              2.861667,
              42.751667
            ],
            [
              2.862222,
              42.751389
            ],
            [
              2.863611,
              42.75
            ],
            [
              2.863056,
              42.749722
            ],
            [
              2.863889,
              42.749167
            ],
            [
              2.864167,
              42.749444
            ],
            [
              2.871667,
              42.74
            ],
            [
              2.875278,
              42.735556
            ],
            [
              2.874167,
              42.735
            ],
            [
              2.871111,
              42.738889
            ],
            [
              2.868611,
              42.738611
            ],
            [
              2.864722,
              42.740556
            ],
            [
              2.866111,
              42.741944
            ],
            [
              2.865278,
              42.745833
            ],
            [
              2.859444,
              42.753056
            ],
            [
              2.859444,
              42.753611
            ],
            [
              2.86,
              42.754167
            ]
          ]
        ]
      },
      "properties": {
        "name": "PERPIGNAN GND-N",
        "owner": "MM",
        "owners": [
          "MPG",
          "MPT",
          "FA",
          "FE",
          "MMW",
          "RAW",
          "MM"
        ],
        "min": 0,
        "cur": 0,
        "max": 1,
        "color_hex": "#909967",
        "stroke": "#909967",
        "stroke-width": 1,
        "stroke-opacity": 0.7,
        "fill": "#909967",
        "fill-opacity": 0.3
      }
    },
    {
      "type": "Feature",
      "geometry": {
        "type": "Polygon",
        "coordinates": [
          [
            [
              2.869444,
              42.736389
            ],
            [
              2.876944,
              42.732222
            ],
            [
              2.877778,
              42.731944
            ],
            [
              2.879167,
              42.731111
            ],
            [
              2.88,
              42.731944
            ],
            [
              2.874167,
              42.735
            ],
            [
              2.871111,
              42.738889
            ],
            [
              2.868611,
              42.738611
            ],
            [
              2.864722,
              42.740556
            ],
            [
              2.863889,
              42.739722
            ],
            [
              2.869444,
              42.736389
            ]
          ]
        ]
      },
      "properties": {
        "name": "PERPIGNAN CTR-S",
        "owner": "MM",
        "owners": [
          "MPT",
          "FA",
          "FE",
          "MMW",
          "RAW",
          "MM"
        ],
        "min": 0,
        "cur": 0,
        "max": 1,
        "color_hex": "#909967",
        "stroke": "#909967",
        "stroke-width": 1,
        "stroke-opacity": 0.7,
        "fill": "#909967",
        "fill-opacity": 0.3
      }
    },
    {
      "type": "Feature",
      "geometry": {
        "type": "Polygon",
        "coordinates": [
          [
            [
              2.86,
              42.754167
            ],
            [
              2.861944,
              42.752778
            ],
            [
              2.861667,
              42.751667
            ],
            [
              2.862222,
              42.751389
            ],
            [
              2.863611,
              42.75
            ],
            [
              2.863056,
              42.749722
            ],
            [
              2.863889,
              42.749167
            ],
            [
              2.864167,
              42.749444
            ],
            [
              2.871667,
              42.74
            ],
            [
              2.875278,
              42.735556
            ],
            [
              2.878333,
              42.733056
            ],
            [
              2.88,
              42.733889
            ],
            [
              2.862222,
              42.755278
            ],
            [
              2.86,
              42.754167
            ]
          ]
        ]
      },
      "properties": {
        "name": "PERPIGNAN CTR-N",
        "owner": "MM",
        "owners": [
          "MPT",
          "FA",
          "FE",
          "MMW",
          "RAW",
          "MM"
        ],
        "min": 0,
        "cur": 0,
        "max": 1,
        "color_hex": "#909967",
        "stroke": "#909967",
        "stroke-width": 1,
        "stroke-opacity": 0.7,
        "fill": "#909967",
        "fill-opacity": 0.3
      }
    },
    {
      "type": "Feature",
      "geometry": {
        "type": "Polygon",
        "coordinates": [
          [
            [
              7.2025,
              43.651667
            ],
            [
              7.206389,
              43.654722
            ],
            [
              7.206111,
              43.654722
            ],
            [
              7.206667,
              43.655
            ],
            [
              7.207222,
              43.655278
            ],
            [
              7.208333,
              43.656111
            ],
            [
              7.208056,
              43.656111
            ],
            [
              7.208611,
              43.656667
            ],
            [
              7.209444,
              43.656667
            ],
            [
              7.216667,
              43.661667
            ],
            [
              7.216389,
              43.661944
            ],
            [
              7.218889,
              43.663611
            ],
            [
              7.219722,
              43.664722
            ],
            [
              7.22,
              43.665
            ],
            [
              7.220556,
              43.665
            ],
            [
              7.221111,
              43.665278
            ],
            [
              7.227222,
              43.67
            ],
            [
              7.231111,
              43.6725
            ],
            [
              7.228611,
              43.674444
            ],
            [
              7.219722,
              43.667778
            ],
            [
              7.218056,
              43.666944
            ],
            [
              7.216389,
              43.666667
            ],
            [
              7.213611,
              43.666389
            ],
            [
              7.203333,
              43.665
            ],
            [
              7.200278,
              43.664167
            ],
            [
              7.201111,
              43.661111
            ],
            [
              7.201667,
              43.658611
            ],
            [
              7.201667,
              43.656389
            ],
            [
              7.201111,
              43.654722
            ],
            [
              7.200833,
              43.653611
            ],
            [
              7.201111,
              43.653056
            ],
            [
              7.201111,
              43.652778
            ],
            [
              7.2025,
              43.651667
            ]
          ]
        ]
      },
      "properties": {
        "name": "NICE GND",
        "owner": "MM",
        "owners": [
          "MNG",
          "MNT",
          "ND",
          "NO",
          "MME",
          "RAE",
          "MM"
        ],
        "min": 0,
        "cur": 0,
        "max": 1,
        "color_hex": "#909967",
        "stroke": "#909967",
        "stroke-width": 1,
        "stroke-opacity": 0.7,
        "fill": "#909967",
        "fill-opacity": 0.3
      }
    },
    {
      "type": "Feature",
      "geometry": {
        "type": "Polygon",
        "coordinates": [
          [
            [
              7.2025,
              43.651667
            ],
            [
              7.206389,
              43.654722
            ],
            [
              7.206111,
              43.654722
            ],
            [
              7.206667,
              43.655
            ],
            [
              7.207222,
              43.655278
            ],
            [
              7.208333,
              43.656111
            ],
            [
              7.208056,
              43.656111
            ],
            [
              7.208611,
              43.656667
            ],
            [
              7.209444,
              43.656667
            ],
            [
              7.216667,
              43.661667
            ],
            [
              7.216389,
              43.661944
            ],
            [
              7.218889,
              43.663611
            ],
            [
              7.219722,
              43.664722
            ],
            [
              7.22,
              43.665
            ],
            [
              7.220556,
              43.665
            ],
            [
              7.221111,
              43.665278
            ],
            [
              7.227222,
              43.67
            ],
            [
              7.231111,
              43.6725
            ],
            [
              7.228611,
              43.674444
            ],
            [
              7.219722,
              43.667778
            ],
            [
              7.218056,
              43.666944
            ],
            [
              7.216389,
              43.666667
            ],
            [
              7.213611,
              43.666389
            ],
            [
              7.203333,
              43.665
            ],
            [
              7.200278,
              43.664167
            ],
            [
              7.201111,
              43.661111
            ],
            [
              7.201667,
              43.658611
            ],
            [
              7.201667,
              43.656389
            ],
            [
              7.201111,
              43.654722
            ],
            [
              7.200833,
              43.653611
            ],
            [
              7.201111,
              43.653056
            ],
            [
              7.201111,
              43.652778
            ],
            [
              7.2025,
              43.651667
            ]
          ]
        ]
      },
      "properties": {
        "name": "NICE DEL",
        "owner": "MM",
        "owners": [
          "MND",
          "MNG",
          "MNT",
          "ND",
          "NO",
          "MME",
          "RAE",
          "MM"
        ],
        "min": 0,
        "cur": 0,
        "max": 1,
        "color_hex": "#909967",
        "stroke": "#909967",
        "stroke-width": 1,
        "stroke-opacity": 0.7,
        "fill": "#909967",
        "fill-opacity": 0.3
      }
    },
    {
      "type": "Feature",
      "geometry": {
        "type": "Polygon",
        "coordinates": [
          [
            [
              7.2025,
              43.651667
            ],
            [
              7.206389,
              43.654722
            ],
            [
              7.206111,
              43.654722
            ],
            [
              7.206667,
              43.655
            ],
            [
              7.207222,
              43.655278
            ],
            [
              7.208333,
              43.656111
            ],
            [
              7.208056,
              43.656111
            ],
            [
              7.208611,
              43.656667
            ],
            [
              7.209444,
              43.656667
            ],
            [
              7.216667,
              43.661667
            ],
            [
              7.216389,
              43.661944
            ],
            [
              7.218889,
              43.663611
            ],
            [
              7.219722,
              43.664722
            ],
            [
              7.22,
              43.665
            ],
            [
              7.220556,
              43.665
            ],
            [
              7.221111,
              43.665278
            ],
            [
              7.227222,
              43.67
            ],
            [
              7.232778,
              43.666389
            ],
            [
              7.226389,
              43.661111
            ],
            [
              7.225833,
              43.659722
            ],
            [
              7.225278,
              43.6575
            ],
            [
              7.221389,
              43.654444
            ],
            [
              7.204444,
              43.641667
            ],
            [
              7.196111,
              43.6475
            ],
            [
              7.2025,
              43.651667
            ]
          ]
        ]
      },
      "properties": {
        "name": "NICE CTR",
        "owner": "MM",
        "owners": [
          "MNT",
          "ND",
          "NO",
          "MME",
          "RAE",
          "MM"
        ],
        "min": 0,
        "cur": 0,
        "max": 1,
        "color_hex": "#909967",
        "stroke": "#909967",
        "stroke-width": 1,
        "stroke-opacity": 0.7,
        "fill": "#909967",
        "fill-opacity": 0.3
      }
    },
    {
      "type": "Feature",
      "geometry": {
        "type": "Polygon",
        "coordinates": [
          [
            [
              3.954722,
              43.585278
            ],
            [
              3.981944,
              43.571667
            ],
            [
              3.981111,
              43.571389
            ],
            [
              3.980833,
              43.571389
            ],
            [
              3.98,
              43.571389
            ],
            [
              3.979722,
              43.571389
            ],
            [
              3.978333,
              43.571944
            ],
            [
              3.965278,
              43.578611
            ],
            [
              3.963333,
              43.570278
            ],
            [
              3.948889,
              43.5775
            ],
            [
              3.949167,
              43.579444
            ],
            [
              3.952222,
              43.579444
            ],
            [
              3.9525,
              43.582222
            ],
            [
              3.953889,
              43.584167
            ],
            [
              3.954722,
              43.585278
            ]
          ]
        ]
      },
      "properties": {
        "name": "MONTPELLIER GND",
        "owner": "MM",
        "owners": [
          "MTG",
          "MTT",
          "FE",
          "MMW",
          "RAW",
          "MM"
        ],
        "min": 0,
        "cur": 0,
        "max": 0,
        "color_hex": "#909967",
        "stroke": "#909967",
        "stroke-width": 1,
        "stroke-opacity": 0.7,
        "fill": "#909967",
        "fill-opacity": 0.3
      }
    },
    {
      "type": "Feature",
      "geometry": {
        "type": "Polygon",
        "coordinates": [
          [
            [
              3.963333,
              43.570278
            ],
            [
              3.948889,
              43.5775
            ],
            [
              3.948333,
              43.576944
            ],
            [
              3.962778,
              43.569722
            ],
            [
              3.963333,
              43.570278
            ]
          ]
        ]
      },
      "properties": {
        "name": "MONTPELLIER CTR-S",
        "owner": "MM",
        "owners": [
          "MTT",
          "FE",
          "MMW",
          "RAW",
          "MM"
        ],
        "min": 0,
        "cur": 0,
        "max": 0,
        "color_hex": "#909967",
        "stroke": "#909967",
        "stroke-width": 1,
        "stroke-opacity": 0.7,
        "fill": "#909967",
        "fill-opacity": 0.3
      }
    },
    {
      "type": "Feature",
      "geometry": {
        "type": "Polygon",
        "coordinates": [
          [
            [
              3.954722,
              43.585278
            ],
            [
              3.981944,
              43.571667
            ],
            [
              3.983333,
              43.573056
            ],
            [
              3.961389,
              43.584167
            ],
            [
              3.966389,
              43.589167
            ],
            [
              3.960833,
              43.591944
            ],
            [
              3.954722,
              43.585278
            ]
          ]
        ]
      },
      "properties": {
        "name": "MONTPELLIER CTR-N",
        "owner": "MM",
        "owners": [
          "MTT",
          "FE",
          "MMW",
          "RAW",
          "MM"
        ],
        "min": 0,
        "cur": 0,
        "max": 0,
        "color_hex": "#909967",
        "stroke": "#909967",
        "stroke-width": 1,
        "stroke-opacity": 0.7,
        "fill": "#909967",
        "fill-opacity": 0.3
      }
    },
    {
      "type": "Feature",
      "geometry": {
        "type": "Polygon",
        "coordinates": [
          [
            [
              5.844722,
              45.214722
            ],
            [
              5.853056,
              45.220833
            ],
            [
              5.855278,
              45.219444
            ],
            [
              5.846667,
              45.213611
            ],
            [
              5.844722,
              45.214722
            ]
          ]
        ]
      },
      "properties": {
        "name": "LE VERSOUD GND",
        "owner": "MM",
        "owners": [
          "LGG",
          "LGT",
          "VE",
          "VW",
          "MMW",
          "RAW",
          "MM"
        ],
        "min": 0,
        "cur": 0,
        "max": 7,
        "color_hex": "#909967",
        "stroke": "#909967",
        "stroke-width": 1,
        "stroke-opacity": 0.7,
        "fill": "#909967",
        "fill-opacity": 0.3
      }
    },
    {
      "type": "Feature",
      "geometry": {
        "type": "Polygon",
        "coordinates": [
          [
            [
              5.844722,
              45.214722
            ],
            [
              5.853056,
              45.220833
            ],
            [
              5.850278,
              45.2225
            ],
            [
              5.843889,
              45.219722
            ],
            [
              5.839444,
              45.216389
            ],
            [
              5.843611,
              45.214167
            ],
            [
              5.844722,
              45.214722
            ]
          ]
        ]
      },
      "properties": {
        "name": "LE VERSOUD CTR",
        "owner": "MM",
        "owners": [
          "LGT",
          "VE",
          "VW",
          "MMW",
          "RAW",
          "MM"
        ],
        "min": 0,
        "cur": 0,
        "max": 7,
        "color_hex": "#909967",
        "stroke": "#909967",
        "stroke-width": 1,
        "stroke-opacity": 0.7,
        "fill": "#909967",
        "fill-opacity": 0.3
      }
    },
    {
      "type": "Feature",
      "geometry": {
        "type": "Polygon",
        "coordinates": [
          [
            [
              5.309444,
              45.361389
            ],
            [
              5.310278,
              45.361667
            ],
            [
              5.317222,
              45.361667
            ],
            [
              5.332222,
              45.361667
            ],
            [
              5.332222,
              45.361944
            ],
            [
              5.34,
              45.361944
            ],
            [
              5.347778,
              45.361944
            ],
            [
              5.348889,
              45.361111
            ],
            [
              5.348889,
              45.360556
            ],
            [
              5.343056,
              45.360556
            ],
            [
              5.343056,
              45.359167
            ],
            [
              5.335278,
              45.359167
            ],
            [
              5.335556,
              45.355
            ],
            [
              5.330278,
              45.355556
            ],
            [
              5.33,
              45.355833
            ],
            [
              5.3275,
              45.360556
            ],
            [
              5.3275,
              45.360833
            ],
            [
              5.309722,
              45.360833
            ],
            [
              5.309444,
              45.361389
            ]
          ]
        ]
      },
      "properties": {
        "name": "GRENOBLE GND",
        "owner": "MM",
        "owners": [
          "LST",
          "VE",
          "VW",
          "MMW",
          "RAW",
          "MM"
        ],
        "min": 0,
        "cur": 0,
        "max": 13,
        "color_hex": "#909967",
        "stroke": "#909967",
        "stroke-width": 1,
        "stroke-opacity": 0.7,
        "fill": "#909967",
        "fill-opacity": 0.3
      }
    },
    {
      "type": "Feature",
      "geometry": {
        "type": "Polygon",
        "coordinates": [
          [
            [
              5.309444,
              45.361389
            ],
            [
              5.310278,
              45.361667
            ],
            [
              5.317222,
              45.361667
            ],
            [
              5.332222,
              45.361667
            ],
            [
              5.332222,
              45.361944
            ],
            [
              5.34,
              45.361944
            ],
            [
              5.347778,
              45.361944
            ],
            [
              5.348889,
              45.361111
            ],
            [
              5.348889,
              45.364167
            ],
            [
              5.337222,
              45.364167
            ],
            [
              5.335833,
              45.3675
            ],
            [
              5.328333,
              45.3675
            ],
            [
              5.323889,
              45.364444
            ],
            [
              5.309444,
              45.364444
            ],
            [
              5.309444,
              45.361389
            ]
          ]
        ]
      },
      "properties": {
        "name": "GRENOBLE CTR",
        "owner": "MM",
        "owners": [
          "LST",
          "VE",
          "VW",
          "MMW",
          "RAW",
          "MM"
        ],
        "min": 0,
        "cur": 0,
        "max": 13,
        "color_hex": "#909967",
        "stroke": "#909967",
        "stroke-width": 1,
        "stroke-opacity": 0.7,
        "fill": "#909967",
        "fill-opacity": 0.3
      }
    },
    {
      "type": "Feature",
      "geometry": {
        "type": "Polygon",
        "coordinates": [
          [
            [
              4.413056,
              43.769444
            ],
            [
              4.413333,
              43.767778
            ],
            [
              4.414167,
              43.7675
            ],
            [
              4.414444,
              43.767222
            ],
            [
              4.415833,
              43.747222
            ],
            [
              4.415,
              43.746389
            ],
            [
              4.415,
              43.745556
            ],
            [
              4.408889,
              43.745278
            ],
            [
              4.407222,
              43.769167
            ],
            [
              4.413056,
              43.769444
            ]
          ]
        ]
      },
      "properties": {
        "name": "GARONS GND-W",
        "owner": "MM",
        "owners": [
          "TWG",
          "TWT",
          "FE",
          "MMW",
          "RAW",
          "MM"
        ],
        "min": 0,
        "cur": 0,
        "max": 3,
        "color_hex": "#909967",
        "stroke": "#909967",
        "stroke-width": 1,
        "stroke-opacity": 0.7,
        "fill": "#909967",
        "fill-opacity": 0.3
      }
    },
    {
      "type": "Feature",
      "geometry": {
        "type": "Polygon",
        "coordinates": [
          [
            [
              4.416667,
              43.769444
            ],
            [
              4.4175,
              43.755833
            ],
            [
              4.425556,
              43.756111
            ],
            [
              4.424722,
              43.769722
            ],
            [
              4.416667,
              43.769444
            ]
          ]
        ]
      },
      "properties": {
        "name": "GARONS GND-E",
        "owner": "MM",
        "owners": [
          "TWG",
          "TWT",
          "FA",
          "MMW",
          "RAW",
          "MM"
        ],
        "min": 0,
        "cur": 0,
        "max": 3,
        "color_hex": "#909967",
        "stroke": "#909967",
        "stroke-width": 1,
        "stroke-opacity": 0.7,
        "fill": "#909967",
        "fill-opacity": 0.3
      }
    },
    {
      "type": "Feature",
      "geometry": {
        "type": "Polygon",
        "coordinates": [
          [
            [
              4.416667,
              43.769444
            ],
            [
              4.4175,
              43.755833
            ],
            [
              4.418056,
              43.745833
            ],
            [
              4.415,
              43.745556
            ],
            [
              4.415,
              43.746389
            ],
            [
              4.415833,
              43.747222
            ],
            [
              4.414444,
              43.767222
            ],
            [
              4.414167,
              43.7675
            ],
            [
              4.413333,
              43.767778
            ],
            [
              4.413056,
              43.769444
            ],
            [
              4.416667,
              43.769444
            ]
          ]
        ]
      },
      "properties": {
        "name": "GARONS CTR",
        "owner": "MM",
        "owners": [
          "TWT",
          "FA",
          "MMW",
          "RAW",
          "MM"
        ],
        "min": 0,
        "cur": 0,
        "max": 3,
        "color_hex": "#909967",
        "stroke": "#909967",
        "stroke-width": 1,
        "stroke-opacity": 0.7,
        "fill": "#909967",
        "fill-opacity": 0.3
      }
    },
    {
      "type": "Feature",
      "geometry": {
        "type": "Polygon",
        "coordinates": [
          [
            [
              9.095,
              41.499722
            ],
            [
              9.100278,
              41.503333
            ],
            [
              9.103056,
              41.501389
            ],
            [
              9.098056,
              41.497222
            ],
            [
              9.095,
              41.499722
            ]
          ]
        ]
      },
      "properties": {
        "name": "FIGARI GND",
        "owner": "MM",
        "owners": [
          "KFG",
          "KFT",
          "KJ",
          "MME",
          "RAE",
          "MM"
        ],
        "min": 0,
        "cur": 0,
        "max": 0,
        "color_hex": "#909967",
        "stroke": "#909967",
        "stroke-width": 1,
        "stroke-opacity": 0.7,
        "fill": "#909967",
        "fill-opacity": 0.3
      }
    },
    {
      "type": "Feature",
      "geometry": {
        "type": "Polygon",
        "coordinates": [
          [
            [
              9.095,
              41.499722
            ],
            [
              9.100278,
              41.503333
            ],
            [
              9.111667,
              41.511389
            ],
            [
              9.108611,
              41.513611
            ],
            [
              9.083889,
              41.495
            ],
            [
              9.086111,
              41.493056
            ],
            [
              9.095,
              41.499722
            ]
          ]
        ]
      },
      "properties": {
        "name": "FIGARI CTR",
        "owner": "MM",
        "owners": [
          "KFT",
          "KJ",
          "MME",
          "RAE",
          "MM"
        ],
        "min": 0,
        "cur": 0,
        "max": 0,
        "color_hex": "#909967",
        "stroke": "#909967",
        "stroke-width": 1,
        "stroke-opacity": 0.7,
        "fill": "#909967",
        "fill-opacity": 0.3
      }
    },
    {
      "type": "Feature",
      "geometry": {
        "type": "Polygon",
        "coordinates": [
          [
            [
              3.190278,
              45.786944
            ],
            [
              3.189722,
              45.786389
            ],
            [
              3.188611,
              45.786111
            ],
            [
              3.173611,
              45.784444
            ],
            [
              3.17,
              45.776944
            ],
            [
              3.156667,
              45.777778
            ],
            [
              3.155556,
              45.778611
            ],
            [
              3.151389,
              45.778889
            ],
            [
              3.151667,
              45.780278
            ],
            [
              3.1525,
              45.783333
            ],
            [
              3.153889,
              45.783333
            ],
            [
              3.155,
              45.783889
            ],
            [
              3.189167,
              45.787222
            ],
            [
              3.190278,
              45.786944
            ]
          ]
        ]
      },
      "properties": {
        "name": "CLERMONT GND-S",
        "owner": "MM",
        "owners": [
          "LCG",
          "LCT",
          "CF",
          "MMW",
          "RAW",
          "MM"
        ],
        "min": 0,
        "cur": 0,
        "max": 11,
        "color_hex": "#909967",
        "stroke": "#909967",
        "stroke-width": 1,
        "stroke-opacity": 0.7,
        "fill": "#909967",
        "fill-opacity": 0.3
      }
    },
    {
      "type": "Feature",
      "geometry": {
        "type": "Polygon",
        "coordinates": [
          [
            [
              3.189444,
              45.790278
            ],
            [
              3.188889,
              45.790278
            ],
            [
              3.168056,
              45.791389
            ],
            [
              3.162778,
              45.791389
            ],
            [
              3.155,
              45.791944
            ],
            [
              3.146667,
              45.792222
            ],
            [
              3.148611,
              45.786111
            ],
            [
              3.150556,
              45.786111
            ],
            [
              3.151667,
              45.786111
            ],
            [
              3.151944,
              45.787222
            ],
            [
              3.153333,
              45.787222
            ],
            [
              3.153056,
              45.786389
            ],
            [
              3.153889,
              45.786389
            ],
            [
              3.154444,
              45.7875
            ],
            [
              3.160278,
              45.788056
            ],
            [
              3.161389,
              45.788333
            ],
            [
              3.170833,
              45.789167
            ],
            [
              3.178611,
              45.79
            ],
            [
              3.188333,
              45.789722
            ],
            [
              3.189444,
              45.790278
            ]
          ]
        ]
      },
      "properties": {
        "name": "CLERMONT GND-N",
        "owner": "MM",
        "owners": [
          "LCG",
          "LCT",
          "CF",
          "MMW",
          "RAW",
          "MM"
        ],
        "min": 0,
        "cur": 0,
        "max": 11,
        "color_hex": "#909967",
        "stroke": "#909967",
        "stroke-width": 1,
        "stroke-opacity": 0.7,
        "fill": "#909967",
        "fill-opacity": 0.3
      }
    },
    {
      "type": "Feature",
      "geometry": {
        "type": "Polygon",
        "coordinates": [
          [
            [
              3.151389,
              45.778889
            ],
            [
              3.151667,
              45.780278
            ],
            [
              3.1525,
              45.783333
            ],
            [
              3.153889,
              45.783333
            ],
            [
              3.155,
              45.783889
            ],
            [
              3.189167,
              45.787222
            ],
            [
              3.190278,
              45.786944
            ],
            [
              3.189444,
              45.790278
            ],
            [
              3.188333,
              45.789722
            ],
            [
              3.178611,
              45.79
            ],
            [
              3.170833,
              45.789167
            ],
            [
              3.161389,
              45.788333
            ],
            [
              3.160278,
              45.788056
            ],
            [
              3.154444,
              45.7875
            ],
            [
              3.153889,
              45.786389
            ],
            [
              3.153056,
              45.786389
            ],
            [
              3.153333,
              45.787222
            ],
            [
              3.151944,
              45.787222
            ],
            [
              3.151667,
              45.786111
            ],
            [
              3.150556,
              45.786111
            ],
            [
              3.148611,
              45.786111
            ],
            [
              3.147778,
              45.779167
            ],
            [
              3.151389,
              45.778889
            ]
          ]
        ]
      },
      "properties": {
        "name": "CLERMONT CTR",
        "owner": "MM",
        "owners": [
          "LCT",
          "CF",
          "MMW",
          "RAW",
          "MM"
        ],
        "min": 0,
        "cur": 0,
        "max": 11,
        "color_hex": "#909967",
        "stroke": "#909967",
        "stroke-width": 1,
        "stroke-opacity": 0.7,
        "fill": "#909967",
        "fill-opacity": 0.3
      }
    },
    {
      "type": "Feature",
      "geometry": {
        "type": "Polygon",
        "coordinates": [
          [
            [
              6.960556,
              43.548333
            ],
            [
              6.961944,
              43.5475
            ],
            [
              6.959722,
              43.545556
            ],
            [
              6.96,
              43.545556
            ],
            [
              6.958056,
              43.543889
            ],
            [
              6.956944,
              43.544722
            ],
            [
              6.955,
              43.543056
            ],
            [
              6.954722,
              43.542778
            ],
            [
              6.955278,
              43.540278
            ],
            [
              6.953056,
              43.54
            ],
            [
              6.9525,
              43.542778
            ],
            [
              6.953611,
              43.542778
            ],
            [
              6.953611,
              43.543056
            ],
            [
              6.960556,
              43.548333
            ]
          ]
        ]
      },
      "properties": {
        "name": "CANNES GND-SE",
        "owner": "MM",
        "owners": [
          "MDG",
          "MDT",
          "ND",
          "NO",
          "MME",
          "RAE",
          "MM"
        ],
        "min": 0,
        "cur": 0,
        "max": 0,
        "color_hex": "#909967",
        "stroke": "#909967",
        "stroke-width": 1,
        "stroke-opacity": 0.7,
        "fill": "#909967",
        "fill-opacity": 0.3
      }
    },
    {
      "type": "Feature",
      "geometry": {
        "type": "Polygon",
        "coordinates": [
          [
            [
              6.950278,
              43.555
            ],
            [
              6.951389,
              43.549444
            ],
            [
              6.951944,
              43.549444
            ],
            [
              6.952778,
              43.544167
            ],
            [
              6.952222,
              43.544167
            ],
            [
              6.9525,
              43.543333
            ],
            [
              6.953056,
              43.543333
            ],
            [
              6.953056,
              43.543611
            ],
            [
              6.953333,
              43.543611
            ],
            [
              6.96,
              43.548333
            ],
            [
              6.960278,
              43.548611
            ],
            [
              6.960278,
              43.549722
            ],
            [
              6.956111,
              43.549722
            ],
            [
              6.956111,
              43.548056
            ],
            [
              6.954444,
              43.546944
            ],
            [
              6.954167,
              43.548611
            ],
            [
              6.953333,
              43.548611
            ],
            [
              6.953333,
              43.549722
            ],
            [
              6.953889,
              43.549722
            ],
            [
              6.953056,
              43.555278
            ],
            [
              6.950278,
              43.555
            ]
          ]
        ]
      },
      "properties": {
        "name": "CANNES GND-NE",
        "owner": "MM",
        "owners": [
          "MDG",
          "MDT",
          "ND",
          "NO",
          "MME",
          "RAE",
          "MM"
        ],
        "min": 0,
        "cur": 0,
        "max": 0,
        "color_hex": "#909967",
        "stroke": "#909967",
        "stroke-width": 1,
        "stroke-opacity": 0.7,
        "fill": "#909967",
        "fill-opacity": 0.3
      }
    },
    {
      "type": "Feature",
      "geometry": {
        "type": "Polygon",
        "coordinates": [
          [
            [
              6.950278,
              43.555
            ],
            [
              6.951389,
              43.549444
            ],
            [
              6.951944,
              43.549444
            ],
            [
              6.952778,
              43.544167
            ],
            [
              6.952222,
              43.544167
            ],
            [
              6.9525,
              43.543333
            ],
            [
              6.953056,
              43.543333
            ],
            [
              6.953056,
              43.543611
            ],
            [
              6.953333,
              43.543611
            ],
            [
              6.96,
              43.548333
            ],
            [
              6.960278,
              43.548611
            ],
            [
              6.960556,
              43.548333
            ],
            [
              6.953611,
              43.543056
            ],
            [
              6.953611,
              43.542778
            ],
            [
              6.9525,
              43.542778
            ],
            [
              6.953056,
              43.54
            ],
            [
              6.951667,
              43.539722
            ],
            [
              6.948889,
              43.555
            ],
            [
              6.950278,
              43.555
            ]
          ]
        ]
      },
      "properties": {
        "name": "CANNES CTR",
        "owner": "MM",
        "owners": [
          "MDT",
          "ND",
          "NO",
          "MME",
          "RAE",
          "MM"
        ],
        "min": 0,
        "cur": 0,
        "max": 0,
        "color_hex": "#909967",
        "stroke": "#909967",
        "stroke-width": 1,
        "stroke-opacity": 0.7,
        "fill": "#909967",
        "fill-opacity": 0.3
      }
    },
    {
      "type": "Feature",
      "geometry": {
        "type": "Polygon",
        "coordinates": [
          [
            [
              8.791944,
              42.53
            ],
            [
              8.791944,
              42.521667
            ],
            [
              8.790833,
              42.520556
            ],
            [
              8.787778,
              42.526944
            ],
            [
              8.787778,
              42.53
            ],
            [
              8.791944,
              42.53
            ]
          ]
        ]
      },
      "properties": {
        "name": "CALVI GND",
        "owner": "MM",
        "owners": [
          "KCG",
          "KCT",
          "BKC",
          "BKB",
          "MME",
          "RAE",
          "MM"
        ],
        "min": 0,
        "cur": 0,
        "max": 2,
        "color_hex": "#909967",
        "stroke": "#909967",
        "stroke-width": 1,
        "stroke-opacity": 0.7,
        "fill": "#909967",
        "fill-opacity": 0.3
      }
    },
    {
      "type": "Feature",
      "geometry": {
        "type": "Polygon",
        "coordinates": [
          [
            [
              8.791944,
              42.53
            ],
            [
              8.791944,
              42.521667
            ],
            [
              8.790833,
              42.520556
            ],
            [
              8.792222,
              42.518611
            ],
            [
              8.795278,
              42.518611
            ],
            [
              8.795278,
              42.5425
            ],
            [
              8.791944,
              42.5425
            ],
            [
              8.791944,
              42.53
            ]
          ]
        ]
      },
      "properties": {
        "name": "CALVI CTR",
        "owner": "MM",
        "owners": [
          "KCT",
          "BKC",
          "BKB",
          "MME",
          "RAE",
          "MM"
        ],
        "min": 0,
        "cur": 0,
        "max": 2,
        "color_hex": "#909967",
        "stroke": "#909967",
        "stroke-width": 1,
        "stroke-opacity": 0.7,
        "fill": "#909967",
        "fill-opacity": 0.3
      }
    },
    {
      "type": "Feature",
      "geometry": {
        "type": "Polygon",
        "coordinates": [
          [
            [
              4.939722,
              45.734444
            ],
            [
              4.946389,
              45.718611
            ],
            [
              4.943889,
              45.718056
            ],
            [
              4.941111,
              45.722222
            ],
            [
              4.940278,
              45.722778
            ],
            [
              4.939722,
              45.724167
            ],
            [
              4.9375,
              45.73
            ],
            [
              4.934722,
              45.729444
            ],
            [
              4.933056,
              45.733333
            ],
            [
              4.939722,
              45.734444
            ]
          ]
        ]
      },
      "properties": {
        "name": "BRON GND",
        "owner": "MM",
        "owners": [
          "LYG",
          "LYT",
          "VW",
          "MMW",
          "RAW",
          "MM"
        ],
        "min": 0,
        "cur": 0,
        "max": 6,
        "color_hex": "#909967",
        "stroke": "#909967",
        "stroke-width": 1,
        "stroke-opacity": 0.7,
        "fill": "#909967",
        "fill-opacity": 0.3
      }
    },
    {
      "type": "Feature",
      "geometry": {
        "type": "Polygon",
        "coordinates": [
          [
            [
              4.939722,
              45.734444
            ],
            [
              4.946389,
              45.718611
            ],
            [
              4.948611,
              45.718889
            ],
            [
              4.941944,
              45.735
            ],
            [
              4.939722,
              45.734444
            ]
          ]
        ]
      },
      "properties": {
        "name": "BRON CTR",
        "owner": "MM",
        "owners": [
          "LYT",
          "VW",
          "MMW",
          "RAW",
          "MM"
        ],
        "min": 0,
        "cur": 0,
        "max": 6,
        "color_hex": "#909967",
        "stroke": "#909967",
        "stroke-width": 1,
        "stroke-opacity": 0.7,
        "fill": "#909967",
        "fill-opacity": 0.3
      }
    },
    {
      "type": "Feature",
      "geometry": {
        "type": "Polygon",
        "coordinates": [
          [
            [
              9.479167,
              42.56
            ],
            [
              9.4875,
              42.540556
            ],
            [
              9.481944,
              42.539167
            ],
            [
              9.478056,
              42.548056
            ],
            [
              9.476667,
              42.547778
            ],
            [
              9.475556,
              42.550278
            ],
            [
              9.479722,
              42.551389
            ],
            [
              9.476389,
              42.559167
            ],
            [
              9.479167,
              42.56
            ]
          ]
        ]
      },
      "properties": {
        "name": "BASTIA GND",
        "owner": "MM",
        "owners": [
          "KBG",
          "KBT",
          "BKB",
          "MME",
          "RAE",
          "MM"
        ],
        "min": 0,
        "cur": 0,
        "max": 0,
        "color_hex": "#909967",
        "stroke": "#909967",
        "stroke-width": 1,
        "stroke-opacity": 0.7,
        "fill": "#909967",
        "fill-opacity": 0.3
      }
    },
    {
      "type": "Feature",
      "geometry": {
        "type": "Polygon",
        "coordinates": [
          [
            [
              9.479167,
              42.56
            ],
            [
              9.4875,
              42.540556
            ],
            [
              9.491389,
              42.541389
            ],
            [
              9.481111,
              42.565556
            ],
            [
              9.477222,
              42.564444
            ],
            [
              9.479167,
              42.56
            ]
          ]
        ]
      },
      "properties": {
        "name": "BASTIA CTR",
        "owner": "MM",
        "owners": [
          "KBT",
          "BKB",
          "MME",
          "RAE",
          "MM"
        ],
        "min": 0,
        "cur": 0,
        "max": 0,
        "color_hex": "#909967",
        "stroke": "#909967",
        "stroke-width": 1,
        "stroke-opacity": 0.7,
        "fill": "#909967",
        "fill-opacity": 0.3
      }
    },
    {
      "type": "Feature",
      "geometry": {
        "type": "Polygon",
        "coordinates": [
          [
            [
              8.793611,
              41.9125
            ],
            [
              8.794444,
              41.912778
            ],
            [
              8.800278,
              41.9225
            ],
            [
              8.800278,
              41.922778
            ],
            [
              8.800833,
              41.922778
            ],
            [
              8.801111,
              41.924167
            ],
            [
              8.805,
              41.929722
            ],
            [
              8.803333,
              41.930278
            ],
            [
              8.799167,
              41.925278
            ],
            [
              8.787778,
              41.925833
            ],
            [
              8.787222,
              41.924167
            ],
            [
              8.788889,
              41.923333
            ],
            [
              8.788333,
              41.922222
            ],
            [
              8.791944,
              41.920833
            ],
            [
              8.793056,
              41.920556
            ],
            [
              8.794167,
              41.920278
            ],
            [
              8.791389,
              41.915278
            ],
            [
              8.793611,
              41.9125
            ]
          ]
        ]
      },
      "properties": {
        "name": "AJACCIO GND-W",
        "owner": "MM",
        "owners": [
          "KJG",
          "KJT",
          "KJ",
          "MME",
          "RAE",
          "MM"
        ],
        "min": 0,
        "cur": 0,
        "max": 0,
        "color_hex": "#909967",
        "stroke": "#909967",
        "stroke-width": 1,
        "stroke-opacity": 0.7,
        "fill": "#909967",
        "fill-opacity": 0.3
      }
    },
    {
      "type": "Feature",
      "geometry": {
        "type": "Polygon",
        "coordinates": [
          [
            [
              8.802778,
              41.922778
            ],
            [
              8.804167,
              41.922222
            ],
            [
              8.806111,
              41.921667
            ],
            [
              8.803056,
              41.917222
            ],
            [
              8.8,
              41.918056
            ],
            [
              8.802778,
              41.922778
            ]
          ]
        ]
      },
      "properties": {
        "name": "AJACCIO GND-E",
        "owner": "MM",
        "owners": [
          "KJG",
          "KJT",
          "KJ",
          "MME",
          "RAE",
          "MM"
        ],
        "min": 0,
        "cur": 0,
        "max": 0,
        "color_hex": "#909967",
        "stroke": "#909967",
        "stroke-width": 1,
        "stroke-opacity": 0.7,
        "fill": "#909967",
        "fill-opacity": 0.3
      }
    },
    {
      "type": "Feature",
      "geometry": {
        "type": "Polygon",
        "coordinates": [
          [
            [
              8.793611,
              41.9125
            ],
            [
              8.794444,
              41.912778
            ],
            [
              8.800278,
              41.9225
            ],
            [
              8.800278,
              41.922778
            ],
            [
              8.800833,
              41.922778
            ],
            [
              8.801111,
              41.924167
            ],
            [
              8.805,
              41.929722
            ],
            [
              8.806944,
              41.933056
            ],
            [
              8.809722,
              41.9325
            ],
            [
              8.804167,
              41.922222
            ],
            [
              8.802778,
              41.922778
            ],
            [
              8.799722,
              41.917778
            ],
            [
              8.795278,
              41.91
            ],
            [
              8.793611,
              41.9125
            ]
          ]
        ]
      },
      "properties": {
        "name": "AJACCIO CTR",
        "owner": "MM",
        "owners": [
          "KJT",
          "KJ",
          "MME",
          "RAE",
          "MM"
        ],
        "min": 0,
        "cur": 0,
        "max": 0,
        "color_hex": "#909967",
        "stroke": "#909967",
        "stroke-width": 1,
        "stroke-opacity": 0.7,
        "fill": "#909967",
        "fill-opacity": 0.3
      }
    },
    {
      "type": "Feature",
      "geometry": {
        "type": "Polygon",
        "coordinates": [
          [
            [
              2.116111,
              48.753333
            ],
            [
              2.116944,
              48.752778
            ],
            [
              2.116944,
              48.7525
            ],
            [
              2.116389,
              48.751944
            ],
            [
              2.116111,
              48.751667
            ],
            [
              2.120278,
              48.750833
            ],
            [
              2.119444,
              48.747778
            ],
            [
              2.116389,
              48.746667
            ],
            [
              2.111389,
              48.745833
            ],
            [
              2.108056,
              48.746111
            ],
            [
              2.105,
              48.746111
            ],
            [
              2.101667,
              48.746111
            ],
            [
              2.098333,
              48.746111
            ],
            [
              2.096667,
              48.746944
            ],
            [
              2.095278,
              48.748056
            ],
            [
              2.096667,
              48.749167
            ],
            [
              2.100278,
              48.748611
            ],
            [
              2.100556,
              48.748889
            ],
            [
              2.102222,
              48.748333
            ],
            [
              2.106667,
              48.748611
            ],
            [
              2.107222,
              48.748611
            ],
            [
              2.107778,
              48.748611
            ],
            [
              2.107222,
              48.749167
            ],
            [
              2.108889,
              48.75
            ],
            [
              2.109444,
              48.749444
            ],
            [
              2.109722,
              48.75
            ],
            [
              2.109722,
              48.750278
            ],
            [
              2.109722,
              48.750556
            ],
            [
              2.11,
              48.750833
            ],
            [
              2.110556,
              48.751389
            ],
            [
              2.113333,
              48.751944
            ],
            [
              2.115278,
              48.7525
            ],
            [
              2.115556,
              48.7525
            ],
            [
              2.115556,
              48.752778
            ],
            [
              2.115278,
              48.753056
            ],
            [
              2.116111,
              48.753333
            ]
          ]
        ]
      },
      "properties": {
        "name": "PARIS SACLAY GND",
        "owner": "PAR",
        "owners": [
          "PNG",
          "PNT",
          "PODD",
          "PO",
          "PGDS",
          "PGS",
          "PGDN",
          "PGN",
          "DODG",
          "DOGS",
          "FPAE",
          "RPAE",
          "PARL",
          "PAR"
        ],
        "min": 0,
        "cur": 0,
        "max": 5,
        "color_hex": "#4067a9",
        "stroke": "#4067a9",
        "stroke-width": 1,
        "stroke-opacity": 0.7,
        "fill": "#4067a9",
        "fill-opacity": 0.3
      }
    },
    {
      "type": "Feature",
      "geometry": {
        "type": "Polygon",
        "coordinates": [
          [
            [
              2.116111,
              48.753333
            ],
            [
              2.115278,
              48.753056
            ],
            [
              2.115556,
              48.752778
            ],
            [
              2.115556,
              48.7525
            ],
            [
              2.115278,
              48.7525
            ],
            [
              2.113333,
              48.751944
            ],
            [
              2.110556,
              48.751389
            ],
            [
              2.11,
              48.750833
            ],
            [
              2.109722,
              48.750556
            ],
            [
              2.109722,
              48.750278
            ],
            [
              2.109722,
              48.75
            ],
            [
              2.109444,
              48.749444
            ],
            [
              2.108889,
              48.75
            ],
            [
              2.107222,
              48.749167
            ],
            [
              2.107778,
              48.748611
            ],
            [
              2.107222,
              48.748611
            ],
            [
              2.106667,
              48.748611
            ],
            [
              2.102222,
              48.748333
            ],
            [
              2.100556,
              48.748889
            ],
            [
              2.100278,
              48.748611
            ],
            [
              2.096667,
              48.749167
            ],
            [
              2.095278,
              48.748056
            ],
            [
              2.093056,
              48.751944
            ],
            [
              2.113056,
              48.756389
            ],
            [
              2.121111,
              48.756111
            ],
            [
              2.120556,
              48.754722
            ],
            [
              2.116111,
              48.753333
            ]
          ]
        ]
      },
      "properties": {
        "name": "PARIS SACLAY CTR",
        "owner": "PAR",
        "owners": [
          "PNT",
          "PODD",
          "PO",
          "PGDS",
          "PGS",
          "PGDN",
          "PGN",
          "DODG",
          "DOGS",
          "FPAE",
          "RPAE",
          "PARL",
          "PAR"
        ],
        "min": 0,
        "cur": 0,
        "max": 5,
        "color_hex": "#4067a9",
        "stroke": "#4067a9",
        "stroke-width": 1,
        "stroke-opacity": 0.7,
        "fill": "#4067a9",
        "fill-opacity": 0.3
      }
    },
    {
      "type": "Feature",
      "geometry": {
        "type": "Polygon",
        "coordinates": [
          [
            [
              2.386389,
              48.740556
            ],
            [
              2.386667,
              48.745833
            ],
            [
              2.365278,
              48.745556
            ],
            [
              2.365556,
              48.739167
            ],
            [
              2.365833,
              48.735278
            ],
            [
              2.361944,
              48.734444
            ],
            [
              2.360278,
              48.734444
            ],
            [
              2.354167,
              48.732222
            ],
            [
              2.353333,
              48.731667
            ],
            [
              2.352778,
              48.730278
            ],
            [
              2.353056,
              48.730278
            ],
            [
              2.353056,
              48.729722
            ],
            [
              2.3525,
              48.729444
            ],
            [
              2.352222,
              48.728889
            ],
            [
              2.3525,
              48.728056
            ],
            [
              2.3525,
              48.727778
            ],
            [
              2.351667,
              48.7275
            ],
            [
              2.351944,
              48.727222
            ],
            [
              2.340278,
              48.726111
            ],
            [
              2.339722,
              48.725833
            ],
            [
              2.340278,
              48.725
            ],
            [
              2.341389,
              48.725
            ],
            [
              2.352778,
              48.721944
            ],
            [
              2.354167,
              48.721944
            ],
            [
              2.355278,
              48.719444
            ],
            [
              2.357222,
              48.719722
            ],
            [
              2.357778,
              48.720278
            ],
            [
              2.365833,
              48.721389
            ],
            [
              2.366111,
              48.721944
            ],
            [
              2.374722,
              48.723333
            ],
            [
              2.375833,
              48.723056
            ],
            [
              2.375833,
              48.723889
            ],
            [
              2.376389,
              48.724167
            ],
            [
              2.378056,
              48.724722
            ],
            [
              2.379167,
              48.726944
            ],
            [
              2.378889,
              48.727222
            ],
            [
              2.379444,
              48.727778
            ],
            [
              2.3825,
              48.732778
            ],
            [
              2.382222,
              48.733611
            ],
            [
              2.384722,
              48.7375
            ],
            [
              2.384444,
              48.737778
            ],
            [
              2.384722,
              48.738611
            ],
            [
              2.386389,
              48.740556
            ]
          ]
        ]
      },
      "properties": {
        "name": "ORLY GND",
        "owner": "PAR",
        "owners": [
          "POG",
          "PNT",
          "PODD",
          "PO",
          "PGDS",
          "PGS",
          "PGDN",
          "PGN",
          "DODG",
          "DOGS",
          "FPAE",
          "RPAE",
          "PARL",
          "PAR"
        ],
        "min": 0,
        "cur": 0,
        "max": 2,
        "color_hex": "#4067a9",
        "stroke": "#4067a9",
        "stroke-width": 1,
        "stroke-opacity": 0.7,
        "fill": "#4067a9",
        "fill-opacity": 0.3
      }
    },
    {
      "type": "Feature",
      "geometry": {
        "type": "Polygon",
        "coordinates": [
          [
            [
              2.386389,
              48.740556
            ],
            [
              2.384722,
              48.738611
            ],
            [
              2.384444,
              48.737778
            ],
            [
              2.384722,
              48.7375
            ],
            [
              2.382222,
              48.733611
            ],
            [
              2.3825,
              48.732778
            ],
            [
              2.379444,
              48.727778
            ],
            [
              2.378889,
              48.727222
            ],
            [
              2.379167,
              48.726944
            ],
            [
              2.378056,
              48.724722
            ],
            [
              2.376389,
              48.724167
            ],
            [
              2.375833,
              48.723889
            ],
            [
              2.375833,
              48.723056
            ],
            [
              2.374722,
              48.723333
            ],
            [
              2.366111,
              48.721944
            ],
            [
              2.365833,
              48.721389
            ],
            [
              2.357778,
              48.720278
            ],
            [
              2.357222,
              48.719722
            ],
            [
              2.355278,
              48.719444
            ],
            [
              2.354167,
              48.721944
            ],
            [
              2.352778,
              48.721944
            ],
            [
              2.341389,
              48.725
            ],
            [
              2.340278,
              48.725
            ],
            [
              2.339722,
              48.725833
            ],
            [
              2.340278,
              48.726111
            ],
            [
              2.351944,
              48.727222
            ],
            [
              2.351667,
              48.7275
            ],
            [
              2.3525,
              48.727778
            ],
            [
              2.3525,
              48.728056
            ],
            [
              2.352222,
              48.728889
            ],
            [
              2.3525,
              48.729444
            ],
            [
              2.353056,
              48.729722
            ],
            [
              2.353056,
              48.730278
            ],
            [
              2.352778,
              48.730278
            ],
            [
              2.353333,
              48.731667
            ],
            [
              2.354167,
              48.732222
            ],
            [
              2.360278,
              48.734444
            ],
            [
              2.361944,
              48.734444
            ],
            [
              2.365833,
              48.735278
            ],
            [
              2.365556,
              48.739167
            ],
            [
              2.310278,
              48.720833
            ],
            [
              2.312222,
              48.715833
            ],
            [
              2.343333,
              48.720833
            ],
            [
              2.343333,
              48.715556
            ],
            [
              2.349444,
              48.716111
            ],
            [
              2.357222,
              48.716389
            ],
            [
              2.366389,
              48.715556
            ],
            [
              2.378611,
              48.714167
            ],
            [
              2.388333,
              48.715
            ],
            [
              2.402778,
              48.720833
            ],
            [
              2.407222,
              48.726111
            ],
            [
              2.406944,
              48.731944
            ],
            [
              2.402222,
              48.736389
            ],
            [
              2.394167,
              48.739167
            ],
            [
              2.386389,
              48.740556
            ]
          ]
        ]
      },
      "properties": {
        "name": "ORLY CTR",
        "owner": "PAR",
        "owners": [
          "PNT",
          "PODD",
          "PO",
          "PGDS",
          "PGS",
          "PGDN",
          "PGN",
          "DODG",
          "DOGS",
          "FPAE",
          "RPAE",
          "PARL",
          "PAR"
        ],
        "min": 0,
        "cur": 0,
        "max": 2,
        "color_hex": "#4067a9",
        "stroke": "#4067a9",
        "stroke-width": 1,
        "stroke-opacity": 0.7,
        "fill": "#4067a9",
        "fill-opacity": 0.3
      }
    },
    {
      "type": "Feature",
      "geometry": {
        "type": "Polygon",
        "coordinates": [
          [
            [
              2.632778,
              50.611944
            ],
            [
              2.649444,
              50.625556
            ],
            [
              2.654444,
              50.629444
            ],
            [
              2.652222,
              50.630278
            ],
            [
              2.6475,
              50.629722
            ],
            [
              2.643333,
              50.628333
            ],
            [
              2.6425,
              50.627778
            ],
            [
              2.633056,
              50.625833
            ],
            [
              2.627778,
              50.625278
            ],
            [
              2.629167,
              50.613889
            ],
            [
              2.632778,
              50.611944
            ]
          ]
        ]
      },
      "properties": {
        "name": "MERVILLE GND",
        "owner": "PAR",
        "owners": [
          "QTG",
          "QTT",
          "QW",
          "QE",
          "TB",
          "TNTB",
          "AENB",
          "RPAW",
          "PARL",
          "PAR"
        ],
        "min": 0,
        "cur": 0,
        "max": 0,
        "color_hex": "#4067a9",
        "stroke": "#4067a9",
        "stroke-width": 1,
        "stroke-opacity": 0.7,
        "fill": "#4067a9",
        "fill-opacity": 0.3
      }
    },
    {
      "type": "Feature",
      "geometry": {
        "type": "Polygon",
        "coordinates": [
          [
            [
              2.632778,
              50.611944
            ],
            [
              2.649444,
              50.625556
            ],
            [
              2.654444,
              50.629444
            ],
            [
              2.660556,
              50.627778
            ],
            [
              2.662222,
              50.620278
            ],
            [
              2.644444,
              50.615833
            ],
            [
              2.640278,
              50.611667
            ],
            [
              2.636944,
              50.609444
            ],
            [
              2.632778,
              50.611944
            ]
          ]
        ]
      },
      "properties": {
        "name": "MERVILLE CTR",
        "owner": "PAR",
        "owners": [
          "QTT",
          "QW",
          "QE",
          "TB",
          "TNTB",
          "AENB",
          "RPAW",
          "PARL",
          "PAR"
        ],
        "min": 0,
        "cur": 0,
        "max": 0,
        "color_hex": "#4067a9",
        "stroke": "#4067a9",
        "stroke-width": 1,
        "stroke-opacity": 0.7,
        "fill": "#4067a9",
        "fill-opacity": 0.3
      }
    },
    {
      "type": "Feature",
      "geometry": {
        "type": "Polygon",
        "coordinates": [
          [
            [
              3.119444,
              50.569167
            ],
            [
              3.117778,
              50.573611
            ],
            [
              3.091944,
              50.570278
            ],
            [
              3.089167,
              50.565833
            ],
            [
              3.089444,
              50.565
            ],
            [
              3.119444,
              50.569167
            ]
          ]
        ]
      },
      "properties": {
        "name": "LILLE GND",
        "owner": "PAR",
        "owners": [
          "QQG",
          "QQT",
          "QE",
          "TB",
          "TNTB",
          "AENB",
          "RPAW",
          "PARL",
          "PAR"
        ],
        "min": 0,
        "cur": 0,
        "max": 1,
        "color_hex": "#4067a9",
        "stroke": "#4067a9",
        "stroke-width": 1,
        "stroke-opacity": 0.7,
        "fill": "#4067a9",
        "fill-opacity": 0.3
      }
    },
    {
      "type": "Feature",
      "geometry": {
        "type": "Polygon",
        "coordinates": [
          [
            [
              3.119444,
              50.569167
            ],
            [
              3.089444,
              50.565
            ],
            [
              3.089167,
              50.565833
            ],
            [
              3.091944,
              50.570278
            ],
            [
              3.092778,
              50.571944
            ],
            [
              3.0975,
              50.5725
            ],
            [
              3.095833,
              50.575
            ],
            [
              3.089167,
              50.575833
            ],
            [
              3.085833,
              50.566111
            ],
            [
              3.081389,
              50.565556
            ],
            [
              3.083333,
              50.558056
            ],
            [
              3.091389,
              50.558333
            ],
            [
              3.105278,
              50.562778
            ],
            [
              3.111111,
              50.5625
            ],
            [
              3.113056,
              50.562222
            ],
            [
              3.116944,
              50.563056
            ],
            [
              3.118056,
              50.565
            ],
            [
              3.119167,
              50.565833
            ],
            [
              3.122222,
              50.566667
            ],
            [
              3.124444,
              50.566944
            ],
            [
              3.122778,
              50.57
            ],
            [
              3.119444,
              50.569167
            ]
          ]
        ]
      },
      "properties": {
        "name": "LILLE CTR",
        "owner": "PAR",
        "owners": [
          "QQT",
          "QE",
          "TB",
          "TNTB",
          "AENB",
          "RPAW",
          "PARL",
          "PAR"
        ],
        "min": 0,
        "cur": 0,
        "max": 1,
        "color_hex": "#4067a9",
        "stroke": "#4067a9",
        "stroke-width": 1,
        "stroke-opacity": 0.7,
        "fill": "#4067a9",
        "fill-opacity": 0.3
      }
    },
    {
      "type": "Feature",
      "geometry": {
        "type": "Polygon",
        "coordinates": [
          [
            [
              1.613611,
              50.520556
            ],
            [
              1.614444,
              50.521111
            ],
            [
              1.623611,
              50.515833
            ],
            [
              1.628333,
              50.513333
            ],
            [
              1.628056,
              50.513056
            ],
            [
              1.629167,
              50.5125
            ],
            [
              1.6275,
              50.511944
            ],
            [
              1.621389,
              50.511944
            ],
            [
              1.616667,
              50.513056
            ],
            [
              1.616389,
              50.518889
            ],
            [
              1.613611,
              50.520556
            ]
          ]
        ]
      },
      "properties": {
        "name": "LE TOUQUET GND",
        "owner": "PAR",
        "owners": [
          "ATG",
          "ATT",
          "QW",
          "QE",
          "TB",
          "TNTB",
          "AENB",
          "RPAW",
          "PARL",
          "PAR"
        ],
        "min": 0,
        "cur": 0,
        "max": 0,
        "color_hex": "#4067a9",
        "stroke": "#4067a9",
        "stroke-width": 1,
        "stroke-opacity": 0.7,
        "fill": "#4067a9",
        "fill-opacity": 0.3
      }
    },
    {
      "type": "Feature",
      "geometry": {
        "type": "Polygon",
        "coordinates": [
          [
            [
              1.613611,
              50.520556
            ],
            [
              1.610833,
              50.521944
            ],
            [
              1.611944,
              50.523611
            ],
            [
              1.606667,
              50.526667
            ],
            [
              1.608333,
              50.5275
            ],
            [
              1.634722,
              50.511667
            ],
            [
              1.632222,
              50.510278
            ],
            [
              1.629167,
              50.5125
            ],
            [
              1.628056,
              50.513056
            ],
            [
              1.628333,
              50.513333
            ],
            [
              1.623611,
              50.515833
            ],
            [
              1.614444,
              50.521111
            ],
            [
              1.613611,
              50.520556
            ]
          ]
        ]
      },
      "properties": {
        "name": "LE TOUQUET CTR",
        "owner": "PAR",
        "owners": [
          "ATT",
          "QW",
          "QE",
          "TB",
          "TNTB",
          "AENB",
          "RPAW",
          "PARL",
          "PAR"
        ],
        "min": 0,
        "cur": 0,
        "max": 0,
        "color_hex": "#4067a9",
        "stroke": "#4067a9",
        "stroke-width": 1,
        "stroke-opacity": 0.7,
        "fill": "#4067a9",
        "fill-opacity": 0.3
      }
    },
    {
      "type": "Feature",
      "geometry": {
        "type": "Polygon",
        "coordinates": [
          [
            [
              2.423333,
              48.946944
            ],
            [
              2.423333,
              48.945
            ],
            [
              2.421111,
              48.944444
            ],
            [
              2.421389,
              48.940556
            ],
            [
              2.423611,
              48.940556
            ],
            [
              2.433056,
              48.943056
            ],
            [
              2.451389,
              48.963611
            ],
            [
              2.446667,
              48.963611
            ],
            [
              2.446111,
              48.964167
            ],
            [
              2.439722,
              48.963611
            ],
            [
              2.433611,
              48.954444
            ],
            [
              2.432222,
              48.952778
            ],
            [
              2.431111,
              48.953056
            ],
            [
              2.427778,
              48.948056
            ],
            [
              2.426389,
              48.945833
            ],
            [
              2.423333,
              48.946944
            ]
          ]
        ]
      },
      "properties": {
        "name": "LE BOURGET GND",
        "owner": "PAR",
        "owners": [
          "PBG",
          "PBT",
          "PGS",
          "PGN",
          "DODG",
          "DOGS",
          "FPAE",
          "RPAE",
          "PARL",
          "PAR"
        ],
        "min": 0,
        "cur": 0,
        "max": 2,
        "color_hex": "#4067a9",
        "stroke": "#4067a9",
        "stroke-width": 1,
        "stroke-opacity": 0.7,
        "fill": "#4067a9",
        "fill-opacity": 0.3
      }
    },
    {
      "type": "Feature",
      "geometry": {
        "type": "Polygon",
        "coordinates": [
          [
            [
              2.423333,
              48.946944
            ],
            [
              2.426389,
              48.945833
            ],
            [
              2.427778,
              48.948056
            ],
            [
              2.431111,
              48.953056
            ],
            [
              2.432222,
              48.952778
            ],
            [
              2.433611,
              48.954444
            ],
            [
              2.439722,
              48.963611
            ],
            [
              2.446111,
              48.964167
            ],
            [
              2.446667,
              48.963611
            ],
            [
              2.451389,
              48.963611
            ],
            [
              2.460833,
              48.973889
            ],
            [
              2.458333,
              48.976111
            ],
            [
              2.418056,
              48.964722
            ],
            [
              2.419444,
              48.961111
            ],
            [
              2.424722,
              48.961944
            ],
            [
              2.429444,
              48.959444
            ],
            [
              2.4275,
              48.956944
            ],
            [
              2.422778,
              48.958333
            ],
            [
              2.420278,
              48.954722
            ],
            [
              2.423333,
              48.946944
            ]
          ]
        ]
      },
      "properties": {
        "name": "LE BOURGET CTR",
        "owner": "PAR",
        "owners": [
          "PBT",
          "PGS",
          "PGN",
          "DODG",
          "DOGS",
          "FPAE",
          "RPAE",
          "PARL",
          "PAR"
        ],
        "min": 0,
        "cur": 0,
        "max": 2,
        "color_hex": "#4067a9",
        "stroke": "#4067a9",
        "stroke-width": 1,
        "stroke-opacity": 0.7,
        "fill": "#4067a9",
        "fill-opacity": 0.3
      }
    },
    {
      "type": "Feature",
      "geometry": {
        "type": "Polygon",
        "coordinates": [
          [
            [
              2.548333,
              48.996667
            ],
            [
              2.568056,
              48.997778
            ],
            [
              2.571667,
              48.998056
            ],
            [
              2.571389,
              48.999722
            ],
            [
              2.567778,
              48.999722
            ],
            [
              2.560278,
              48.999167
            ],
            [
              2.558889,
              48.999444
            ],
            [
              2.558056,
              48.999444
            ],
            [
              2.557222,
              48.999722
            ],
            [
              2.555833,
              49.002778
            ],
            [
              2.558889,
              49.003056
            ],
            [
              2.558889,
              49.003333
            ],
            [
              2.558333,
              49.007222
            ],
            [
              2.563333,
              49.0075
            ],
            [
              2.570556,
              49.008056
            ],
            [
              2.576389,
              49.008333
            ],
            [
              2.576111,
              49.009167
            ],
            [
              2.571111,
              49.008889
            ],
            [
              2.563056,
              49.008333
            ],
            [
              2.558333,
              49.007778
            ],
            [
              2.555556,
              49.007778
            ],
            [
              2.553889,
              49.007778
            ],
            [
              2.553333,
              49.008889
            ],
            [
              2.552778,
              49.009722
            ],
            [
              2.551667,
              49.009444
            ],
            [
              2.550278,
              49.009167
            ],
            [
              2.5525,
              49.003889
            ],
            [
              2.527222,
              49.002222
            ],
            [
              2.529167,
              48.988333
            ],
            [
              2.540278,
              48.989167
            ],
            [
              2.539444,
              48.993889
            ],
            [
              2.536389,
              48.993611
            ],
            [
              2.536389,
              48.995
            ],
            [
              2.538056,
              48.996111
            ],
            [
              2.548333,
              48.996667
            ]
          ]
        ]
      },
      "properties": {
        "name": "CDG WL GND SW",
        "owner": "PAR",
        "owners": [
          "PGSW",
          "PGGN",
          "PGTS",
          "PGTN",
          "PGDS",
          "PGDN",
          "PGS",
          "PGN",
          "DODG",
          "DOGS",
          "FPAE",
          "RPAE",
          "PARL",
          "PAR"
        ],
        "min": 0,
        "cur": 0,
        "max": 4,
        "color_hex": "#4067a9",
        "stroke": "#4067a9",
        "stroke-width": 1,
        "stroke-opacity": 0.7,
        "fill": "#4067a9",
        "fill-opacity": 0.3
      }
    },
    {
      "type": "Feature",
      "geometry": {
        "type": "Polygon",
        "coordinates": [
          [
            [
              2.584444,
              49.0125
            ],
            [
              2.579722,
              49.012222
            ],
            [
              2.58,
              49.009444
            ],
            [
              2.576111,
              49.009167
            ],
            [
              2.576389,
              49.008333
            ],
            [
              2.580278,
              49.008333
            ],
            [
              2.580278,
              49.007778
            ],
            [
              2.584444,
              49.008056
            ],
            [
              2.593333,
              49.008333
            ],
            [
              2.593889,
              49.001111
            ],
            [
              2.585278,
              49.000278
            ],
            [
              2.571389,
              48.999722
            ],
            [
              2.571667,
              48.998056
            ],
            [
              2.610833,
              49.0
            ],
            [
              2.610556,
              49.003056
            ],
            [
              2.606111,
              49.002778
            ],
            [
              2.596667,
              49.002222
            ],
            [
              2.595556,
              49.01
            ],
            [
              2.584444,
              49.009722
            ],
            [
              2.584444,
              49.0125
            ]
          ]
        ]
      },
      "properties": {
        "name": "CDG WL GND SE",
        "owner": "PAR",
        "owners": [
          "PGSE",
          "PGSW",
          "PGGN",
          "PGTS",
          "PGTN",
          "PGDS",
          "PGDN",
          "PGS",
          "PGN",
          "DODG",
          "DOGS",
          "FPAE",
          "RPAE",
          "PARL",
          "PAR"
        ],
        "min": 0,
        "cur": 0,
        "max": 4,
        "color_hex": "#4067a9",
        "stroke": "#4067a9",
        "stroke-width": 1,
        "stroke-opacity": 0.7,
        "fill": "#4067a9",
        "fill-opacity": 0.3
      }
    },
    {
      "type": "Feature",
      "geometry": {
        "type": "Polygon",
        "coordinates": [
          [
            [
              2.610833,
              49.0
            ],
            [
              2.571667,
              48.998056
            ],
            [
              2.568056,
              48.997778
            ],
            [
              2.548333,
              48.996667
            ],
            [
              2.549167,
              48.99
            ],
            [
              2.614444,
              48.993333
            ],
            [
              2.613611,
              49.000278
            ],
            [
              2.610833,
              49.0
            ]
          ]
        ]
      },
      "properties": {
        "name": "CDG TWR SOUTH",
        "owner": "PAR",
        "owners": [
          "PGTS",
          "PGTN",
          "PGDS",
          "PGDN",
          "PGS",
          "PGN",
          "DODG",
          "DOGS",
          "FPAE",
          "RPAE",
          "PARL",
          "PAR"
        ],
        "min": 0,
        "cur": 0,
        "max": 4,
        "color_hex": "#4067a9",
        "stroke": "#4067a9",
        "stroke-width": 1,
        "stroke-opacity": 0.7,
        "fill": "#4067a9",
        "fill-opacity": 0.3
      }
    },
    {
      "type": "Feature",
      "geometry": {
        "type": "Polygon",
        "coordinates": [
          [
            [
              2.510556,
              49.019444
            ],
            [
              2.511667,
              49.019722
            ],
            [
              2.576667,
              49.023056
            ],
            [
              2.575556,
              49.030833
            ],
            [
              2.509722,
              49.0275
            ],
            [
              2.510556,
              49.019444
            ]
          ]
        ]
      },
      "properties": {
        "name": "CDG TWR NORTH",
        "owner": "PAR",
        "owners": [
          "PGTN",
          "PGDN",
          "PGN",
          "DODG",
          "DOGS",
          "FPAE",
          "RPAE",
          "PARL",
          "PAR"
        ],
        "min": 0,
        "cur": 0,
        "max": 4,
        "color_hex": "#4067a9",
        "stroke": "#4067a9",
        "stroke-width": 1,
        "stroke-opacity": 0.7,
        "fill": "#4067a9",
        "fill-opacity": 0.3
      }
    },
    {
      "type": "Feature",
      "geometry": {
        "type": "Polygon",
        "coordinates": [
          [
            [
              2.584444,
              49.008056
            ],
            [
              2.584722,
              49.004444
            ],
            [
              2.585278,
              49.000278
            ],
            [
              2.593889,
              49.001111
            ],
            [
              2.593333,
              49.008333
            ],
            [
              2.584444,
              49.008056
            ]
          ]
        ]
      },
      "properties": {
        "name": "CDG RMP KL",
        "owner": "PAR",
        "owners": [
          "PGKL",
          "PGT",
          "PGSW",
          "PGSE",
          "PGGN",
          "PGTS",
          "PGTN",
          "PGDS",
          "PGDN",
          "PGS",
          "PGN",
          "DODG",
          "DOGS",
          "FPAE",
          "RPAE",
          "PARL",
          "PAR"
        ],
        "min": 0,
        "cur": 0,
        "max": 4,
        "color_hex": "#4067a9",
        "stroke": "#4067a9",
        "stroke-width": 1,
        "stroke-opacity": 0.7,
        "fill": "#4067a9",
        "fill-opacity": 0.3
      }
    },
    {
      "type": "Feature",
      "geometry": {
        "type": "Polygon",
        "coordinates": [
          [
            [
              2.595556,
              49.01
            ],
            [
              2.596667,
              49.002222
            ],
            [
              2.606111,
              49.002778
            ],
            [
              2.605833,
              49.005556
            ],
            [
              2.600278,
              49.005278
            ],
            [
              2.599722,
              49.010278
            ],
            [
              2.595556,
              49.01
            ]
          ]
        ]
      },
      "properties": {
        "name": "CDG RMP J",
        "owner": "PAR",
        "owners": [
          "PGJ",
          "PGT",
          "PGSW",
          "PGSE",
          "PGGN",
          "PGTS",
          "PGTN",
          "PGDS",
          "PGDN",
          "PGS",
          "PGN",
          "DODG",
          "DOGS",
          "FPAE",
          "RPAE",
          "PARL",
          "PAR"
        ],
        "min": 0,
        "cur": 0,
        "max": 4,
        "color_hex": "#4067a9",
        "stroke": "#4067a9",
        "stroke-width": 1,
        "stroke-opacity": 0.7,
        "fill": "#4067a9",
        "fill-opacity": 0.3
      }
    },
    {
      "type": "Feature",
      "geometry": {
        "type": "Polygon",
        "coordinates": [
          [
            [
              2.510556,
              49.019444
            ],
            [
              2.511667,
              49.019722
            ],
            [
              2.511944,
              49.015833
            ],
            [
              2.506944,
              49.015556
            ],
            [
              2.508056,
              49.007778
            ],
            [
              2.493056,
              49.006944
            ],
            [
              2.491667,
              49.018611
            ],
            [
              2.510556,
              49.019444
            ]
          ]
        ]
      },
      "properties": {
        "name": "CDG RMP FDX",
        "owner": "PAR",
        "owners": [
          "PGFDX",
          "PGGN",
          "PGTN",
          "PGDN",
          "PGN",
          "DODG",
          "DOGS",
          "FPAE",
          "RPAE",
          "PARL",
          "PAR"
        ],
        "min": 0,
        "cur": 0,
        "max": 4,
        "color_hex": "#4067a9",
        "stroke": "#4067a9",
        "stroke-width": 1,
        "stroke-opacity": 0.7,
        "fill": "#4067a9",
        "fill-opacity": 0.3
      }
    },
    {
      "type": "Feature",
      "geometry": {
        "type": "Polygon",
        "coordinates": [
          [
            [
              2.570556,
              49.008056
            ],
            [
              2.576389,
              49.008333
            ],
            [
              2.580278,
              49.008333
            ],
            [
              2.580278,
              49.007778
            ],
            [
              2.584444,
              49.008056
            ],
            [
              2.584722,
              49.004444
            ],
            [
              2.571111,
              49.003889
            ],
            [
              2.570556,
              49.008056
            ]
          ]
        ]
      },
      "properties": {
        "name": "CDG RMP F",
        "owner": "PAR",
        "owners": [
          "PGF",
          "PGT",
          "PGSW",
          "PGSE",
          "PGGN",
          "PGTS",
          "PGTN",
          "PGDS",
          "PGDN",
          "PGS",
          "PGN",
          "DODG",
          "DOGS",
          "FPAE",
          "RPAE",
          "PARL",
          "PAR"
        ],
        "min": 0,
        "cur": 0,
        "max": 4,
        "color_hex": "#4067a9",
        "stroke": "#4067a9",
        "stroke-width": 1,
        "stroke-opacity": 0.7,
        "fill": "#4067a9",
        "fill-opacity": 0.3
      }
    },
    {
      "type": "Feature",
      "geometry": {
        "type": "Polygon",
        "coordinates": [
          [
            [
              2.558889,
              49.003333
            ],
            [
              2.571111,
              49.003889
            ],
            [
              2.570556,
              49.008056
            ],
            [
              2.563333,
              49.0075
            ],
            [
              2.558333,
              49.007222
            ],
            [
              2.558889,
              49.003333
            ]
          ]
        ]
      },
      "properties": {
        "name": "CDG RMP BD",
        "owner": "PAR",
        "owners": [
          "PGBD",
          "PGT",
          "PGSW",
          "PGSE",
          "PGGN",
          "PGTS",
          "PGTN",
          "PGDS",
          "PGDN",
          "PGS",
          "PGN",
          "DODG",
          "DOGS",
          "FPAE",
          "RPAE",
          "PARL",
          "PAR"
        ],
        "min": 0,
        "cur": 0,
        "max": 4,
        "color_hex": "#4067a9",
        "stroke": "#4067a9",
        "stroke-width": 1,
        "stroke-opacity": 0.7,
        "fill": "#4067a9",
        "fill-opacity": 0.3
      }
    },
    {
      "type": "Feature",
      "geometry": {
        "type": "Polygon",
        "coordinates": [
          [
            [
              2.558889,
              49.003333
            ],
            [
              2.558889,
              49.003056
            ],
            [
              2.555833,
              49.002778
            ],
            [
              2.557222,
              48.999722
            ],
            [
              2.558056,
              48.999444
            ],
            [
              2.558889,
              48.999444
            ],
            [
              2.560278,
              48.999167
            ],
            [
              2.567778,
              48.999722
            ],
            [
              2.571389,
              48.999722
            ],
            [
              2.585278,
              49.000278
            ],
            [
              2.584722,
              49.004444
            ],
            [
              2.571111,
              49.003889
            ],
            [
              2.558889,
              49.003333
            ]
          ]
        ]
      },
      "properties": {
        "name": "CDG RMP ACE",
        "owner": "PAR",
        "owners": [
          "PGACE",
          "PGT",
          "PGSW",
          "PGSE",
          "PGGN",
          "PGTS",
          "PGTN",
          "PGDS",
          "PGDN",
          "PGS",
          "PGN",
          "DODG",
          "DOGS",
          "FPAE",
          "RPAE",
          "PARL",
          "PAR"
        ],
        "min": 0,
        "cur": 0,
        "max": 4,
        "color_hex": "#4067a9",
        "stroke": "#4067a9",
        "stroke-width": 1,
        "stroke-opacity": 0.7,
        "fill": "#4067a9",
        "fill-opacity": 0.3
      }
    },
    {
      "type": "Feature",
      "geometry": {
        "type": "Polygon",
        "coordinates": [
          [
            [
              2.5525,
              49.010833
            ],
            [
              2.551944,
              49.011944
            ],
            [
              2.5525,
              49.013333
            ],
            [
              2.5525,
              49.013889
            ],
            [
              2.5575,
              49.014167
            ],
            [
              2.557778,
              49.011111
            ],
            [
              2.5525,
              49.010833
            ]
          ]
        ]
      },
      "properties": {
        "name": "CDG GND T3",
        "owner": "PAR",
        "owners": [
          "PGNP",
          "PGGN",
          "PGTN",
          "PGDN",
          "PGN",
          "DODG",
          "DOGS",
          "FPAE",
          "RPAE",
          "PARL",
          "PAR"
        ],
        "min": 0,
        "cur": 0,
        "max": 4,
        "color_hex": "#4067a9",
        "stroke": "#4067a9",
        "stroke-width": 1,
        "stroke-opacity": 0.7,
        "fill": "#4067a9",
        "fill-opacity": 0.3
      }
    },
    {
      "type": "Feature",
      "geometry": {
        "type": "Polygon",
        "coordinates": [
          [
            [
              2.549722,
              49.010556
            ],
            [
              2.530278,
              49.009444
            ],
            [
              2.529444,
              49.016667
            ],
            [
              2.537222,
              49.017222
            ],
            [
              2.536944,
              49.017222
            ],
            [
              2.536944,
              49.018056
            ],
            [
              2.5475,
              49.018611
            ],
            [
              2.548333,
              49.013333
            ],
            [
              2.548889,
              49.011944
            ],
            [
              2.549722,
              49.010556
            ]
          ]
        ]
      },
      "properties": {
        "name": "CDG GND T1",
        "owner": "PAR",
        "owners": [
          "PGNP",
          "PGGN",
          "PGTN",
          "PGDN",
          "PGN",
          "DODG",
          "DOGS",
          "FPAE",
          "RPAE",
          "PARL",
          "PAR"
        ],
        "min": 0,
        "cur": 0,
        "max": 4,
        "color_hex": "#4067a9",
        "stroke": "#4067a9",
        "stroke-width": 1,
        "stroke-opacity": 0.7,
        "fill": "#4067a9",
        "fill-opacity": 0.3
      }
    },
    {
      "type": "Feature",
      "geometry": {
        "type": "Polygon",
        "coordinates": [
          [
            [
              2.5525,
              49.010833
            ],
            [
              2.551944,
              49.011944
            ],
            [
              2.5525,
              49.013333
            ],
            [
              2.5525,
              49.013889
            ],
            [
              2.551944,
              49.018056
            ],
            [
              2.5775,
              49.019167
            ],
            [
              2.578889,
              49.018611
            ],
            [
              2.579167,
              49.017222
            ],
            [
              2.579722,
              49.012222
            ],
            [
              2.584444,
              49.0125
            ],
            [
              2.583056,
              49.023333
            ],
            [
              2.576667,
              49.023056
            ],
            [
              2.511667,
              49.019722
            ],
            [
              2.511944,
              49.015833
            ],
            [
              2.506944,
              49.015556
            ],
            [
              2.508056,
              49.007778
            ],
            [
              2.530278,
              49.009444
            ],
            [
              2.529444,
              49.016667
            ],
            [
              2.537222,
              49.017222
            ],
            [
              2.536944,
              49.017222
            ],
            [
              2.536944,
              49.018056
            ],
            [
              2.5475,
              49.018611
            ],
            [
              2.548333,
              49.013333
            ],
            [
              2.548889,
              49.011944
            ],
            [
              2.549722,
              49.010556
            ],
            [
              2.550278,
              49.009167
            ],
            [
              2.551667,
              49.009444
            ],
            [
              2.552778,
              49.009722
            ],
            [
              2.5525,
              49.010833
            ]
          ]
        ]
      },
      "properties": {
        "name": "CDG GND N",
        "owner": "PAR",
        "owners": [
          "PGGN",
          "PGTN",
          "PGDN",
          "PGN",
          "DODG",
          "DOGS",
          "FPAE",
          "RPAE",
          "PARL",
          "PAR"
        ],
        "min": 0,
        "cur": 0,
        "max": 4,
        "color_hex": "#4067a9",
        "stroke": "#4067a9",
        "stroke-width": 1,
        "stroke-opacity": 0.7,
        "fill": "#4067a9",
        "fill-opacity": 0.3
      }
    },
    {
      "type": "Feature",
      "geometry": {
        "type": "Polygon",
        "coordinates": [
          [
            [
              2.5725,
              49.011944
            ],
            [
              2.579722,
              49.012222
            ],
            [
              2.579167,
              49.017222
            ],
            [
              2.571667,
              49.016667
            ],
            [
              2.5725,
              49.011944
            ]
          ]
        ]
      },
      "properties": {
        "name": "CDG GND H",
        "owner": "PAR",
        "owners": [
          "PGNP",
          "PGGN",
          "PGTN",
          "PGDN",
          "PGN",
          "DODG",
          "DOGS",
          "FPAE",
          "RPAE",
          "PARL",
          "PAR"
        ],
        "min": 0,
        "cur": 0,
        "max": 4,
        "color_hex": "#4067a9",
        "stroke": "#4067a9",
        "stroke-width": 1,
        "stroke-opacity": 0.7,
        "fill": "#4067a9",
        "fill-opacity": 0.3
      }
    },
    {
      "type": "Feature",
      "geometry": {
        "type": "Polygon",
        "coordinates": [
          [
            [
              2.551944,
              49.018056
            ],
            [
              2.566389,
              49.018611
            ],
            [
              2.566944,
              49.014722
            ],
            [
              2.5575,
              49.014167
            ],
            [
              2.5525,
              49.013889
            ],
            [
              2.551944,
              49.018056
            ]
          ]
        ]
      },
      "properties": {
        "name": "CDG FATO",
        "owner": "PAR",
        "owners": [
          "PGTS",
          "PGTN",
          "PGDS",
          "PGDN",
          "PGS",
          "PGN",
          "DODG",
          "DOGS",
          "FPAE",
          "RPAE",
          "PARL",
          "PAR"
        ],
        "min": 0,
        "cur": 0,
        "max": 4,
        "color_hex": "#4067a9",
        "stroke": "#4067a9",
        "stroke-width": 1,
        "stroke-opacity": 0.7,
        "fill": "#4067a9",
        "fill-opacity": 0.3
      }
    },
    {
      "type": "Feature",
      "geometry": {
        "type": "Polygon",
        "coordinates": [
          [
            [
              2.550278,
              49.009167
            ],
            [
              2.551667,
              49.009444
            ],
            [
              2.552778,
              49.009722
            ],
            [
              2.553333,
              49.008889
            ],
            [
              2.553889,
              49.007778
            ],
            [
              2.555556,
              49.007778
            ],
            [
              2.558333,
              49.007778
            ],
            [
              2.563056,
              49.008333
            ],
            [
              2.563333,
              49.0075
            ],
            [
              2.558333,
              49.007222
            ],
            [
              2.558889,
              49.003333
            ],
            [
              2.558889,
              49.003056
            ],
            [
              2.555833,
              49.002778
            ],
            [
              2.557222,
              48.999722
            ],
            [
              2.558056,
              48.999444
            ],
            [
              2.558889,
              48.999444
            ],
            [
              2.560278,
              48.999167
            ],
            [
              2.567778,
              48.999722
            ],
            [
              2.568056,
              48.997778
            ],
            [
              2.548333,
              48.996667
            ],
            [
              2.538056,
              48.996111
            ],
            [
              2.536389,
              48.995
            ],
            [
              2.536389,
              48.993611
            ],
            [
              2.539444,
              48.993889
            ],
            [
              2.540278,
              48.989167
            ],
            [
              2.529167,
              48.988333
            ],
            [
              2.527222,
              49.002222
            ],
            [
              2.5525,
              49.003889
            ],
            [
              2.550278,
              49.009167
            ]
          ]
        ]
      },
      "properties": {
        "name": "CDG EL GND SW",
        "owner": "PAR",
        "owners": [
          "PGSW",
          "PGGN",
          "PGTS",
          "PGTN",
          "PGDS",
          "PGDN",
          "PGS",
          "PGN",
          "DODG",
          "DOGS",
          "FPAE",
          "RPAE",
          "PARL",
          "PAR"
        ],
        "min": 0,
        "cur": 0,
        "max": 4,
        "color_hex": "#4067a9",
        "stroke": "#4067a9",
        "stroke-width": 1,
        "stroke-opacity": 0.7,
        "fill": "#4067a9",
        "fill-opacity": 0.3
      }
    },
    {
      "type": "Feature",
      "geometry": {
        "type": "Polygon",
        "coordinates": [
          [
            [
              2.610833,
              49.0
            ],
            [
              2.571667,
              48.998056
            ],
            [
              2.568056,
              48.997778
            ],
            [
              2.567778,
              48.999722
            ],
            [
              2.571389,
              48.999722
            ],
            [
              2.585278,
              49.000278
            ],
            [
              2.593889,
              49.001111
            ],
            [
              2.593333,
              49.008333
            ],
            [
              2.584444,
              49.008056
            ],
            [
              2.580278,
              49.007778
            ],
            [
              2.580278,
              49.008333
            ],
            [
              2.576389,
              49.008333
            ],
            [
              2.570556,
              49.008056
            ],
            [
              2.563333,
              49.0075
            ],
            [
              2.563056,
              49.008333
            ],
            [
              2.571111,
              49.008889
            ],
            [
              2.576111,
              49.009167
            ],
            [
              2.58,
              49.009444
            ],
            [
              2.579722,
              49.012222
            ],
            [
              2.584444,
              49.0125
            ],
            [
              2.584444,
              49.009722
            ],
            [
              2.595556,
              49.01
            ],
            [
              2.596667,
              49.002222
            ],
            [
              2.606111,
              49.002778
            ],
            [
              2.610556,
              49.003056
            ],
            [
              2.610833,
              49.0
            ]
          ]
        ]
      },
      "properties": {
        "name": "CDG EL GND SE",
        "owner": "PAR",
        "owners": [
          "PGSE",
          "PGSW",
          "PGGN",
          "PGTS",
          "PGTN",
          "PGDS",
          "PGDN",
          "PGS",
          "PGN",
          "DODG",
          "DOGS",
          "FPAE",
          "RPAE",
          "PARL",
          "PAR"
        ],
        "min": 0,
        "cur": 0,
        "max": 4,
        "color_hex": "#4067a9",
        "stroke": "#4067a9",
        "stroke-width": 1,
        "stroke-opacity": 0.7,
        "fill": "#4067a9",
        "fill-opacity": 0.3
      }
    }
  ]
}