{
  "type": "FeatureCollection",
  "features": [
    {
      "type": "Feature",
      "geometry": {
        "type": "Polygon",
        "coordinates": [
          [
            [
              4.666667,
              40.030833
            ],
            [
              5.502778,
              40.398889
            ],
            [
              6.326944,
              40.508889
            ],
            [
              6.495,
              40.706111
            ],
            [
              8.0,
              40.744722
            ],
            [
              8.0,
              40.35
            ],
            [
              8.003889,
              39.998611
            ],
            [
              8.000278,
              39.212778
            ],
            [
              8.0,
              39.0
            ],
            [
              5.0,
              39.0
            ],
            [
              4.666667,
              39.0
            ],
            [
              4.666667,
              39.716667
            ],
            [
              4.666667,
              39.989722
            ],
            [
              4.666667,
              40.030833
            ]
          ]
        ]
      },
      "properties": {
        "name": "ZL1 UAC",
        "owner": "MM",
        "owners": [
          "WU",
          "MMU",
          "RAW",
          "MM"
        ],
        "min": 0,
        "cur": 110,
        "max": 194,
        "color_hex": "#909967",
        "stroke": "#909967",
        "stroke-width": 1,
        "stroke-opacity": 0.7,
        "fill": "#909967",
        "fill-opacity": 0.3
      }
    },
    {
      "type": "Feature",
      "geometry": {
        "type": "Polygon",
        "coordinates": [
          [
            [
              5.271667,
              44.094167
            ],
            [
              5.365278,
              43.871667
            ],
            [
              5.442778,
              43.680556
            ],
            [
              5.4575,
              43.6425
            ],
            [
              5.558056,
              43.536667
            ],
            [
              5.891111,
              43.485
            ],
            [
              5.983056,
              43.470556
            ],
            [
              5.983056,
              43.625
            ],
            [
              6.221944,
              43.675
            ],
            [
              6.320556,
              43.625
            ],
            [
              6.341667,
              43.625
            ],
            [
              6.505556,
              43.625
            ],
            [
              6.581667,
              43.643056
            ],
            [
              6.029722,
              43.943333
            ],
            [
              5.6275,
              44.158056
            ],
            [
              5.366667,
              44.363889
            ],
            [
              5.271667,
              44.094167
            ]
          ]
        ]
      },
      "properties": {
        "name": "ST1 UAC",
        "owner": "MM",
        "owners": [
          "MME",
          "RAE",
          "MM"
        ],
        "min": 0,
        "cur": 110,
        "max": 114,
        "color_hex": "#909967",
        "stroke": "#909967",
        "stroke-width": 1,
        "stroke-opacity": 0.7,
        "fill": "#909967",
        "fill-opacity": 0.3
      }
    },
    {
      "type": "Feature",
      "geometry": {
        "type": "Polygon",
        "coordinates": [
          [
            [
              3.883056,
              43.864167
            ],
            [
              4.246389,
              44.033056
            ],
            [
              4.336389,
              44.033056
            ],
            [
              4.221944,
              44.668056
            ],
            [
              3.701667,
              44.666667
            ],
            [
              3.577778,
              44.25
            ],
            [
              3.883056,
              43.864167
            ]
          ]
        ]
      },
      "properties": {
        "name": "MO-W UAC",
        "owner": "MM",
        "owners": [
          "MMW",
          "RAW",
          "MM"
        ],
        "min": 0,
        "cur": 110,
        "max": 144,
        "color_hex": "#909967",
        "stroke": "#909967",
        "stroke-width": 1,
        "stroke-opacity": 0.7,
        "fill": "#909967",
        "fill-opacity": 0.3
      }
    },
    {
      "type": "Feature",
      "geometry": {
        "type": "Polygon",
        "coordinates": [
          [
            [
              5.023056,
              44.666667
            ],
            [
              5.023056,
              44.594167
            ],
            [
              5.3625,
              44.521944
            ],
            [
              5.366111,
              44.538333
            ],
            [
              5.352222,
              44.666667
            ],
            [
              5.023056,
              44.666667
            ]
          ]
        ]
      },
      "properties": {
        "name": "MO-E UAC",
        "owner": "MM",
        "owners": [
          "MMW",
          "RAW",
          "MM"
        ],
        "min": 0,
        "cur": 110,
        "max": 144,
        "color_hex": "#909967",
        "stroke": "#909967",
        "stroke-width": 1,
        "stroke-opacity": 0.7,
        "fill": "#909967",
        "fill-opacity": 0.3
      }
    },
    {
      "type": "Feature",
      "geometry": {
        "type": "Polygon",
        "coordinates": [
          [
            [
              7.025,
              44.231944
            ],
            [
              7.01,
              44.228889
            ],
            [
              6.995,
              44.225833
            ],
            [
              6.980278,
              44.222222
            ],
            [
              6.965278,
              44.218611
            ],
            [
              6.950833,
              44.214722
            ],
            [
              6.936111,
              44.210833
            ],
            [
              6.921667,
              44.206667
            ],
            [
              6.9075,
              44.2025
            ],
            [
              6.893056,
              44.197778
            ],
            [
              6.878889,
              44.193056
            ],
            [
              6.865,
              44.188333
            ],
            [
              6.851111,
              44.183333
            ],
            [
              6.837222,
              44.178056
            ],
            [
              6.823611,
              44.172778
            ],
            [
              6.81,
              44.167222
            ],
            [
              6.796667,
              44.161389
            ],
            [
              6.783333,
              44.155556
            ],
            [
              6.770278,
              44.149722
            ],
            [
              6.757222,
              44.143333
            ],
            [
              6.744444,
              44.137222
            ],
            [
              6.731667,
              44.130556
            ],
            [
              6.719167,
              44.123889
            ],
            [
              6.706667,
              44.117222
            ],
            [
              6.694444,
              44.110278
            ],
            [
              6.6825,
              44.103056
            ],
            [
              6.670556,
              44.095833
            ],
            [
              6.658889,
              44.088611
            ],
            [
              6.6475,
              44.081111
            ],
            [
              6.713611,
              43.771944
            ],
            [
              6.733611,
              43.68
            ],
            [
              6.631667,
              43.655556
            ],
            [
              6.581667,
              43.643056
            ],
            [
              6.029722,
              43.943333
            ],
            [
              5.6275,
              44.158056
            ],
            [
              5.366667,
              44.363889
            ],
            [
              5.3625,
              44.521944
            ],
            [
              5.366111,
              44.538333
            ],
            [
              6.14,
              44.538333
            ],
            [
              6.285,
              44.365278
            ],
            [
              6.673333,
              45.02
            ],
            [
              6.743056,
              45.017222
            ],
            [
              6.751111,
              44.996111
            ],
            [
              6.737778,
              44.993056
            ],
            [
              6.737778,
              44.988889
            ],
            [
              6.748611,
              44.985278
            ],
            [
              6.750556,
              44.977222
            ],
            [
              6.7625,
              44.971111
            ],
            [
              6.765278,
              44.96
            ],
            [
              6.757778,
              44.946667
            ],
            [
              6.743333,
              44.935833
            ],
            [
              6.754444,
              44.937778
            ],
            [
              6.758611,
              44.936667
            ],
            [
              6.760556,
              44.930278
            ],
            [
              6.754167,
              44.931667
            ],
            [
              6.75,
              44.905556
            ],
            [
              6.771389,
              44.902778
            ],
            [
              6.785278,
              44.889167
            ],
            [
              6.800278,
              44.890556
            ],
            [
              6.806389,
              44.876111
            ],
            [
              6.862222,
              44.85
            ],
            [
              6.915,
              44.846944
            ],
            [
              6.932222,
              44.8625
            ],
            [
              7.005833,
              44.840278
            ],
            [
              7.008333,
              44.825
            ],
            [
              7.024167,
              44.823056
            ],
            [
              7.0125,
              44.8
            ],
            [
              7.009444,
              44.799722
            ],
            [
              7.008333,
              44.797778
            ],
            [
              6.999167,
              44.789444
            ],
            [
              7.008056,
              44.784444
            ],
            [
              7.012222,
              44.782778
            ],
            [
              7.019722,
              44.774167
            ],
            [
              7.021389,
              44.771111
            ],
            [
              7.024167,
              44.768611
            ],
            [
              7.021944,
              44.765278
            ],
            [
              7.024722,
              44.761111
            ],
            [
              7.024167,
              44.755278
            ],
            [
              7.021667,
              44.753889
            ],
            [
              7.022222,
              44.749722
            ],
            [
              7.025833,
              44.743333
            ],
            [
              7.023611,
              44.739722
            ],
            [
              7.030278,
              44.7325
            ],
            [
              7.030556,
              44.729167
            ],
            [
              7.043056,
              44.718056
            ],
            [
              7.056944,
              44.714444
            ],
            [
              7.065833,
              44.713333
            ],
            [
              7.065833,
              44.707222
            ],
            [
              7.068889,
              44.701667
            ],
            [
              7.070833,
              44.699444
            ],
            [
              7.075278,
              44.688889
            ],
            [
              7.076389,
              44.680556
            ],
            [
              7.069722,
              44.679722
            ],
            [
              7.058056,
              44.680556
            ],
            [
              7.051944,
              44.6825
            ],
            [
              7.046667,
              44.683611
            ],
            [
              7.033611,
              44.690278
            ],
            [
              7.027222,
              44.691111
            ],
            [
              7.020278,
              44.690278
            ],
            [
              7.016944,
              44.688889
            ],
            [
              7.006111,
              44.688056
            ],
            [
              7.002222,
              44.686944
            ],
            [
              6.998056,
              44.690278
            ],
            [
              6.986944,
              44.688889
            ],
            [
              6.978333,
              44.683333
            ],
            [
              6.970278,
              44.676944
            ],
            [
              6.9625,
              44.6775
            ],
            [
              6.957778,
              44.671667
            ],
            [
              6.958333,
              44.666111
            ],
            [
              6.958611,
              44.662222
            ],
            [
              6.95,
              44.657222
            ],
            [
              6.947778,
              44.6525
            ],
            [
              6.952778,
              44.644722
            ],
            [
              6.953889,
              44.636667
            ],
            [
              6.963611,
              44.625833
            ],
            [
              6.968056,
              44.624444
            ],
            [
              6.9675,
              44.619167
            ],
            [
              6.963056,
              44.619167
            ],
            [
              6.9575,
              44.621111
            ],
            [
              6.948889,
              44.618611
            ],
            [
              6.950278,
              44.610833
            ],
            [
              6.945,
              44.605556
            ],
            [
              6.9375,
              44.602778
            ],
            [
              6.937222,
              44.598333
            ],
            [
              6.933333,
              44.595833
            ],
            [
              6.933611,
              44.585
            ],
            [
              6.931667,
              44.5825
            ],
            [
              6.933056,
              44.573889
            ],
            [
              6.929444,
              44.571944
            ],
            [
              6.918333,
              44.569444
            ],
            [
              6.9125,
              44.568333
            ],
            [
              6.915278,
              44.562222
            ],
            [
              6.915556,
              44.558889
            ],
            [
              6.904444,
              44.556111
            ],
            [
              6.900833,
              44.553889
            ],
            [
              6.896944,
              44.555278
            ],
            [
              6.891389,
              44.554167
            ],
            [
              6.889167,
              44.552222
            ],
            [
              6.881944,
              44.552222
            ],
            [
              6.878611,
              44.554167
            ],
            [
              6.875833,
              44.55
            ],
            [
              6.876389,
              44.546111
            ],
            [
              6.873333,
              44.545833
            ],
            [
              6.868889,
              44.536667
            ],
            [
              6.857222,
              44.533333
            ],
            [
              6.853333,
              44.527778
            ],
            [
              6.8575,
              44.520833
            ],
            [
              6.856667,
              44.514444
            ],
            [
              6.859167,
              44.509167
            ],
            [
              6.858611,
              44.506111
            ],
            [
              6.862778,
              44.499444
            ],
            [
              6.865,
              44.496667
            ],
            [
              6.868056,
              44.492778
            ],
            [
              6.876944,
              44.487778
            ],
            [
              6.876389,
              44.481389
            ],
            [
              6.884722,
              44.475556
            ],
            [
              6.892778,
              44.471667
            ],
            [
              6.902778,
              44.469167
            ],
            [
              6.906111,
              44.466667
            ],
            [
              6.909167,
              44.458333
            ],
            [
              6.911389,
              44.4525
            ],
            [
              6.913889,
              44.449444
            ],
            [
              6.922778,
              44.445278
            ],
            [
              6.936944,
              44.438611
            ],
            [
              6.939167,
              44.434167
            ],
            [
              6.948056,
              44.429444
            ],
            [
              6.945556,
              44.427222
            ],
            [
              6.933333,
              44.429722
            ],
            [
              6.932222,
              44.424444
            ],
            [
              6.923611,
              44.422778
            ],
            [
              6.916944,
              44.426944
            ],
            [
              6.902778,
              44.420833
            ],
            [
              6.898333,
              44.421667
            ],
            [
              6.895278,
              44.420556
            ],
            [
              6.8925,
              44.42
            ],
            [
              6.895,
              44.408889
            ],
            [
              6.8975,
              44.405
            ],
            [
              6.894444,
              44.400278
            ],
            [
              6.895278,
              44.396667
            ],
            [
              6.896389,
              44.393889
            ],
            [
              6.895278,
              44.387778
            ],
            [
              6.895556,
              44.376944
            ],
            [
              6.896111,
              44.373611
            ],
            [
              6.893611,
              44.369167
            ],
            [
              6.8875,
              44.366389
            ],
            [
              6.8875,
              44.360833
            ],
            [
              6.901111,
              44.357778
            ],
            [
              6.906389,
              44.357778
            ],
            [
              6.913056,
              44.353056
            ],
            [
              6.919444,
              44.351944
            ],
            [
              6.922222,
              44.350278
            ],
            [
              6.921389,
              44.345556
            ],
            [
              6.921944,
              44.341667
            ],
            [
              6.923889,
              44.339722
            ],
            [
              6.9275,
              44.331944
            ],
            [
              6.936944,
              44.328056
            ],
            [
              6.939167,
              44.324444
            ],
            [
              6.943056,
              44.323333
            ],
            [
              6.947222,
              44.32
            ],
            [
              6.953056,
              44.318333
            ],
            [
              6.954722,
              44.314444
            ],
            [
              6.960556,
              44.310556
            ],
            [
              6.959444,
              44.306667
            ],
            [
              6.957778,
              44.303611
            ],
            [
              6.9575,
              44.3
            ],
            [
              6.956111,
              44.296389
            ],
            [
              6.960278,
              44.293889
            ],
            [
              6.963611,
              44.293889
            ],
            [
              6.967778,
              44.295
            ],
            [
              6.971111,
              44.292778
            ],
            [
              6.969444,
              44.285833
            ],
            [
              6.9725,
              44.283889
            ],
            [
              6.980556,
              44.286667
            ],
            [
              6.995,
              44.28
            ],
            [
              6.995278,
              44.275556
            ],
            [
              6.996944,
              44.272222
            ],
            [
              6.995556,
              44.267778
            ],
            [
              6.996111,
              44.264167
            ],
            [
              6.997778,
              44.2575
            ],
            [
              6.997222,
              44.251111
            ],
            [
              7.000556,
              44.245833
            ],
            [
              7.001667,
              44.243333
            ],
            [
              7.004167,
              44.241111
            ],
            [
              7.008056,
              44.236111
            ],
            [
              7.014167,
              44.233889
            ],
            [
              7.017778,
              44.231944
            ],
            [
              7.023333,
              44.233889
            ],
            [
              7.025,
              44.231944
            ]
          ]
        ]
      },
      "properties": {
        "name": "MN1 UAC",
        "owner": "MM",
        "owners": [
          "MME",
          "RAE",
          "MM"
        ],
        "min": 0,
        "cur": 110,
        "max": 144,
        "color_hex": "#909967",
        "stroke": "#909967",
        "stroke-width": 1,
        "stroke-opacity": 0.7,
        "fill": "#909967",
        "fill-opacity": 0.3
      }
    },
    {
      "type": "Feature",
      "geometry": {
        "type": "Polygon",
        "coordinates": [
          [
            [
              3.489167,
              42.603056
            ],
            [
              3.338056,
              42.986944
            ],
            [
              3.355556,
              43.0
            ],
            [
              4.05,
              43.0
            ],
            [
              4.283056,
              43.0
            ],
            [
              4.283056,
              42.5
            ],
            [
              5.633056,
              42.5
            ],
            [
              5.633056,
              42.666667
            ],
            [
              6.253611,
              42.668611
            ],
            [
              6.483333,
              42.491667
            ],
            [
              6.358889,
              42.285278
            ],
            [
              6.183333,
              41.991667
            ],
            [
              5.193056,
              41.619722
            ],
            [
              4.666667,
              41.141667
            ],
            [
              4.666667,
              42.0
            ],
            [
              4.433611,
              42.0675
            ],
            [
              4.345556,
              42.095278
            ],
            [
              4.041111,
              42.194722
            ],
            [
              3.508333,
              42.3575
            ],
            [
              3.564444,
              42.409167
            ],
            [
              3.489167,
              42.603056
            ]
          ]
        ]
      },
      "properties": {
        "name": "ML1 UAC",
        "owner": "MM",
        "owners": [
          "MMW",
          "RAW",
          "MM"
        ],
        "min": 0,
        "cur": 110,
        "max": 144,
        "color_hex": "#909967",
        "stroke": "#909967",
        "stroke-width": 1,
        "stroke-opacity": 0.7,
        "fill": "#909967",
        "fill-opacity": 0.3
      }
    },
    {
      "type": "Feature",
      "geometry": {
        "type": "Polygon",
        "coordinates": [
          [
            [
              5.023056,
              44.666667
            ],
            [
              5.352222,
              44.666667
            ],
            [
              5.336389,
              44.87
            ],
            [
              5.328056,
              45.0
            ],
            [
              5.191667,
              44.850556
            ],
            [
              5.023056,
              44.666667
            ]
          ]
        ]
      },
      "properties": {
        "name": "LS1 UAC",
        "owner": "MM",
        "owners": [
          "MMW",
          "RAW",
          "MM"
        ],
        "min": 0,
        "cur": 110,
        "max": 144,
        "color_hex": "#909967",
        "stroke": "#909967",
        "stroke-width": 1,
        "stroke-opacity": 0.7,
        "fill": "#909967",
        "fill-opacity": 0.3
      }
    },
    {
      "type": "Feature",
      "geometry": {
        "type": "Polygon",
        "coordinates": [
          [
            [
              6.075556,
              45.464167
            ],
            [
              6.0,
              45.255278
            ],
            [
              5.890556,
              45.020556
            ],
            [
              5.521111,
              45.0
            ],
            [
              5.328056,
              45.0
            ],
            [
              5.336389,
              44.87
            ],
            [
              5.352222,
              44.666667
            ],
            [
              5.366111,
              44.538333
            ],
            [
              6.14,
              44.538333
            ],
            [
              6.285,
              44.365278
            ],
            [
              6.673333,
              45.02
            ],
            [
              6.630833,
              45.107222
            ],
            [
              6.681667,
              45.139167
            ],
            [
              6.739167,
              45.137222
            ],
            [
              6.7675,
              45.159167
            ],
            [
              6.848333,
              45.126111
            ],
            [
              6.894444,
              45.137778
            ],
            [
              6.891667,
              45.166944
            ],
            [
              6.946667,
              45.169722
            ],
            [
              6.965278,
              45.208889
            ],
            [
              7.0475,
              45.225
            ],
            [
              7.073056,
              45.211389
            ],
            [
              7.1375,
              45.255278
            ],
            [
              7.110833,
              45.320556
            ],
            [
              6.835556,
              45.503611
            ],
            [
              6.513889,
              45.716667
            ],
            [
              6.390833,
              45.797222
            ],
            [
              6.274167,
              45.873333
            ],
            [
              6.204167,
              45.918889
            ],
            [
              6.183611,
              45.932222
            ],
            [
              6.129167,
              45.873611
            ],
            [
              6.101389,
              45.843889
            ],
            [
              6.096389,
              45.806389
            ],
            [
              6.087778,
              45.620556
            ],
            [
              6.075556,
              45.464167
            ]
          ]
        ]
      },
      "properties": {
        "name": "LE1 1-SE UAC",
        "owner": "MM",
        "owners": [
          "MMW",
          "RAW",
          "MM"
        ],
        "min": 40,
        "cur": 110,
        "max": 124,
        "color_hex": "#909967",
        "stroke": "#909967",
        "stroke-width": 1,
        "stroke-opacity": 0.7,
        "fill": "#909967",
        "fill-opacity": 0.3
      }
    },
    {
      "type": "Feature",
      "geometry": {
        "type": "Polygon",
        "coordinates": [
          [
            [
              6.358889,
              42.285278
            ],
            [
              7.756667,
              41.733889
            ],
            [
              7.931667,
              41.667222
            ],
            [
              8.0,
              41.0
            ],
            [
              8.0,
              40.744722
            ],
            [
              6.495,
              40.706111
            ],
            [
              6.326944,
              40.508889
            ],
            [
              5.502778,
              40.398889
            ],
            [
              4.666667,
              40.030833
            ],
            [
              4.666667,
              40.5
            ],
            [
              4.666667,
              41.141667
            ],
            [
              5.193056,
              41.619722
            ],
            [
              6.183333,
              41.991667
            ],
            [
              6.358889,
              42.285278
            ]
          ]
        ]
      },
      "properties": {
        "name": "D1 1 UAC",
        "owner": "MM",
        "owners": [
          "WU",
          "MMU",
          "RAW",
          "MM"
        ],
        "min": 0,
        "cur": 110,
        "max": 144,
        "color_hex": "#909967",
        "stroke": "#909967",
        "stroke-width": 1,
        "stroke-opacity": 0.7,
        "fill": "#909967",
        "fill-opacity": 0.3
      }
    },
    {
      "type": "Feature",
      "geometry": {
        "type": "Polygon",
        "coordinates": [
          [
            [
              6.253611,
              42.668611
            ],
            [
              6.483333,
              42.491667
            ],
            [
              6.358889,
              42.285278
            ],
            [
              7.756667,
              41.733889
            ],
            [
              7.931667,
              41.667222
            ],
            [
              7.860556,
              42.314444
            ],
            [
              7.699167,
              42.643611
            ],
            [
              7.253056,
              42.867778
            ],
            [
              6.666667,
              42.833056
            ],
            [
              6.666667,
              42.666667
            ],
            [
              6.253611,
              42.668611
            ]
          ]
        ]
      },
      "properties": {
        "name": "AJ 1 UAC",
        "owner": "MM",
        "owners": [
          "MME",
          "RAE",
          "MM"
        ],
        "min": 0,
        "cur": 110,
        "max": 144,
        "color_hex": "#909967",
        "stroke": "#909967",
        "stroke-width": 1,
        "stroke-opacity": 0.7,
        "fill": "#909967",
        "fill-opacity": 0.3
      }
    },
    {
      "type": "Feature",
      "geometry": {
        "type": "Polygon",
        "coordinates": [
          [
            [
              4.8,
              48.95
            ],
            [
              5.549722,
              49.263056
            ],
            [
              5.138333,
              49.306389
            ],
            [
              5.818611,
              49.4525
            ],
            [
              5.811944,
              49.4525
            ],
            [
              5.793056,
              49.452778
            ],
            [
              5.755556,
              49.542222
            ],
            [
              5.75,
              49.541667
            ],
            [
              5.452222,
              49.5175
            ],
            [
              5.452778,
              49.546944
            ],
            [
              5.442222,
              49.567778
            ],
            [
              4.291111,
              49.320278
            ],
            [
              4.8,
              48.95
            ]
          ]
        ]
      },
      "properties": {
        "name": "TM UAC",
        "owner": "PAR",
        "owners": [
          "TM",
          "TML",
          "ARML",
          "AOML",
          "RPAE",
          "PARL",
          "PAR"
        ],
        "min": 55,
        "cur": 110,
        "max": 114,
        "color_hex": "#4067a9",
        "stroke": "#4067a9",
        "stroke-width": 1,
        "stroke-opacity": 0.7,
        "fill": "#4067a9",
        "fill-opacity": 0.3
      }
    },
    {
      "type": "Feature",
      "geometry": {
        "type": "Polygon",
        "coordinates": [
          [
            [
              4.483333,
              49.95
            ],
            [
              4.566667,
              49.975
            ],
            [
              4.866667,
              49.983333
            ],
            [
              4.857778,
              49.861944
            ],
            [
              4.858333,
              49.8
            ],
            [
              4.988056,
              49.8
            ],
            [
              5.115,
              49.736111
            ],
            [
              5.163333,
              49.716667
            ],
            [
              5.262778,
              49.693056
            ],
            [
              5.291111,
              49.677222
            ],
            [
              5.315833,
              49.648333
            ],
            [
              5.371667,
              49.625278
            ],
            [
              5.383333,
              49.616667
            ],
            [
              5.420556,
              49.601111
            ],
            [
              5.442222,
              49.567778
            ],
            [
              4.291111,
              49.320278
            ],
            [
              4.05,
              49.266667
            ],
            [
              3.860833,
              49.241944
            ],
            [
              3.738889,
              49.158333
            ],
            [
              3.739444,
              49.198889
            ],
            [
              3.683056,
              49.268611
            ],
            [
              3.632222,
              49.45
            ],
            [
              3.484722,
              49.714722
            ],
            [
              3.351389,
              49.688889
            ],
            [
              3.413611,
              49.783333
            ],
            [
              3.437222,
              49.818889
            ],
            [
              3.558333,
              50.0
            ],
            [
              4.145833,
              49.980556
            ],
            [
              4.150278,
              49.980278
            ],
            [
              4.366667,
              49.961667
            ],
            [
              4.483333,
              49.95
            ]
          ]
        ]
      },
      "properties": {
        "name": "TE UAC",
        "owner": "PAR",
        "owners": [
          "TE",
          "APTE",
          "AENB",
          "RPAW",
          "PARL",
          "PAR"
        ],
        "min": 85,
        "cur": 110,
        "max": 114,
        "color_hex": "#4067a9",
        "stroke": "#4067a9",
        "stroke-width": 1,
        "stroke-opacity": 0.7,
        "fill": "#4067a9",
        "fill-opacity": 0.3
      }
    },
    {
      "type": "Feature",
      "geometry": {
        "type": "Polygon",
        "coordinates": [
          [
            [
              2.243611,
              51.100556
            ],
            [
              2.55,
              51.083333
            ],
            [
              2.572778,
              51.015556
            ],
            [
              2.327778,
              51.03
            ],
            [
              2.243611,
              51.100556
            ]
          ]
        ]
      },
      "properties": {
        "name": "TB UAC",
        "owner": "PAR",
        "owners": [
          "TB",
          "TNTB",
          "AENB",
          "RPAW",
          "PARL",
          "PAR"
        ],
        "min": 95,
        "cur": 110,
        "max": 194,
        "color_hex": "#4067a9",
        "stroke": "#4067a9",
        "stroke-width": 1,
        "stroke-opacity": 0.7,
        "fill": "#4067a9",
        "fill-opacity": 0.3
      }
    },
    {
      "type": "Feature",
      "geometry": {
        "type": "Polygon",
        "coordinates": [
          [
            [
              1.633611,
              47.550278
            ],
            [
              1.466667,
              47.166389
            ],
            [
              1.504444,
              47.166667
            ],
            [
              2.0,
              47.166667
            ],
            [
              2.168889,
              47.081944
            ],
            [
              2.182222,
              47.072222
            ],
            [
              2.833333,
              46.75
            ],
            [
              2.867778,
              46.5775
            ],
            [
              3.313056,
              46.728056
            ],
            [
              3.383333,
              46.983333
            ],
            [
              3.501944,
              47.109722
            ],
            [
              4.270556,
              47.359167
            ],
            [
              4.333333,
              47.416667
            ],
            [
              3.333333,
              47.540278
            ],
            [
              3.295278,
              47.540278
            ],
            [
              2.039722,
              47.540278
            ],
            [
              1.655556,
              47.658611
            ],
            [
              1.633611,
              47.550278
            ]
          ]
        ]
      },
      "properties": {
        "name": "S UAC",
        "owner": "PAR",
        "owners": [
          "DODG",
          "DOGS",
          "FPAE",
          "DGTJ",
          "RPAE",
          "PARL",
          "PAR"
        ],
        "min": 0,
        "cur": 110,
        "max": 114,
        "color_hex": "#4067a9",
        "stroke": "#4067a9",
        "stroke-width": 1,
        "stroke-opacity": 0.7,
        "fill": "#4067a9",
        "fill-opacity": 0.3
      }
    },
    {
      "type": "Feature",
      "geometry": {
        "type": "Polygon",
        "coordinates": [
          [
            [
              2.906667,
              48.273611
            ],
            [
              2.792778,
              48.395278
            ],
            [
              2.920278,
              48.5025
            ],
            [
              2.053889,
              48.5025
            ],
            [
              1.875278,
              48.5025
            ],
            [
              1.897222,
              48.297222
            ],
            [
              2.906667,
              48.273611
            ]
          ]
        ]
      },
      "properties": {
        "name": "DO3 UAC",
        "owner": "PAR",
        "owners": [
          "DODG",
          "DOGS",
          "FPAE",
          "DGTJ",
          "RPAE",
          "PAR"
        ],
        "min": 85,
        "cur": 110,
        "max": 124,
        "color_hex": "#4067a9",
        "stroke": "#4067a9",
        "stroke-width": 1,
        "stroke-opacity": 0.7,
        "fill": "#4067a9",
        "fill-opacity": 0.3
      }
    },
    {
      "type": "Feature",
      "geometry": {
        "type": "Polygon",
        "coordinates": [
          [
            [
              5.074444,
              43.8275
            ],
            [
              5.135,
              43.706944
            ],
            [
              5.199444,
              43.578889
            ],
            [
              5.186944,
              43.460278
            ],
            [
              5.119167,
              43.522222
            ],
            [
              5.054167,
              43.581667
            ],
            [
              5.033056,
              43.65
            ],
            [
              4.966667,
              43.771944
            ],
            [
              4.9725,
              43.802778
            ],
            [
              5.054444,
              43.821667
            ],
            [
              5.074444,
              43.8275
            ]
          ]
        ]
      },
      "properties": {
        "name": "PROVENCE ME2-W QFU31",
        "owner": "MM",
        "owners": [
          "ME",
          "MMW",
          "RAW",
          "MM"
        ],
        "min": 25,
        "cur": 110,
        "max": 144,
        "color_hex": "#909967",
        "stroke": "#909967",
        "stroke-width": 1,
        "stroke-opacity": 0.7,
        "fill": "#909967",
        "fill-opacity": 0.3
      }
    },
    {
      "type": "Feature",
      "geometry": {
        "type": "Polygon",
        "coordinates": [
          [
            [
              5.442778,
              43.680556
            ],
            [
              5.296667,
              43.645
            ],
            [
              5.268611,
              43.581111
            ],
            [
              5.248611,
              43.421667
            ],
            [
              5.380278,
              43.376389
            ],
            [
              5.382222,
              43.358056
            ],
            [
              5.409167,
              43.356111
            ],
            [
              5.488889,
              43.350556
            ],
            [
              5.489167,
              43.420278
            ],
            [
              5.558056,
              43.413056
            ],
            [
              5.558056,
              43.536667
            ],
            [
              5.4575,
              43.6425
            ],
            [
              5.442778,
              43.680556
            ]
          ]
        ]
      },
      "properties": {
        "name": "PROVENCE ME2-E QFU31",
        "owner": "MM",
        "owners": [
          "ME",
          "MMW",
          "RAW",
          "MM"
        ],
        "min": 25,
        "cur": 110,
        "max": 144,
        "color_hex": "#909967",
        "stroke": "#909967",
        "stroke-width": 1,
        "stroke-opacity": 0.7,
        "fill": "#909967",
        "fill-opacity": 0.3
      }
    },
    {
      "type": "Feature",
      "geometry": {
        "type": "Polygon",
        "coordinates": [
          [
            [
              5.382222,
              43.358056
            ],
            [
              5.409167,
              43.356111
            ],
            [
              5.488889,
              43.350556
            ],
            [
              5.489167,
              43.420278
            ],
            [
              5.558056,
              43.413056
            ],
            [
              5.558056,
              43.536667
            ],
            [
              5.4575,
              43.6425
            ],
            [
              5.442778,
              43.680556
            ],
            [
              5.365278,
              43.871667
            ],
            [
              5.210556,
              43.889167
            ],
            [
              5.220556,
              43.861111
            ],
            [
              5.054444,
              43.821667
            ],
            [
              4.9725,
              43.802778
            ],
            [
              4.966667,
              43.771944
            ],
            [
              5.033056,
              43.65
            ],
            [
              5.054167,
              43.581667
            ],
            [
              5.119167,
              43.522222
            ],
            [
              5.217778,
              43.432222
            ],
            [
              5.380278,
              43.376389
            ],
            [
              5.382222,
              43.358056
            ]
          ]
        ]
      },
      "properties": {
        "name": "PROVENCE ME2 QFU13",
        "owner": "MM",
        "owners": [
          "ME",
          "MMW",
          "RAW",
          "MM"
        ],
        "min": 25,
        "cur": 110,
        "max": 144,
        "color_hex": "#909967",
        "stroke": "#909967",
        "stroke-width": 1,
        "stroke-opacity": 0.7,
        "fill": "#909967",
        "fill-opacity": 0.3
      }
    },
    {
      "type": "Feature",
      "geometry": {
        "type": "Polygon",
        "coordinates": [
          [
            [
              5.488889,
              43.350556
            ],
            [
              5.633056,
              43.340556
            ],
            [
              6.003056,
              43.313611
            ],
            [
              5.983056,
              43.470556
            ],
            [
              5.891111,
              43.485
            ],
            [
              5.558056,
              43.536667
            ],
            [
              5.558056,
              43.413056
            ],
            [
              5.489167,
              43.420278
            ],
            [
              5.488889,
              43.350556
            ]
          ]
        ]
      },
      "properties": {
        "name": "PROVENCE ME1",
        "owner": "MM",
        "owners": [
          "ME",
          "MMW",
          "RAW",
          "MM"
        ],
        "min": 0,
        "cur": 110,
        "max": 114,
        "color_hex": "#909967",
        "stroke": "#909967",
        "stroke-width": 1,
        "stroke-opacity": 0.7,
        "fill": "#909967",
        "fill-opacity": 0.3
      }
    },
    {
      "type": "Feature",
      "geometry": {
        "type": "Polygon",
        "coordinates": [
          [
            [
              4.551667,
              43.858056
            ],
            [
              4.525,
              43.875
            ],
            [
              4.437222,
              43.948333
            ],
            [
              4.336389,
              44.033056
            ],
            [
              4.221944,
              44.668056
            ],
            [
              4.454444,
              44.668611
            ],
            [
              4.745,
              44.668611
            ],
            [
              4.851389,
              44.666667
            ],
            [
              5.023056,
              44.666667
            ],
            [
              5.023056,
              44.594167
            ],
            [
              5.3625,
              44.521944
            ],
            [
              5.366667,
              44.363889
            ],
            [
              5.271667,
              44.094167
            ],
            [
              4.949444,
              44.288889
            ],
            [
              5.014444,
              43.945556
            ],
            [
              5.074444,
              43.8275
            ],
            [
              5.054444,
              43.821667
            ],
            [
              4.9725,
              43.802778
            ],
            [
              4.966667,
              43.771944
            ],
            [
              5.033056,
              43.65
            ],
            [
              5.054167,
              43.581667
            ],
            [
              4.991111,
              43.628333
            ],
            [
              4.900278,
              43.810278
            ],
            [
              4.841667,
              43.805556
            ],
            [
              4.780556,
              43.816667
            ],
            [
              4.643889,
              43.8
            ],
            [
              4.551667,
              43.858056
            ]
          ]
        ]
      },
      "properties": {
        "name": "PROVENCE MB QFU31",
        "owner": "MM",
        "owners": [
          "MB",
          "ME",
          "MMW",
          "RAW",
          "MM"
        ],
        "min": 105,
        "cur": 110,
        "max": 144,
        "color_hex": "#909967",
        "stroke": "#909967",
        "stroke-width": 1,
        "stroke-opacity": 0.7,
        "fill": "#909967",
        "fill-opacity": 0.3
      }
    },
    {
      "type": "Feature",
      "geometry": {
        "type": "Polygon",
        "coordinates": [
          [
            [
              5.271667,
              44.094167
            ],
            [
              5.366667,
              44.363889
            ],
            [
              5.3625,
              44.521944
            ],
            [
              5.023056,
              44.594167
            ],
            [
              5.023056,
              44.666667
            ],
            [
              4.851389,
              44.666667
            ],
            [
              4.745,
              44.668611
            ],
            [
              4.454444,
              44.668611
            ],
            [
              4.221944,
              44.668056
            ],
            [
              4.336389,
              44.033056
            ],
            [
              4.437222,
              43.948333
            ],
            [
              4.525,
              43.875
            ],
            [
              4.551667,
              43.858056
            ],
            [
              4.643889,
              43.8
            ],
            [
              4.787778,
              43.710278
            ],
            [
              5.027222,
              43.555278
            ],
            [
              5.186111,
              43.4525
            ],
            [
              5.186944,
              43.460278
            ],
            [
              5.119167,
              43.522222
            ],
            [
              5.054167,
              43.581667
            ],
            [
              5.033056,
              43.65
            ],
            [
              4.966667,
              43.771944
            ],
            [
              4.9725,
              43.802778
            ],
            [
              5.054444,
              43.821667
            ],
            [
              5.074444,
              43.8275
            ],
            [
              5.014444,
              43.945556
            ],
            [
              4.949444,
              44.288889
            ],
            [
              5.271667,
              44.094167
            ]
          ]
        ]
      },
      "properties": {
        "name": "PROVENCE MB QFU31",
        "owner": "MM",
        "owners": [
          "MB",
          "ME",
          "MMW",
          "RAW",
          "MM"
        ],
        "min": 65,
        "cur": 110,
        "max": 144,
        "color_hex": "#909967",
        "stroke": "#909967",
        "stroke-width": 1,
        "stroke-opacity": 0.7,
        "fill": "#909967",
        "fill-opacity": 0.3
      }
    },
    {
      "type": "Feature",
      "geometry": {
        "type": "Polygon",
        "coordinates": [
          [
            [
              5.220556,
              43.861111
            ],
            [
              5.054444,
              43.821667
            ],
            [
              4.9725,
              43.802778
            ],
            [
              4.966667,
              43.771944
            ],
            [
              5.033056,
              43.65
            ],
            [
              5.054167,
              43.581667
            ],
            [
              4.991111,
              43.628333
            ],
            [
              4.900278,
              43.810278
            ],
            [
              4.856389,
              43.898056
            ],
            [
              4.815,
              44.001389
            ],
            [
              4.789444,
              44.1
            ],
            [
              4.723611,
              44.356667
            ],
            [
              4.678056,
              44.383056
            ],
            [
              4.635833,
              44.437778
            ],
            [
              4.336389,
              44.033056
            ],
            [
              4.221944,
              44.668056
            ],
            [
              4.454444,
              44.668611
            ],
            [
              4.745,
              44.668611
            ],
            [
              4.851389,
              44.666667
            ],
            [
              5.023056,
              44.666667
            ],
            [
              5.023056,
              44.594167
            ],
            [
              5.3625,
              44.521944
            ],
            [
              5.366667,
              44.363889
            ],
            [
              5.271667,
              44.094167
            ],
            [
              5.365278,
              43.871667
            ],
            [
              5.210556,
              43.889167
            ],
            [
              5.220556,
              43.861111
            ]
          ]
        ]
      },
      "properties": {
        "name": "PROVENCE MB QFU13",
        "owner": "MM",
        "owners": [
          "MB",
          "ME",
          "MMW",
          "RAW",
          "MM"
        ],
        "min": 105,
        "cur": 110,
        "max": 144,
        "color_hex": "#909967",
        "stroke": "#909967",
        "stroke-width": 1,
        "stroke-opacity": 0.7,
        "fill": "#909967",
        "fill-opacity": 0.3
      }
    },
    {
      "type": "Feature",
      "geometry": {
        "type": "Polygon",
        "coordinates": [
          [
            [
              4.780556,
              43.816667
            ],
            [
              4.841667,
              43.805556
            ],
            [
              4.900278,
              43.810278
            ],
            [
              4.991111,
              43.628333
            ],
            [
              5.054167,
              43.581667
            ],
            [
              5.119167,
              43.522222
            ],
            [
              5.217778,
              43.432222
            ],
            [
              5.027222,
              43.555278
            ],
            [
              4.787778,
              43.710278
            ],
            [
              4.643889,
              43.8
            ],
            [
              4.780556,
              43.816667
            ]
          ]
        ]
      },
      "properties": {
        "name": "PROVENCE MAC9 QFU13",
        "owner": "MM",
        "owners": [
          "MAC",
          "ME",
          "MMW",
          "RAW",
          "MM"
        ],
        "min": 45,
        "cur": 110,
        "max": 144,
        "color_hex": "#909967",
        "stroke": "#909967",
        "stroke-width": 1,
        "stroke-opacity": 0.7,
        "fill": "#909967",
        "fill-opacity": 0.3
      }
    },
    {
      "type": "Feature",
      "geometry": {
        "type": "Polygon",
        "coordinates": [
          [
            [
              5.186944,
              43.460278
            ],
            [
              5.186111,
              43.4525
            ],
            [
              5.217778,
              43.432222
            ],
            [
              5.248611,
              43.421667
            ],
            [
              5.268611,
              43.581111
            ],
            [
              5.296667,
              43.645
            ],
            [
              5.22,
              43.701667
            ],
            [
              5.135,
              43.706944
            ],
            [
              5.199444,
              43.578889
            ],
            [
              5.186944,
              43.460278
            ]
          ]
        ]
      },
      "properties": {
        "name": "PROVENCE MAC8 QFU31",
        "owner": "MM",
        "owners": [
          "MAC",
          "ME",
          "MMW",
          "RAW",
          "MM"
        ],
        "min": 75,
        "cur": 110,
        "max": 144,
        "color_hex": "#909967",
        "stroke": "#909967",
        "stroke-width": 1,
        "stroke-opacity": 0.7,
        "fill": "#909967",
        "fill-opacity": 0.3
      }
    },
    {
      "type": "Feature",
      "geometry": {
        "type": "Polygon",
        "coordinates": [
          [
            [
              5.135,
              43.706944
            ],
            [
              5.22,
              43.701667
            ],
            [
              5.296667,
              43.645
            ],
            [
              5.442778,
              43.680556
            ],
            [
              5.365278,
              43.871667
            ],
            [
              5.210556,
              43.889167
            ],
            [
              5.220556,
              43.861111
            ],
            [
              5.074444,
              43.8275
            ],
            [
              5.135,
              43.706944
            ]
          ]
        ]
      },
      "properties": {
        "name": "PROVENCE MAC7-S QFU31",
        "owner": "MM",
        "owners": [
          "MAC",
          "ME",
          "MMW",
          "RAW",
          "MM"
        ],
        "min": 105,
        "cur": 110,
        "max": 144,
        "color_hex": "#909967",
        "stroke": "#909967",
        "stroke-width": 1,
        "stroke-opacity": 0.7,
        "fill": "#909967",
        "fill-opacity": 0.3
      }
    },
    {
      "type": "Feature",
      "geometry": {
        "type": "Polygon",
        "coordinates": [
          [
            [
              5.271667,
              44.094167
            ],
            [
              5.365278,
              43.871667
            ],
            [
              5.210556,
              43.889167
            ],
            [
              5.220556,
              43.861111
            ],
            [
              5.074444,
              43.8275
            ],
            [
              5.014444,
              43.945556
            ],
            [
              4.949444,
              44.288889
            ],
            [
              5.271667,
              44.094167
            ]
          ]
        ]
      },
      "properties": {
        "name": "PROVENCE MAC7-N QFU31",
        "owner": "MM",
        "owners": [
          "MAC",
          "ME",
          "MMW",
          "RAW",
          "MM"
        ],
        "min": 105,
        "cur": 110,
        "max": 144,
        "color_hex": "#909967",
        "stroke": "#909967",
        "stroke-width": 1,
        "stroke-opacity": 0.7,
        "fill": "#909967",
        "fill-opacity": 0.3
      }
    },
    {
      "type": "Feature",
      "geometry": {
        "type": "Polygon",
        "coordinates": [
          [
            [
              5.633056,
              43.340556
            ],
            [
              5.633056,
              43.166667
            ],
            [
              5.6325,
              43.076667
            ],
            [
              5.633056,
              43.033056
            ],
            [
              5.866667,
              43.175
            ],
            [
              6.025,
              43.143889
            ],
            [
              6.023056,
              43.158056
            ],
            [
              6.020833,
              43.175
            ],
            [
              6.003056,
              43.313611
            ],
            [
              5.633056,
              43.340556
            ]
          ]
        ]
      },
      "properties": {
        "name": "PROVENCE MAC6 QFU13",
        "owner": "MM",
        "owners": [
          "MAC",
          "ME",
          "MMW",
          "RAW",
          "MM"
        ],
        "min": 75,
        "cur": 110,
        "max": 114,
        "color_hex": "#909967",
        "stroke": "#909967",
        "stroke-width": 1,
        "stroke-opacity": 0.7,
        "fill": "#909967",
        "fill-opacity": 0.3
      }
    },
    {
      "type": "Feature",
      "geometry": {
        "type": "Polygon",
        "coordinates": [
          [
            [
              5.488889,
              43.350556
            ],
            [
              5.409167,
              43.356111
            ],
            [
              5.382222,
              43.358056
            ],
            [
              5.388056,
              43.252778
            ],
            [
              5.390556,
              43.211667
            ],
            [
              5.6325,
              43.076667
            ],
            [
              5.633056,
              43.166667
            ],
            [
              5.487778,
              43.166667
            ],
            [
              5.488889,
              43.350556
            ]
          ]
        ]
      },
      "properties": {
        "name": "PROVENCE MAC5",
        "owner": "MM",
        "owners": [
          "MAC",
          "ME",
          "MMW",
          "RAW",
          "MM"
        ],
        "min": 45,
        "cur": 110,
        "max": 144,
        "color_hex": "#909967",
        "stroke": "#909967",
        "stroke-width": 1,
        "stroke-opacity": 0.7,
        "fill": "#909967",
        "fill-opacity": 0.3
      }
    },
    {
      "type": "Feature",
      "geometry": {
        "type": "Polygon",
        "coordinates": [
          [
            [
              5.488889,
              43.350556
            ],
            [
              5.633056,
              43.340556
            ],
            [
              5.633056,
              43.166667
            ],
            [
              5.487778,
              43.166667
            ],
            [
              5.488889,
              43.350556
            ]
          ]
        ]
      },
      "properties": {
        "name": "PROVENCE MAC4",
        "owner": "MM",
        "owners": [
          "MAC",
          "ME",
          "MMW",
          "RAW",
          "MM"
        ],
        "min": 45,
        "cur": 110,
        "max": 114,
        "color_hex": "#909967",
        "stroke": "#909967",
        "stroke-width": 1,
        "stroke-opacity": 0.7,
        "fill": "#909967",
        "fill-opacity": 0.3
      }
    },
    {
      "type": "Feature",
      "geometry": {
        "type": "Polygon",
        "coordinates": [
          [
            [
              4.780556,
              43.816667
            ],
            [
              4.841667,
              43.805556
            ],
            [
              4.900278,
              43.810278
            ],
            [
              4.856389,
              43.898056
            ],
            [
              4.815,
              44.001389
            ],
            [
              4.723611,
              44.356667
            ],
            [
              4.678056,
              44.383056
            ],
            [
              4.635833,
              44.437778
            ],
            [
              4.336389,
              44.033056
            ],
            [
              4.437222,
              43.948333
            ],
            [
              4.525,
              43.875
            ],
            [
              4.551667,
              43.858056
            ],
            [
              4.643889,
              43.8
            ],
            [
              4.780556,
              43.816667
            ]
          ]
        ]
      },
      "properties": {
        "name": "PROVENCE MAC10 QFU13",
        "owner": "MM",
        "owners": [
          "MAC",
          "ME",
          "MMW",
          "RAW",
          "MM"
        ],
        "min": 65,
        "cur": 110,
        "max": 144,
        "color_hex": "#909967",
        "stroke": "#909967",
        "stroke-width": 1,
        "stroke-opacity": 0.7,
        "fill": "#909967",
        "fill-opacity": 0.3
      }
    },
    {
      "type": "Feature",
      "geometry": {
        "type": "Polygon",
        "coordinates": [
          [
            [
              5.027222,
              43.555278
            ],
            [
              4.787778,
              43.710278
            ],
            [
              4.643889,
              43.8
            ],
            [
              4.500278,
              43.561389
            ],
            [
              4.487778,
              43.285
            ],
            [
              4.486111,
              43.252778
            ],
            [
              4.283056,
              43.0
            ],
            [
              4.283056,
              42.5
            ],
            [
              5.633056,
              42.5
            ],
            [
              5.633056,
              42.666667
            ],
            [
              5.633056,
              43.033056
            ],
            [
              5.6325,
              43.076667
            ],
            [
              5.390556,
              43.211667
            ],
            [
              5.388056,
              43.252778
            ],
            [
              5.382222,
              43.358056
            ],
            [
              5.380278,
              43.376389
            ],
            [
              5.248611,
              43.421667
            ],
            [
              5.217778,
              43.432222
            ],
            [
              5.186111,
              43.4525
            ],
            [
              5.027222,
              43.555278
            ]
          ]
        ]
      },
      "properties": {
        "name": "PROVENCE MAC1 QFU31",
        "owner": "MM",
        "owners": [
          "MAC",
          "ME",
          "MMW",
          "RAW",
          "MM"
        ],
        "min": 25,
        "cur": 110,
        "max": 144,
        "color_hex": "#909967",
        "stroke": "#909967",
        "stroke-width": 1,
        "stroke-opacity": 0.7,
        "fill": "#909967",
        "fill-opacity": 0.3
      }
    },
    {
      "type": "Feature",
      "geometry": {
        "type": "Polygon",
        "coordinates": [
          [
            [
              4.643889,
              43.8
            ],
            [
              4.500278,
              43.561389
            ],
            [
              4.487778,
              43.285
            ],
            [
              4.486111,
              43.252778
            ],
            [
              4.283056,
              43.0
            ],
            [
              4.283056,
              42.5
            ],
            [
              5.633056,
              42.5
            ],
            [
              5.633056,
              42.666667
            ],
            [
              5.633056,
              43.033056
            ],
            [
              5.6325,
              43.076667
            ],
            [
              5.390556,
              43.211667
            ],
            [
              5.388056,
              43.252778
            ],
            [
              5.382222,
              43.358056
            ],
            [
              5.380278,
              43.376389
            ],
            [
              5.217778,
              43.432222
            ],
            [
              5.027222,
              43.555278
            ],
            [
              4.787778,
              43.710278
            ],
            [
              4.643889,
              43.8
            ]
          ]
        ]
      },
      "properties": {
        "name": "PROVENCE MAC1 QFU13",
        "owner": "MM",
        "owners": [
          "MAC",
          "ME",
          "MMW",
          "RAW",
          "MM"
        ],
        "min": 25,
        "cur": 110,
        "max": 144,
        "color_hex": "#909967",
        "stroke": "#909967",
        "stroke-width": 1,
        "stroke-opacity": 0.7,
        "fill": "#909967",
        "fill-opacity": 0.3
      }
    },
    {
      "type": "Feature",
      "geometry": {
        "type": "Polygon",
        "coordinates": [
          [
            [
              4.160556,
              43.625278
            ],
            [
              4.308056,
              43.5
            ],
            [
              4.208056,
              43.393889
            ],
            [
              4.487778,
              43.285
            ],
            [
              4.494167,
              43.433889
            ],
            [
              4.500278,
              43.561389
            ],
            [
              4.286111,
              43.601389
            ],
            [
              4.160556,
              43.625278
            ]
          ]
        ]
      },
      "properties": {
        "name": "PROVENCE MAC",
        "owner": "MM",
        "owners": [
          "MAC",
          "ME",
          "MMW",
          "RAW",
          "MM"
        ],
        "min": 95,
        "cur": 110,
        "max": 144,
        "color_hex": "#909967",
        "stroke": "#909967",
        "stroke-width": 1,
        "stroke-opacity": 0.7,
        "fill": "#909967",
        "fill-opacity": 0.3
      }
    },
    {
      "type": "Feature",
      "geometry": {
        "type": "Polygon",
        "coordinates": [
          [
            [
              6.487778,
              43.328889
            ],
            [
              6.341667,
              43.476389
            ],
            [
              6.222222,
              43.474444
            ],
            [
              6.221944,
              43.675
            ],
            [
              5.983056,
              43.625
            ],
            [
              5.983056,
              43.470556
            ],
            [
              6.003056,
              43.313611
            ],
            [
              6.020833,
              43.175
            ],
            [
              6.043056,
              43.175
            ],
            [
              6.2475,
              43.175278
            ],
            [
              6.266667,
              43.175
            ],
            [
              6.487778,
              43.148056
            ],
            [
              6.487778,
              43.188611
            ],
            [
              6.487778,
              43.253333
            ],
            [
              6.487778,
              43.267778
            ],
            [
              6.487778,
              43.328889
            ]
          ]
        ]
      },
      "properties": {
        "name": "NICE NO2",
        "owner": "MM",
        "owners": [
          "NO",
          "MME",
          "RAE",
          "MM"
        ],
        "min": 35,
        "cur": 110,
        "max": 114,
        "color_hex": "#909967",
        "stroke": "#909967",
        "stroke-width": 1,
        "stroke-opacity": 0.7,
        "fill": "#909967",
        "fill-opacity": 0.3
      }
    },
    {
      "type": "Feature",
      "geometry": {
        "type": "Polygon",
        "coordinates": [
          [
            [
              6.581667,
              43.643056
            ],
            [
              6.505556,
              43.625
            ],
            [
              6.341667,
              43.625
            ],
            [
              6.320556,
              43.625
            ],
            [
              6.221944,
              43.675
            ],
            [
              6.222222,
              43.474444
            ],
            [
              6.341667,
              43.476389
            ],
            [
              6.487778,
              43.328889
            ],
            [
              6.705556,
              43.306944
            ],
            [
              6.705556,
              43.575556
            ],
            [
              6.631667,
              43.655556
            ],
            [
              6.581667,
              43.643056
            ]
          ]
        ]
      },
      "properties": {
        "name": "NICE NO1",
        "owner": "MM",
        "owners": [
          "NO",
          "MME",
          "RAE",
          "MM"
        ],
        "min": 0,
        "cur": 110,
        "max": 144,
        "color_hex": "#909967",
        "stroke": "#909967",
        "stroke-width": 1,
        "stroke-opacity": 0.7,
        "fill": "#909967",
        "fill-opacity": 0.3
      }
    },
    {
      "type": "Feature",
      "geometry": {
        "type": "Polygon",
        "coordinates": [
          [
            [
              8.5475,
              43.506389
            ],
            [
              8.123611,
              42.8175
            ],
            [
              7.958889,
              42.750556
            ],
            [
              7.9225,
              42.735556
            ],
            [
              7.9225,
              43.153056
            ],
            [
              7.628611,
              43.178611
            ],
            [
              7.606111,
              43.223611
            ],
            [
              7.581667,
              43.261944
            ],
            [
              7.559722,
              43.305556
            ],
            [
              7.568333,
              43.307778
            ],
            [
              8.0375,
              43.431111
            ],
            [
              8.321667,
              43.570278
            ],
            [
              8.406667,
              43.5475
            ],
            [
              8.5475,
              43.506389
            ]
          ]
        ]
      },
      "properties": {
        "name": "NICE NE2",
        "owner": "MM",
        "owners": [
          "NE",
          "NO",
          "MME",
          "RAE",
          "MM"
        ],
        "min": 0,
        "cur": 110,
        "max": 144,
        "color_hex": "#909967",
        "stroke": "#909967",
        "stroke-width": 1,
        "stroke-opacity": 0.7,
        "fill": "#909967",
        "fill-opacity": 0.3
      }
    },
    {
      "type": "Feature",
      "geometry": {
        "type": "Polygon",
        "coordinates": [
          [
            [
              7.559722,
              43.305556
            ],
            [
              7.480833,
              43.4625
            ],
            [
              7.8375,
              43.701944
            ],
            [
              8.321667,
              43.570278
            ],
            [
              8.0375,
              43.431111
            ],
            [
              7.568333,
              43.307778
            ],
            [
              7.559722,
              43.305556
            ]
          ]
        ]
      },
      "properties": {
        "name": "NICE NE1-SE",
        "owner": "MM",
        "owners": [
          "NE",
          "NO",
          "MME",
          "RAE",
          "MM"
        ],
        "min": 0,
        "cur": 110,
        "max": 174,
        "color_hex": "#909967",
        "stroke": "#909967",
        "stroke-width": 1,
        "stroke-opacity": 0.7,
        "fill": "#909967",
        "fill-opacity": 0.3
      }
    },
    {
      "type": "Feature",
      "geometry": {
        "type": "Polygon",
        "coordinates": [
          [
            [
              7.873611,
              43.946944
            ],
            [
              7.591944,
              43.7675
            ],
            [
              7.529722,
              43.783889
            ],
            [
              7.529167,
              43.789722
            ],
            [
              7.520278,
              43.800833
            ],
            [
              7.5175,
              43.805833
            ],
            [
              7.514167,
              43.817778
            ],
            [
              7.51,
              43.828611
            ],
            [
              7.508611,
              43.834722
            ],
            [
              7.506944,
              43.84
            ],
            [
              7.506944,
              43.841667
            ],
            [
              7.498611,
              43.845833
            ],
            [
              7.495,
              43.857222
            ],
            [
              7.496111,
              43.864167
            ],
            [
              7.499167,
              43.865
            ],
            [
              7.499444,
              43.8675
            ],
            [
              7.4975,
              43.871111
            ],
            [
              7.5025,
              43.874722
            ],
            [
              7.507222,
              43.8775
            ],
            [
              7.51,
              43.880278
            ],
            [
              7.510278,
              43.881944
            ],
            [
              7.511944,
              43.883333
            ],
            [
              7.512778,
              43.885
            ],
            [
              7.517222,
              43.882222
            ],
            [
              7.520833,
              43.886389
            ],
            [
              7.5275,
              43.886667
            ],
            [
              7.531944,
              43.890278
            ],
            [
              7.535,
              43.891111
            ],
            [
              7.539722,
              43.893333
            ],
            [
              7.550556,
              43.894167
            ],
            [
              7.560833,
              43.898611
            ],
            [
              7.5625,
              43.903333
            ],
            [
              7.561944,
              43.908611
            ],
            [
              7.558889,
              43.915278
            ],
            [
              7.558056,
              43.917778
            ],
            [
              7.568056,
              43.923056
            ],
            [
              7.568056,
              43.927222
            ],
            [
              7.570833,
              43.928889
            ],
            [
              7.570278,
              43.932222
            ],
            [
              7.573611,
              43.936667
            ],
            [
              7.566667,
              43.943056
            ],
            [
              7.569722,
              43.945278
            ],
            [
              7.569444,
              43.947222
            ],
            [
              7.575278,
              43.945833
            ],
            [
              7.575,
              43.948056
            ],
            [
              7.579167,
              43.949444
            ],
            [
              7.581667,
              43.948611
            ],
            [
              7.584722,
              43.953056
            ],
            [
              7.589444,
              43.955
            ],
            [
              7.5975,
              43.956389
            ],
            [
              7.601389,
              43.9575
            ],
            [
              7.611111,
              43.954444
            ],
            [
              7.619722,
              43.96
            ],
            [
              7.628889,
              43.963056
            ],
            [
              7.6375,
              43.969167
            ],
            [
              7.644167,
              43.973889
            ],
            [
              7.652778,
              43.974167
            ],
            [
              7.653333,
              43.975556
            ],
            [
              7.655556,
              43.9775
            ],
            [
              7.656389,
              43.985278
            ],
            [
              7.663333,
              43.986389
            ],
            [
              7.663333,
              43.991667
            ],
            [
              7.67,
              43.998333
            ],
            [
              7.666944,
              44.006667
            ],
            [
              7.663889,
              44.012222
            ],
            [
              7.662222,
              44.018889
            ],
            [
              7.6625,
              44.021389
            ],
            [
              7.661667,
              44.023056
            ],
            [
              7.663056,
              44.028889
            ],
            [
              7.666389,
              44.031111
            ],
            [
              7.675278,
              44.029722
            ],
            [
              7.6775,
              44.032778
            ],
            [
              7.689722,
              44.039444
            ],
            [
              7.700556,
              44.040556
            ],
            [
              7.703333,
              44.046667
            ],
            [
              7.703056,
              44.050278
            ],
            [
              7.708056,
              44.057778
            ],
            [
              7.7125,
              44.061111
            ],
            [
              7.751667,
              44.023056
            ],
            [
              7.828889,
              43.974722
            ],
            [
              7.873611,
              43.946944
            ]
          ]
        ]
      },
      "properties": {
        "name": "NICE NE1-IF03",
        "owner": "MM",
        "owners": [
          "NE",
          "NO",
          "MME",
          "RAE",
          "MM"
        ],
        "min": 95,
        "cur": 110,
        "max": 174,
        "color_hex": "#909967",
        "stroke": "#909967",
        "stroke-width": 1,
        "stroke-opacity": 0.7,
        "fill": "#909967",
        "fill-opacity": 0.3
      }
    },
    {
      "type": "Feature",
      "geometry": {
        "type": "Polygon",
        "coordinates": [
          [
            [
              7.51,
              43.828611
            ],
            [
              7.514167,
              43.817778
            ],
            [
              7.5175,
              43.805833
            ],
            [
              7.520278,
              43.800833
            ],
            [
              7.529167,
              43.789722
            ],
            [
              7.529722,
              43.783889
            ],
            [
              7.591944,
              43.7675
            ],
            [
              7.8375,
              43.701944
            ],
            [
              7.480833,
              43.4625
            ],
            [
              7.4125,
              43.600278
            ],
            [
              7.377222,
              43.671389
            ],
            [
              7.206389,
              43.723056
            ],
            [
              7.185,
              43.73
            ],
            [
              7.159167,
              43.854167
            ],
            [
              7.51,
              43.828611
            ]
          ]
        ]
      },
      "properties": {
        "name": "NICE NE1",
        "owner": "MM",
        "owners": [
          "NE",
          "NO",
          "MME",
          "RAE",
          "MM"
        ],
        "min": 100,
        "cur": 110,
        "max": 174,
        "color_hex": "#909967",
        "stroke": "#909967",
        "stroke-width": 1,
        "stroke-opacity": 0.7,
        "fill": "#909967",
        "fill-opacity": 0.3
      }
    },
    {
      "type": "Feature",
      "geometry": {
        "type": "Polygon",
        "coordinates": [
          [
            [
              7.285556,
              44.142222
            ],
            [
              7.287778,
              44.144444
            ],
            [
              7.290833,
              44.145556
            ],
            [
              7.297778,
              44.146111
            ],
            [
              7.307222,
              44.146111
            ],
            [
              7.314722,
              44.144444
            ],
            [
              7.323333,
              44.143611
            ],
            [
              7.3325,
              44.144167
            ],
            [
              7.3375,
              44.145
            ],
            [
              7.343333,
              44.145278
            ],
            [
              7.345556,
              44.143889
            ],
            [
              7.346111,
              44.140556
            ],
            [
              7.346667,
              44.136944
            ],
            [
              7.346389,
              44.135278
            ],
            [
              7.347222,
              44.131667
            ],
            [
              7.352778,
              44.125556
            ],
            [
              7.355,
              44.119722
            ],
            [
              7.361944,
              44.117222
            ],
            [
              7.3725,
              44.118611
            ],
            [
              7.380833,
              44.121667
            ],
            [
              7.386944,
              44.124722
            ],
            [
              7.395833,
              44.123611
            ],
            [
              7.402222,
              44.120556
            ],
            [
              7.411111,
              44.119167
            ],
            [
              7.416667,
              44.115278
            ],
            [
              7.426389,
              44.113611
            ],
            [
              7.428889,
              44.1175
            ],
            [
              7.4275,
              44.123333
            ],
            [
              7.430556,
              44.129167
            ],
            [
              7.439722,
              44.128333
            ],
            [
              7.450833,
              44.1275
            ],
            [
              7.457778,
              44.126944
            ],
            [
              7.464444,
              44.129167
            ],
            [
              7.474722,
              44.131944
            ],
            [
              7.484722,
              44.134444
            ],
            [
              7.491111,
              44.137222
            ],
            [
              7.495556,
              44.14
            ],
            [
              7.500278,
              44.141944
            ],
            [
              7.506111,
              44.143056
            ],
            [
              7.509444,
              44.142222
            ],
            [
              7.512222,
              44.140556
            ],
            [
              7.516667,
              44.138056
            ],
            [
              7.523611,
              44.138611
            ],
            [
              7.5275,
              44.140833
            ],
            [
              7.530833,
              44.146111
            ],
            [
              7.531389,
              44.146389
            ],
            [
              7.534444,
              44.147222
            ],
            [
              7.538056,
              44.146667
            ],
            [
              7.542222,
              44.146111
            ],
            [
              7.549167,
              44.146111
            ],
            [
              7.555,
              44.148056
            ],
            [
              7.558611,
              44.1525
            ],
            [
              7.564722,
              44.153611
            ],
            [
              7.575556,
              44.1525
            ],
            [
              7.586111,
              44.1525
            ],
            [
              7.602222,
              44.152222
            ],
            [
              7.616944,
              44.152222
            ],
            [
              7.624722,
              44.156111
            ],
            [
              7.629444,
              44.163056
            ],
            [
              7.631389,
              44.172222
            ],
            [
              7.64,
              44.176667
            ],
            [
              7.645,
              44.176944
            ],
            [
              7.664444,
              44.176667
            ],
            [
              7.673056,
              44.178889
            ],
            [
              7.682778,
              44.175556
            ],
            [
              7.683611,
              44.168333
            ],
            [
              7.679722,
              44.161944
            ],
            [
              7.671944,
              44.158333
            ],
            [
              7.671111,
              44.153056
            ],
            [
              7.680556,
              44.1475
            ],
            [
              7.678611,
              44.142222
            ],
            [
              7.670833,
              44.137778
            ],
            [
              7.667222,
              44.1275
            ],
            [
              7.678889,
              44.118056
            ],
            [
              7.6875,
              44.111667
            ],
            [
              7.693889,
              44.103056
            ],
            [
              7.702778,
              44.093056
            ],
            [
              7.712778,
              44.086111
            ],
            [
              7.718611,
              44.081667
            ],
            [
              7.714167,
              44.076389
            ],
            [
              7.714722,
              44.068333
            ],
            [
              7.7125,
              44.061111
            ],
            [
              7.708056,
              44.057778
            ],
            [
              7.703056,
              44.050278
            ],
            [
              7.703333,
              44.046667
            ],
            [
              7.700556,
              44.040556
            ],
            [
              7.689722,
              44.039444
            ],
            [
              7.6775,
              44.032778
            ],
            [
              7.675278,
              44.029722
            ],
            [
              7.666389,
              44.031111
            ],
            [
              7.663056,
              44.028889
            ],
            [
              7.661667,
              44.023056
            ],
            [
              7.6625,
              44.021389
            ],
            [
              7.662222,
              44.018889
            ],
            [
              7.663889,
              44.012222
            ],
            [
              7.666944,
              44.006667
            ],
            [
              7.67,
              43.998333
            ],
            [
              7.663333,
              43.991667
            ],
            [
              7.663333,
              43.986389
            ],
            [
              7.656389,
              43.985278
            ],
            [
              7.655556,
              43.9775
            ],
            [
              7.653333,
              43.975556
            ],
            [
              7.652778,
              43.974167
            ],
            [
              7.644167,
              43.973889
            ],
            [
              7.6375,
              43.969167
            ],
            [
              7.628889,
              43.963056
            ],
            [
              7.619722,
              43.96
            ],
            [
              7.611111,
              43.954444
            ],
            [
              7.601389,
              43.9575
            ],
            [
              7.5975,
              43.956389
            ],
            [
              7.589444,
              43.955
            ],
            [
              7.584722,
              43.953056
            ],
            [
              7.581667,
              43.948611
            ],
            [
              7.579167,
              43.949444
            ],
            [
              7.575,
              43.948056
            ],
            [
              7.575278,
              43.945833
            ],
            [
              7.569444,
              43.947222
            ],
            [
              7.569722,
              43.945278
            ],
            [
              7.566667,
              43.943056
            ],
            [
              7.573611,
              43.936667
            ],
            [
              7.570278,
              43.932222
            ],
            [
              7.570833,
              43.928889
            ],
            [
              7.568056,
              43.927222
            ],
            [
              7.568056,
              43.923056
            ],
            [
              7.558056,
              43.917778
            ],
            [
              7.558889,
              43.915278
            ],
            [
              7.561944,
              43.908611
            ],
            [
              7.5625,
              43.903333
            ],
            [
              7.560833,
              43.898611
            ],
            [
              7.550556,
              43.894167
            ],
            [
              7.539722,
              43.893333
            ],
            [
              7.535,
              43.891111
            ],
            [
              7.531944,
              43.890278
            ],
            [
              7.5275,
              43.886667
            ],
            [
              7.520833,
              43.886389
            ],
            [
              7.517222,
              43.882222
            ],
            [
              7.512778,
              43.885
            ],
            [
              7.511944,
              43.883333
            ],
            [
              7.510278,
              43.881944
            ],
            [
              7.51,
              43.880278
            ],
            [
              7.507222,
              43.8775
            ],
            [
              7.5025,
              43.874722
            ],
            [
              7.4975,
              43.871111
            ],
            [
              7.499444,
              43.8675
            ],
            [
              7.499167,
              43.865
            ],
            [
              7.496111,
              43.864167
            ],
            [
              7.495,
              43.857222
            ],
            [
              7.498611,
              43.845833
            ],
            [
              7.506944,
              43.841667
            ],
            [
              7.506944,
              43.84
            ],
            [
              7.508611,
              43.834722
            ],
            [
              7.51,
              43.828611
            ],
            [
              7.159167,
              43.854167
            ],
            [
              7.07,
              44.216389
            ],
            [
              7.043611,
              44.225556
            ],
            [
              7.0525,
              44.2275
            ],
            [
              7.0575,
              44.2275
            ],
            [
              7.063611,
              44.228333
            ],
            [
              7.065,
              44.231111
            ],
            [
              7.077222,
              44.231667
            ],
            [
              7.081667,
              44.229722
            ],
            [
              7.090278,
              44.223611
            ],
            [
              7.094167,
              44.220556
            ],
            [
              7.104444,
              44.219444
            ],
            [
              7.115,
              44.216667
            ],
            [
              7.119167,
              44.214722
            ],
            [
              7.1275,
              44.209722
            ],
            [
              7.137778,
              44.203333
            ],
            [
              7.146389,
              44.200833
            ],
            [
              7.150278,
              44.203056
            ],
            [
              7.155556,
              44.205
            ],
            [
              7.163056,
              44.2075
            ],
            [
              7.168333,
              44.204167
            ],
            [
              7.169167,
              44.201389
            ],
            [
              7.171667,
              44.2
            ],
            [
              7.176667,
              44.197778
            ],
            [
              7.181667,
              44.200278
            ],
            [
              7.189167,
              44.200278
            ],
            [
              7.188889,
              44.197222
            ],
            [
              7.192222,
              44.193889
            ],
            [
              7.191667,
              44.188889
            ],
            [
              7.195278,
              44.186944
            ],
            [
              7.2,
              44.186667
            ],
            [
              7.203056,
              44.184722
            ],
            [
              7.205833,
              44.179444
            ],
            [
              7.211111,
              44.177222
            ],
            [
              7.213889,
              44.174444
            ],
            [
              7.215833,
              44.170556
            ],
            [
              7.221111,
              44.169167
            ],
            [
              7.227222,
              44.168889
            ],
            [
              7.230556,
              44.171389
            ],
            [
              7.232778,
              44.174722
            ],
            [
              7.238333,
              44.173611
            ],
            [
              7.243333,
              44.170833
            ],
            [
              7.244167,
              44.168889
            ],
            [
              7.244722,
              44.165556
            ],
            [
              7.246389,
              44.161667
            ],
            [
              7.250833,
              44.157222
            ],
            [
              7.256667,
              44.153889
            ],
            [
              7.260833,
              44.147778
            ],
            [
              7.265833,
              44.146667
            ],
            [
              7.273333,
              44.144722
            ],
            [
              7.276111,
              44.143333
            ],
            [
              7.281389,
              44.140833
            ],
            [
              7.285556,
              44.142222
            ]
          ]
        ]
      },
      "properties": {
        "name": "NICE NE1",
        "owner": "MM",
        "owners": [
          "NE",
          "NO",
          "MME",
          "RAE",
          "MM"
        ],
        "min": 0,
        "cur": 110,
        "max": 174,
        "color_hex": "#909967",
        "stroke": "#909967",
        "stroke-width": 1,
        "stroke-opacity": 0.7,
        "fill": "#909967",
        "fill-opacity": 0.3
      }
    },
    {
      "type": "Feature",
      "geometry": {
        "type": "Polygon",
        "coordinates": [
          [
            [
              7.278889,
              43.251944
            ],
            [
              7.559722,
              43.305556
            ],
            [
              7.581667,
              43.261944
            ],
            [
              7.606111,
              43.223611
            ],
            [
              7.628611,
              43.178611
            ],
            [
              7.9225,
              43.153056
            ],
            [
              7.9225,
              42.735556
            ],
            [
              7.699167,
              42.643611
            ],
            [
              7.253056,
              42.867778
            ],
            [
              6.666667,
              42.833056
            ],
            [
              6.666667,
              43.066667
            ],
            [
              6.55,
              43.136667
            ],
            [
              6.487778,
              43.1375
            ],
            [
              6.487778,
              43.148056
            ],
            [
              6.487778,
              43.188611
            ],
            [
              6.487778,
              43.253333
            ],
            [
              6.487778,
              43.328889
            ],
            [
              6.705556,
              43.306944
            ],
            [
              7.278889,
              43.251944
            ]
          ]
        ]
      },
      "properties": {
        "name": "NICE ND2",
        "owner": "MM",
        "owners": [
          "ND",
          "NO",
          "MME",
          "RAE",
          "MM"
        ],
        "min": 35,
        "cur": 110,
        "max": 144,
        "color_hex": "#909967",
        "stroke": "#909967",
        "stroke-width": 1,
        "stroke-opacity": 0.7,
        "fill": "#909967",
        "fill-opacity": 0.3
      }
    },
    {
      "type": "Feature",
      "geometry": {
        "type": "Polygon",
        "coordinates": [
          [
            [
              7.591944,
              43.7675
            ],
            [
              7.8375,
              43.701944
            ],
            [
              8.049167,
              43.836667
            ],
            [
              7.961667,
              43.891944
            ],
            [
              7.873611,
              43.946944
            ],
            [
              7.591944,
              43.7675
            ]
          ]
        ]
      },
      "properties": {
        "name": "NICE ND1-IF04",
        "owner": "MM",
        "owners": [
          "ND",
          "NE",
          "NO",
          "MME",
          "RAE",
          "MM"
        ],
        "min": 95,
        "cur": 110,
        "max": 174,
        "color_hex": "#909967",
        "stroke": "#909967",
        "stroke-width": 1,
        "stroke-opacity": 0.7,
        "fill": "#909967",
        "fill-opacity": 0.3
      }
    },
    {
      "type": "Feature",
      "geometry": {
        "type": "Polygon",
        "coordinates": [
          [
            [
              7.025,
              44.231944
            ],
            [
              7.026944,
              44.230278
            ],
            [
              7.029167,
              44.231111
            ],
            [
              7.030278,
              44.231111
            ],
            [
              7.030556,
              44.230556
            ],
            [
              7.031111,
              44.229167
            ],
            [
              7.030833,
              44.228056
            ],
            [
              7.031389,
              44.226667
            ],
            [
              7.0325,
              44.225833
            ],
            [
              7.033611,
              44.225
            ],
            [
              7.035,
              44.224444
            ],
            [
              7.035833,
              44.224167
            ],
            [
              7.036944,
              44.224167
            ],
            [
              7.037778,
              44.223889
            ],
            [
              7.038611,
              44.223889
            ],
            [
              7.039722,
              44.224167
            ],
            [
              7.041111,
              44.224722
            ],
            [
              7.042222,
              44.225278
            ],
            [
              7.043056,
              44.225278
            ],
            [
              7.043611,
              44.225556
            ],
            [
              7.07,
              44.216389
            ],
            [
              7.159167,
              43.854167
            ],
            [
              7.185,
              43.73
            ],
            [
              7.206389,
              43.723056
            ],
            [
              7.377222,
              43.671389
            ],
            [
              7.4125,
              43.600278
            ],
            [
              7.480833,
              43.4625
            ],
            [
              7.559722,
              43.305556
            ],
            [
              7.278889,
              43.251944
            ],
            [
              6.705556,
              43.306944
            ],
            [
              6.705556,
              43.575556
            ],
            [
              6.631667,
              43.655556
            ],
            [
              6.733611,
              43.68
            ],
            [
              6.713611,
              43.771944
            ],
            [
              6.6475,
              44.081111
            ],
            [
              6.658889,
              44.088611
            ],
            [
              6.670556,
              44.095833
            ],
            [
              6.6825,
              44.103056
            ],
            [
              6.694444,
              44.110278
            ],
            [
              6.706667,
              44.117222
            ],
            [
              6.719167,
              44.123889
            ],
            [
              6.731667,
              44.130556
            ],
            [
              6.744444,
              44.137222
            ],
            [
              6.757222,
              44.143333
            ],
            [
              6.770278,
              44.149722
            ],
            [
              6.783333,
              44.155556
            ],
            [
              6.796667,
              44.161389
            ],
            [
              6.81,
              44.167222
            ],
            [
              6.823611,
              44.172778
            ],
            [
              6.837222,
              44.178056
            ],
            [
              6.851111,
              44.183333
            ],
            [
              6.865,
              44.188333
            ],
            [
              6.878889,
              44.193056
            ],
            [
              6.893056,
              44.197778
            ],
            [
              6.9075,
              44.2025
            ],
            [
              6.921667,
              44.206667
            ],
            [
              6.936111,
              44.210833
            ],
            [
              6.950833,
              44.214722
            ],
            [
              6.965278,
              44.218611
            ],
            [
              6.980278,
              44.222222
            ],
            [
              6.995,
              44.225833
            ],
            [
              7.01,
              44.228889
            ],
            [
              7.025,
              44.231944
            ]
          ]
        ]
      },
      "properties": {
        "name": "NICE ND1",
        "owner": "MM",
        "owners": [
          "ND",
          "NO",
          "MME",
          "RAE",
          "MM"
        ],
        "min": 35,
        "cur": 110,
        "max": 174,
        "color_hex": "#909967",
        "stroke": "#909967",
        "stroke-width": 1,
        "stroke-opacity": 0.7,
        "fill": "#909967",
        "fill-opacity": 0.3
      }
    },
    {
      "type": "Feature",
      "geometry": {
        "type": "Polygon",
        "coordinates": [
          [
            [
              4.160556,
              43.625278
            ],
            [
              4.308056,
              43.5
            ],
            [
              4.208056,
              43.393889
            ],
            [
              3.996944,
              43.475278
            ],
            [
              3.981667,
              43.481389
            ],
            [
              4.035556,
              43.555556
            ],
            [
              4.061389,
              43.6075
            ],
            [
              4.076944,
              43.640556
            ],
            [
              4.160556,
              43.625278
            ]
          ]
        ]
      },
      "properties": {
        "name": "MONTPELLIER FE3",
        "owner": "MM",
        "owners": [
          "FE",
          "MMW",
          "RAW",
          "MM"
        ],
        "min": 25,
        "cur": 110,
        "max": 114,
        "color_hex": "#909967",
        "stroke": "#909967",
        "stroke-width": 1,
        "stroke-opacity": 0.7,
        "fill": "#909967",
        "fill-opacity": 0.3
      }
    },
    {
      "type": "Feature",
      "geometry": {
        "type": "Polygon",
        "coordinates": [
          [
            [
              3.883056,
              43.864167
            ],
            [
              3.577778,
              44.25
            ],
            [
              2.904167,
              44.249444
            ],
            [
              2.821667,
              44.025833
            ],
            [
              2.709444,
              43.714722
            ],
            [
              3.535556,
              43.562778
            ],
            [
              3.549167,
              43.439722
            ],
            [
              3.555556,
              43.378889
            ],
            [
              3.81,
              43.363889
            ],
            [
              4.05,
              43.0
            ],
            [
              4.283056,
              43.0
            ],
            [
              4.486111,
              43.252778
            ],
            [
              4.487778,
              43.285
            ],
            [
              4.208056,
              43.393889
            ],
            [
              3.996944,
              43.475278
            ],
            [
              3.981667,
              43.481389
            ],
            [
              4.035556,
              43.555556
            ],
            [
              4.061389,
              43.6075
            ],
            [
              4.076944,
              43.640556
            ],
            [
              4.160556,
              43.625278
            ],
            [
              4.286111,
              43.601389
            ],
            [
              4.500278,
              43.561389
            ],
            [
              4.643889,
              43.8
            ],
            [
              4.551667,
              43.858056
            ],
            [
              4.525,
              43.875
            ],
            [
              4.437222,
              43.948333
            ],
            [
              4.336389,
              44.033056
            ],
            [
              4.246389,
              44.033056
            ],
            [
              3.883056,
              43.864167
            ]
          ]
        ]
      },
      "properties": {
        "name": "MONTPELLIER FE1",
        "owner": "MM",
        "owners": [
          "FE",
          "MMW",
          "RAW",
          "MM"
        ],
        "min": 25,
        "cur": 110,
        "max": 144,
        "color_hex": "#909967",
        "stroke": "#909967",
        "stroke-width": 1,
        "stroke-opacity": 0.7,
        "fill": "#909967",
        "fill-opacity": 0.3
      }
    },
    {
      "type": "Feature",
      "geometry": {
        "type": "Polygon",
        "coordinates": [
          [
            [
              2.069444,
              42.3625
            ],
            [
              2.25,
              42.433333
            ],
            [
              2.558333,
              42.333056
            ],
            [
              2.705556,
              42.424722
            ],
            [
              2.875833,
              42.465
            ],
            [
              2.949444,
              42.483056
            ],
            [
              3.0425,
              42.478056
            ],
            [
              3.099444,
              42.434444
            ],
            [
              3.166667,
              42.433333
            ],
            [
              3.375556,
              42.374722
            ],
            [
              3.508333,
              42.3575
            ],
            [
              3.564444,
              42.409167
            ],
            [
              3.489167,
              42.603056
            ],
            [
              3.250556,
              42.72
            ],
            [
              2.929167,
              42.875556
            ],
            [
              2.751944,
              42.853611
            ],
            [
              2.680556,
              42.845
            ],
            [
              2.6,
              42.712222
            ],
            [
              2.493889,
              42.805556
            ],
            [
              2.275,
              43.0
            ],
            [
              2.054167,
              42.806389
            ],
            [
              2.1,
              42.383056
            ],
            [
              2.069444,
              42.3625
            ]
          ]
        ]
      },
      "properties": {
        "name": "MONTPELLIER FA3",
        "owner": "MM",
        "owners": [
          "FA",
          "FE",
          "MMW",
          "RAW",
          "MM"
        ],
        "min": 20,
        "cur": 110,
        "max": 114,
        "color_hex": "#909967",
        "stroke": "#909967",
        "stroke-width": 1,
        "stroke-opacity": 0.7,
        "fill": "#909967",
        "fill-opacity": 0.3
      }
    },
    {
      "type": "Feature",
      "geometry": {
        "type": "Polygon",
        "coordinates": [
          [
            [
              3.549167,
              43.439722
            ],
            [
              3.555556,
              43.378889
            ],
            [
              3.81,
              43.363889
            ],
            [
              4.05,
              43.0
            ],
            [
              3.355556,
              43.0
            ],
            [
              3.338056,
              42.986944
            ],
            [
              3.489167,
              42.603056
            ],
            [
              3.250556,
              42.72
            ],
            [
              2.929167,
              42.875556
            ],
            [
              2.751944,
              42.853611
            ],
            [
              2.680556,
              42.845
            ],
            [
              2.6,
              42.712222
            ],
            [
              2.493889,
              42.805556
            ],
            [
              2.275,
              43.0
            ],
            [
              2.311389,
              43.031667
            ],
            [
              2.311667,
              43.031944
            ],
            [
              2.425556,
              43.130556
            ],
            [
              2.625,
              43.130833
            ],
            [
              2.66,
              43.213611
            ],
            [
              2.66,
              43.228611
            ],
            [
              2.706944,
              43.2125
            ],
            [
              2.709444,
              43.714722
            ],
            [
              3.535556,
              43.562778
            ],
            [
              3.549167,
              43.439722
            ]
          ]
        ]
      },
      "properties": {
        "name": "MONTPELLIER FA1",
        "owner": "MM",
        "owners": [
          "FA",
          "FE",
          "MMW",
          "RAW",
          "MM"
        ],
        "min": 20,
        "cur": 110,
        "max": 144,
        "color_hex": "#909967",
        "stroke": "#909967",
        "stroke-width": 1,
        "stroke-opacity": 0.7,
        "fill": "#909967",
        "fill-opacity": 0.3
      }
    },
    {
      "type": "Feature",
      "geometry": {
        "type": "Polygon",
        "coordinates": [
          [
            [
              4.310556,
              45.884444
            ],
            [
              4.383056,
              45.743056
            ],
            [
              4.616667,
              45.283056
            ],
            [
              4.533056,
              45.266667
            ],
            [
              4.638889,
              45.066667
            ],
            [
              4.851389,
              44.666667
            ],
            [
              4.745,
              44.668611
            ],
            [
              4.454444,
              44.668611
            ],
            [
              4.171667,
              44.904167
            ],
            [
              4.041944,
              45.136667
            ],
            [
              4.108889,
              45.581667
            ],
            [
              4.093333,
              45.609722
            ],
            [
              3.915,
              45.938333
            ],
            [
              4.310556,
              45.884444
            ]
          ]
        ]
      },
      "properties": {
        "name": "LYON VW3",
        "owner": "MM",
        "owners": [
          "VW",
          "MMW",
          "RAW",
          "MM"
        ],
        "min": 85,
        "cur": 110,
        "max": 144,
        "color_hex": "#909967",
        "stroke": "#909967",
        "stroke-width": 1,
        "stroke-opacity": 0.7,
        "fill": "#909967",
        "fill-opacity": 0.3
      }
    },
    {
      "type": "Feature",
      "geometry": {
        "type": "Polygon",
        "coordinates": [
          [
            [
              4.310556,
              45.884444
            ],
            [
              3.915,
              45.938333
            ],
            [
              3.898056,
              45.969167
            ],
            [
              3.853889,
              46.05
            ],
            [
              4.05,
              46.175
            ],
            [
              4.4,
              46.5
            ],
            [
              4.693056,
              46.250278
            ],
            [
              4.670556,
              46.218056
            ],
            [
              4.661389,
              46.203611
            ],
            [
              4.203611,
              46.086111
            ],
            [
              4.290278,
              45.923889
            ],
            [
              4.310556,
              45.884444
            ]
          ]
        ]
      },
      "properties": {
        "name": "LYON VW2-W QFU17",
        "owner": "MM",
        "owners": [
          "VW",
          "MMW",
          "RAW",
          "MM"
        ],
        "min": 85,
        "cur": 110,
        "max": 114,
        "color_hex": "#909967",
        "stroke": "#909967",
        "stroke-width": 1,
        "stroke-opacity": 0.7,
        "fill": "#909967",
        "fill-opacity": 0.3
      }
    },
    {
      "type": "Feature",
      "geometry": {
        "type": "Polygon",
        "coordinates": [
          [
            [
              4.4,
              46.5
            ],
            [
              4.674722,
              46.5
            ],
            [
              4.731111,
              46.306944
            ],
            [
              4.693056,
              46.250278
            ],
            [
              4.4,
              46.5
            ]
          ]
        ]
      },
      "properties": {
        "name": "LYON VW2-E QFU17",
        "owner": "MM",
        "owners": [
          "VE",
          "VW",
          "MMW",
          "RAW",
          "MM"
        ],
        "min": 85,
        "cur": 110,
        "max": 114,
        "color_hex": "#909967",
        "stroke": "#909967",
        "stroke-width": 1,
        "stroke-opacity": 0.7,
        "fill": "#909967",
        "fill-opacity": 0.3
      }
    },
    {
      "type": "Feature",
      "geometry": {
        "type": "Polygon",
        "coordinates": [
          [
            [
              4.731111,
              46.306944
            ],
            [
              4.670556,
              46.218056
            ],
            [
              4.661389,
              46.203611
            ],
            [
              4.203611,
              46.086111
            ],
            [
              4.290278,
              45.923889
            ],
            [
              4.310556,
              45.884444
            ],
            [
              3.915,
              45.938333
            ],
            [
              3.898056,
              45.969167
            ],
            [
              3.853889,
              46.05
            ],
            [
              4.05,
              46.175
            ],
            [
              4.4,
              46.5
            ],
            [
              4.674722,
              46.5
            ],
            [
              4.731111,
              46.306944
            ]
          ]
        ]
      },
      "properties": {
        "name": "LYON VW2 QFU35",
        "owner": "MM",
        "owners": [
          "VW",
          "MMW",
          "RAW",
          "MM"
        ],
        "min": 85,
        "cur": 110,
        "max": 114,
        "color_hex": "#909967",
        "stroke": "#909967",
        "stroke-width": 1,
        "stroke-opacity": 0.7,
        "fill": "#909967",
        "fill-opacity": 0.3
      }
    },
    {
      "type": "Feature",
      "geometry": {
        "type": "Polygon",
        "coordinates": [
          [
            [
              5.191667,
              44.850556
            ],
            [
              5.143333,
              45.279167
            ],
            [
              5.126111,
              45.43
            ],
            [
              5.111944,
              45.554722
            ],
            [
              5.090556,
              45.745278
            ],
            [
              5.090556,
              45.871667
            ],
            [
              5.109722,
              45.901389
            ],
            [
              5.407778,
              46.363333
            ],
            [
              5.606111,
              46.477222
            ],
            [
              5.586111,
              46.5
            ],
            [
              5.218611,
              46.5
            ],
            [
              5.161667,
              46.5
            ],
            [
              5.090278,
              46.5
            ],
            [
              5.016667,
              46.5
            ],
            [
              4.952778,
              46.5
            ],
            [
              4.833333,
              46.5
            ],
            [
              4.674722,
              46.5
            ],
            [
              4.731111,
              46.306944
            ],
            [
              4.670556,
              46.218056
            ],
            [
              4.661389,
              46.203611
            ],
            [
              4.203611,
              46.086111
            ],
            [
              4.290278,
              45.923889
            ],
            [
              4.310556,
              45.884444
            ],
            [
              4.383056,
              45.743056
            ],
            [
              4.616667,
              45.283056
            ],
            [
              4.533056,
              45.266667
            ],
            [
              4.638889,
              45.066667
            ],
            [
              4.851389,
              44.666667
            ],
            [
              5.023056,
              44.666667
            ],
            [
              5.191667,
              44.850556
            ]
          ]
        ]
      },
      "properties": {
        "name": "LYON VW1 QFU35",
        "owner": "MM",
        "owners": [
          "VW",
          "MMW",
          "RAW",
          "MM"
        ],
        "min": 35,
        "cur": 110,
        "max": 144,
        "color_hex": "#909967",
        "stroke": "#909967",
        "stroke-width": 1,
        "stroke-opacity": 0.7,
        "fill": "#909967",
        "fill-opacity": 0.3
      }
    },
    {
      "type": "Feature",
      "geometry": {
        "type": "Polygon",
        "coordinates": [
          [
            [
              4.693056,
              46.250278
            ],
            [
              4.670556,
              46.218056
            ],
            [
              4.661389,
              46.203611
            ],
            [
              4.203611,
              46.086111
            ],
            [
              4.290278,
              45.923889
            ],
            [
              4.310556,
              45.884444
            ],
            [
              4.383056,
              45.743056
            ],
            [
              4.616667,
              45.283056
            ],
            [
              4.533056,
              45.266667
            ],
            [
              4.638889,
              45.066667
            ],
            [
              4.851389,
              44.666667
            ],
            [
              5.023056,
              44.666667
            ],
            [
              5.191667,
              44.850556
            ],
            [
              5.184444,
              45.279167
            ],
            [
              5.181667,
              45.440556
            ],
            [
              5.111944,
              45.554722
            ],
            [
              5.090556,
              45.745556
            ],
            [
              5.090556,
              45.828611
            ],
            [
              5.026944,
              45.895556
            ],
            [
              4.693056,
              46.250278
            ]
          ]
        ]
      },
      "properties": {
        "name": "LYON VW1 QFU17",
        "owner": "MM",
        "owners": [
          "VW",
          "MMW",
          "RAW",
          "MM"
        ],
        "min": 35,
        "cur": 110,
        "max": 144,
        "color_hex": "#909967",
        "stroke": "#909967",
        "stroke-width": 1,
        "stroke-opacity": 0.7,
        "fill": "#909967",
        "fill-opacity": 0.3
      }
    },
    {
      "type": "Feature",
      "geometry": {
        "type": "Polygon",
        "coordinates": [
          [
            [
              5.717778,
              45.490278
            ],
            [
              5.725556,
              45.451111
            ],
            [
              5.788889,
              45.438056
            ],
            [
              6.075556,
              45.464167
            ],
            [
              6.087778,
              45.620556
            ],
            [
              5.983333,
              45.632222
            ],
            [
              5.498056,
              45.685556
            ],
            [
              5.528056,
              45.581667
            ],
            [
              5.717778,
              45.490278
            ]
          ]
        ]
      },
      "properties": {
        "name": "LYON VE4",
        "owner": "MM",
        "owners": [
          "VE",
          "VW",
          "MMW",
          "RAW",
          "MM"
        ],
        "min": 95,
        "cur": 110,
        "max": 144,
        "color_hex": "#909967",
        "stroke": "#909967",
        "stroke-width": 1,
        "stroke-opacity": 0.7,
        "fill": "#909967",
        "fill-opacity": 0.3
      }
    },
    {
      "type": "Feature",
      "geometry": {
        "type": "Polygon",
        "coordinates": [
          [
            [
              5.450556,
              45.856111
            ],
            [
              5.489444,
              45.716667
            ],
            [
              5.554722,
              45.796389
            ],
            [
              5.581389,
              45.828889
            ],
            [
              5.6625,
              45.927778
            ],
            [
              5.659444,
              45.929167
            ],
            [
              5.633611,
              45.944444
            ],
            [
              5.611389,
              45.962222
            ],
            [
              5.600278,
              45.975278
            ],
            [
              5.485556,
              45.916667
            ],
            [
              5.450556,
              45.856111
            ]
          ]
        ]
      },
      "properties": {
        "name": "LYON VE3",
        "owner": "MM",
        "owners": [
          "VE",
          "VW",
          "MMW",
          "RAW",
          "MM"
        ],
        "min": 95,
        "cur": 110,
        "max": 144,
        "color_hex": "#909967",
        "stroke": "#909967",
        "stroke-width": 1,
        "stroke-opacity": 0.7,
        "fill": "#909967",
        "fill-opacity": 0.3
      }
    },
    {
      "type": "Feature",
      "geometry": {
        "type": "Polygon",
        "coordinates": [
          [
            [
              5.109722,
              45.901389
            ],
            [
              5.090556,
              45.871667
            ],
            [
              5.090556,
              45.745278
            ],
            [
              5.111944,
              45.554722
            ],
            [
              5.126111,
              45.43
            ],
            [
              5.143333,
              45.279167
            ],
            [
              5.191667,
              44.850556
            ],
            [
              5.328056,
              45.0
            ],
            [
              5.521111,
              45.0
            ],
            [
              5.890556,
              45.020556
            ],
            [
              6.0,
              45.255278
            ],
            [
              6.075556,
              45.464167
            ],
            [
              5.788889,
              45.438056
            ],
            [
              5.725556,
              45.451111
            ],
            [
              5.717778,
              45.490278
            ],
            [
              5.528056,
              45.581667
            ],
            [
              5.498056,
              45.685556
            ],
            [
              5.489444,
              45.716667
            ],
            [
              5.450556,
              45.856111
            ],
            [
              5.485556,
              45.916667
            ],
            [
              5.600278,
              45.975278
            ],
            [
              5.593611,
              45.982222
            ],
            [
              5.580833,
              46.004167
            ],
            [
              5.572778,
              46.026944
            ],
            [
              5.57,
              46.050556
            ],
            [
              5.570556,
              46.060278
            ],
            [
              5.576389,
              46.237222
            ],
            [
              5.407778,
              46.363333
            ],
            [
              5.109722,
              45.901389
            ]
          ]
        ]
      },
      "properties": {
        "name": "LYON VE1 QFU35",
        "owner": "MM",
        "owners": [
          "VE",
          "VW",
          "MMW",
          "RAW",
          "MM"
        ],
        "min": 35,
        "cur": 110,
        "max": 144,
        "color_hex": "#909967",
        "stroke": "#909967",
        "stroke-width": 1,
        "stroke-opacity": 0.7,
        "fill": "#909967",
        "fill-opacity": 0.3
      }
    },
    {
      "type": "Feature",
      "geometry": {
        "type": "Polygon",
        "coordinates": [
          [
            [
              4.731111,
              46.306944
            ],
            [
              4.693056,
              46.250278
            ],
            [
              5.026944,
              45.895556
            ],
            [
              5.090556,
              45.828611
            ],
            [
              5.090556,
              45.745556
            ],
            [
              5.111944,
              45.554722
            ],
            [
              5.181667,
              45.440556
            ],
            [
              5.184444,
              45.279167
            ],
            [
              5.191667,
              44.850556
            ],
            [
              5.328056,
              45.0
            ],
            [
              5.521111,
              45.0
            ],
            [
              5.890556,
              45.020556
            ],
            [
              6.0,
              45.255278
            ],
            [
              6.075556,
              45.464167
            ],
            [
              5.788889,
              45.438056
            ],
            [
              5.725556,
              45.451111
            ],
            [
              5.717778,
              45.490278
            ],
            [
              5.528056,
              45.581667
            ],
            [
              5.498056,
              45.685556
            ],
            [
              5.489444,
              45.716667
            ],
            [
              5.450556,
              45.856111
            ],
            [
              5.485556,
              45.916667
            ],
            [
              5.600278,
              45.975278
            ],
            [
              5.593611,
              45.982222
            ],
            [
              5.580833,
              46.004167
            ],
            [
              5.572778,
              46.026944
            ],
            [
              5.57,
              46.050556
            ],
            [
              5.570556,
              46.060278
            ],
            [
              5.576389,
              46.237222
            ],
            [
              5.407778,
              46.363333
            ],
            [
              5.606111,
              46.477222
            ],
            [
              5.586111,
              46.5
            ],
            [
              5.218611,
              46.5
            ],
            [
              5.161667,
              46.5
            ],
            [
              5.090278,
              46.5
            ],
            [
              5.016667,
              46.5
            ],
            [
              4.952778,
              46.5
            ],
            [
              4.833333,
              46.5
            ],
            [
              4.674722,
              46.5
            ],
            [
              4.731111,
              46.306944
            ]
          ]
        ]
      },
      "properties": {
        "name": "LYON VE1 QFU17",
        "owner": "MM",
        "owners": [
          "VE",
          "VW",
          "MMW",
          "RAW",
          "MM"
        ],
        "min": 35,
        "cur": 110,
        "max": 144,
        "color_hex": "#909967",
        "stroke": "#909967",
        "stroke-width": 1,
        "stroke-opacity": 0.7,
        "fill": "#909967",
        "fill-opacity": 0.3
      }
    },
    {
      "type": "Feature",
      "geometry": {
        "type": "Polygon",
        "coordinates": [
          [
            [
              5.554722,
              45.796389
            ],
            [
              5.489444,
              45.716667
            ],
            [
              5.498056,
              45.685556
            ],
            [
              5.983333,
              45.632222
            ],
            [
              6.087778,
              45.620556
            ],
            [
              6.096389,
              45.806389
            ],
            [
              6.101389,
              45.843889
            ],
            [
              6.129167,
              45.873611
            ],
            [
              5.581389,
              45.828889
            ],
            [
              5.554722,
              45.796389
            ]
          ]
        ]
      },
      "properties": {
        "name": "LYON LB2",
        "owner": "MM",
        "owners": [
          "LB",
          "VE",
          "VW",
          "MMW",
          "RAW",
          "MM"
        ],
        "min": 95,
        "cur": 110,
        "max": 114,
        "color_hex": "#909967",
        "stroke": "#909967",
        "stroke-width": 1,
        "stroke-opacity": 0.7,
        "fill": "#909967",
        "fill-opacity": 0.3
      }
    },
    {
      "type": "Feature",
      "geometry": {
        "type": "Polygon",
        "coordinates": [
          [
            [
              2.867778,
              46.5775
            ],
            [
              2.916667,
              46.333333
            ],
            [
              3.566667,
              46.333056
            ],
            [
              3.633056,
              46.308056
            ],
            [
              3.633056,
              46.2
            ],
            [
              3.683056,
              46.104167
            ],
            [
              3.853889,
              46.05
            ],
            [
              4.05,
              46.175
            ],
            [
              4.4,
              46.5
            ],
            [
              4.674722,
              46.5
            ],
            [
              4.65,
              46.583333
            ],
            [
              4.366944,
              46.88
            ],
            [
              4.270556,
              47.359167
            ],
            [
              3.501944,
              47.109722
            ],
            [
              3.383333,
              46.983333
            ],
            [
              3.313056,
              46.728056
            ],
            [
              2.867778,
              46.5775
            ]
          ]
        ]
      },
      "properties": {
        "name": "CLERMONT CY1",
        "owner": "MM",
        "owners": [
          "LN",
          "CY",
          "CF",
          "MMW",
          "RAW",
          "MM"
        ],
        "min": 20,
        "cur": 110,
        "max": 114,
        "color_hex": "#909967",
        "stroke": "#909967",
        "stroke-width": 1,
        "stroke-opacity": 0.7,
        "fill": "#909967",
        "fill-opacity": 0.3
      }
    },
    {
      "type": "Feature",
      "geometry": {
        "type": "Polygon",
        "coordinates": [
          [
            [
              1.036944,
              44.5
            ],
            [
              1.298611,
              44.500278
            ],
            [
              1.716667,
              44.5
            ],
            [
              2.605556,
              44.058333
            ],
            [
              1.858333,
              44.166389
            ],
            [
              1.804444,
              44.293333
            ],
            [
              1.748611,
              44.295
            ],
            [
              1.301111,
              44.326667
            ],
            [
              1.025278,
              44.346111
            ],
            [
              1.036944,
              44.5
            ]
          ]
        ]
      },
      "properties": {
        "name": "CLERMONT CN2",
        "owner": "MM",
        "owners": [
          "CN",
          "CF",
          "MMW",
          "RAW",
          "MM"
        ],
        "min": 0,
        "cur": 110,
        "max": 114,
        "color_hex": "#909967",
        "stroke": "#909967",
        "stroke-width": 1,
        "stroke-opacity": 0.7,
        "fill": "#909967",
        "fill-opacity": 0.3
      }
    },
    {
      "type": "Feature",
      "geometry": {
        "type": "Polygon",
        "coordinates": [
          [
            [
              2.605556,
              44.058333
            ],
            [
              1.716667,
              44.5
            ],
            [
              1.298611,
              44.500278
            ],
            [
              1.036944,
              44.5
            ],
            [
              1.057778,
              44.747778
            ],
            [
              1.358333,
              44.770833
            ],
            [
              1.4775,
              44.780278
            ],
            [
              1.773333,
              44.768333
            ],
            [
              2.0,
              44.759444
            ],
            [
              2.0,
              45.315556
            ],
            [
              2.5,
              45.435833
            ],
            [
              2.5,
              45.253611
            ],
            [
              2.5,
              45.166667
            ],
            [
              3.0325,
              44.884167
            ],
            [
              3.040278,
              44.650556
            ],
            [
              3.041111,
              44.624722
            ],
            [
              2.904167,
              44.249444
            ],
            [
              2.821667,
              44.025833
            ],
            [
              2.605556,
              44.058333
            ]
          ]
        ]
      },
      "properties": {
        "name": "CLERMONT CN1",
        "owner": "MM",
        "owners": [
          "CN",
          "CF",
          "MMW",
          "RAW",
          "MM"
        ],
        "min": 40,
        "cur": 110,
        "max": 144,
        "color_hex": "#909967",
        "stroke": "#909967",
        "stroke-width": 1,
        "stroke-opacity": 0.7,
        "fill": "#909967",
        "fill-opacity": 0.3
      }
    },
    {
      "type": "Feature",
      "geometry": {
        "type": "Polygon",
        "coordinates": [
          [
            [
              3.577778,
              44.25
            ],
            [
              3.701667,
              44.666667
            ],
            [
              3.283056,
              44.875556
            ],
            [
              3.048611,
              44.875556
            ],
            [
              3.0325,
              44.884167
            ],
            [
              3.040278,
              44.650556
            ],
            [
              3.041111,
              44.624722
            ],
            [
              2.904167,
              44.249444
            ],
            [
              3.577778,
              44.25
            ]
          ]
        ]
      },
      "properties": {
        "name": "CLERMONT CL1-S",
        "owner": "MM",
        "owners": [
          "CL",
          "CF",
          "MMW",
          "RAW",
          "MM"
        ],
        "min": 0,
        "cur": 110,
        "max": 144,
        "color_hex": "#909967",
        "stroke": "#909967",
        "stroke-width": 1,
        "stroke-opacity": 0.7,
        "fill": "#909967",
        "fill-opacity": 0.3
      }
    },
    {
      "type": "Feature",
      "geometry": {
        "type": "Polygon",
        "coordinates": [
          [
            [
              3.0325,
              44.884167
            ],
            [
              2.5,
              45.166667
            ],
            [
              2.604444,
              45.166667
            ],
            [
              3.021111,
              45.223056
            ],
            [
              4.108889,
              45.581667
            ],
            [
              4.041944,
              45.136667
            ],
            [
              4.171667,
              44.904167
            ],
            [
              4.454444,
              44.668611
            ],
            [
              4.221944,
              44.668056
            ],
            [
              3.701667,
              44.666667
            ],
            [
              3.283056,
              44.875556
            ],
            [
              3.048611,
              44.875556
            ],
            [
              3.0325,
              44.884167
            ]
          ]
        ]
      },
      "properties": {
        "name": "CLERMONT CL1",
        "owner": "MM",
        "owners": [
          "CL",
          "CF",
          "MMW",
          "RAW",
          "MM"
        ],
        "min": 0,
        "cur": 110,
        "max": 144,
        "color_hex": "#909967",
        "stroke": "#909967",
        "stroke-width": 1,
        "stroke-opacity": 0.7,
        "fill": "#909967",
        "fill-opacity": 0.3
      }
    },
    {
      "type": "Feature",
      "geometry": {
        "type": "Polygon",
        "coordinates": [
          [
            [
              2.916667,
              46.333333
            ],
            [
              2.927778,
              46.255556
            ],
            [
              2.588889,
              46.259722
            ],
            [
              2.5,
              46.229444
            ],
            [
              2.5,
              45.435833
            ],
            [
              2.5,
              45.253611
            ],
            [
              2.5,
              45.166667
            ],
            [
              2.604444,
              45.166667
            ],
            [
              3.021111,
              45.223056
            ],
            [
              4.108889,
              45.581667
            ],
            [
              4.093333,
              45.609722
            ],
            [
              3.915,
              45.938333
            ],
            [
              3.898056,
              45.969167
            ],
            [
              3.853889,
              46.05
            ],
            [
              3.683056,
              46.104167
            ],
            [
              3.633056,
              46.2
            ],
            [
              3.633056,
              46.308056
            ],
            [
              3.566667,
              46.333056
            ],
            [
              2.916667,
              46.333333
            ]
          ]
        ]
      },
      "properties": {
        "name": "CLERMONT CF1",
        "owner": "MM",
        "owners": [
          "CF",
          "MMW",
          "RAW",
          "MM"
        ],
        "min": 27,
        "cur": 110,
        "max": 144,
        "color_hex": "#909967",
        "stroke": "#909967",
        "stroke-width": 1,
        "stroke-opacity": 0.7,
        "fill": "#909967",
        "fill-opacity": 0.3
      }
    },
    {
      "type": "Feature",
      "geometry": {
        "type": "Polygon",
        "coordinates": [
          [
            [
              8.123611,
              42.8175
            ],
            [
              8.499167,
              42.416667
            ],
            [
              8.5,
              42.358056
            ],
            [
              8.691667,
              42.266667
            ],
            [
              8.991667,
              42.2325
            ],
            [
              9.2075,
              41.999167
            ],
            [
              9.405278,
              41.929167
            ],
            [
              9.75,
              41.929167
            ],
            [
              9.75,
              42.334167
            ],
            [
              9.75,
              42.953889
            ],
            [
              9.75,
              43.166667
            ],
            [
              8.915,
              43.405278
            ],
            [
              8.5475,
              43.506389
            ],
            [
              8.123611,
              42.8175
            ]
          ]
        ]
      },
      "properties": {
        "name": "BASTIA KB",
        "owner": "MM",
        "owners": [
          "BKB",
          "MME",
          "RAE",
          "MM"
        ],
        "min": 85,
        "cur": 110,
        "max": 144,
        "color_hex": "#909967",
        "stroke": "#909967",
        "stroke-width": 1,
        "stroke-opacity": 0.7,
        "fill": "#909967",
        "fill-opacity": 0.3
      }
    },
    {
      "type": "Feature",
      "geometry": {
        "type": "Polygon",
        "coordinates": [
          [
            [
              9.75,
              41.929167
            ],
            [
              9.75,
              41.790556
            ],
            [
              9.75,
              41.673333
            ],
            [
              9.75,
              41.331944
            ],
            [
              9.498056,
              41.331944
            ],
            [
              9.316667,
              41.333333
            ],
            [
              9.082778,
              41.3325
            ],
            [
              8.833056,
              41.331944
            ],
            [
              8.331944,
              41.330833
            ],
            [
              8.0,
              41.0
            ],
            [
              7.931667,
              41.667222
            ],
            [
              7.860556,
              42.314444
            ],
            [
              7.699167,
              42.643611
            ],
            [
              7.9225,
              42.735556
            ],
            [
              7.958889,
              42.750556
            ],
            [
              8.123611,
              42.8175
            ],
            [
              8.499167,
              42.416667
            ],
            [
              8.5,
              42.358056
            ],
            [
              8.691667,
              42.266667
            ],
            [
              8.991667,
              42.2325
            ],
            [
              9.2075,
              41.999167
            ],
            [
              9.405278,
              41.929167
            ],
            [
              9.75,
              41.929167
            ]
          ]
        ]
      },
      "properties": {
        "name": "AJACCIO KJ",
        "owner": "MM",
        "owners": [
          "KJ",
          "MME",
          "RAE",
          "MM"
        ],
        "min": 35,
        "cur": 110,
        "max": 144,
        "color_hex": "#909967",
        "stroke": "#909967",
        "stroke-width": 1,
        "stroke-opacity": 0.7,
        "fill": "#909967",
        "fill-opacity": 0.3
      }
    },
    {
      "type": "Feature",
      "geometry": {
        "type": "Polygon",
        "coordinates": [
          [
            [
              1.373889,
              48.687778
            ],
            [
              1.286111,
              48.657222
            ],
            [
              1.326944,
              48.513056
            ],
            [
              1.37,
              48.389167
            ],
            [
              1.459444,
              48.131389
            ],
            [
              1.618889,
              48.023056
            ],
            [
              1.709167,
              48.049167
            ],
            [
              1.726111,
              48.058889
            ],
            [
              1.768333,
              48.110278
            ],
            [
              1.750833,
              48.059167
            ],
            [
              1.715278,
              47.953611
            ],
            [
              1.655556,
              47.658611
            ],
            [
              1.633611,
              47.550278
            ],
            [
              1.466667,
              47.166389
            ],
            [
              0.697222,
              47.166667
            ],
            [
              0.570556,
              47.166667
            ],
            [
              0.3,
              47.166667
            ],
            [
              0.294167,
              47.212222
            ],
            [
              0.230278,
              47.493056
            ],
            [
              0.21,
              47.586944
            ],
            [
              0.489722,
              48.337778
            ],
            [
              0.517222,
              48.351944
            ],
            [
              0.779444,
              48.486389
            ],
            [
              1.106111,
              48.652778
            ],
            [
              1.17,
              48.662222
            ],
            [
              1.2,
              48.666667
            ],
            [
              1.373889,
              48.687778
            ]
          ]
        ]
      },
      "properties": {
        "name": "SEINE SK",
        "owner": "PAR",
        "owners": [
          "SK",
          "SJ",
          "LOT",
          "ORGY",
          "OPKZ",
          "RPAW",
          "PARL",
          "PAR"
        ],
        "min": 85,
        "cur": 110,
        "max": 114,
        "color_hex": "#4067a9",
        "stroke": "#4067a9",
        "stroke-width": 1,
        "stroke-opacity": 0.7,
        "fill": "#4067a9",
        "fill-opacity": 0.3
      }
    },
    {
      "type": "Feature",
      "geometry": {
        "type": "Polygon",
        "coordinates": [
          [
            [
              3.853056,
              48.639444
            ],
            [
              3.637778,
              48.456944
            ],
            [
              3.508056,
              48.38
            ],
            [
              3.461111,
              48.3525
            ],
            [
              3.048611,
              48.107778
            ],
            [
              2.906667,
              48.273611
            ],
            [
              1.897222,
              48.297222
            ],
            [
              1.793611,
              48.15
            ],
            [
              1.768333,
              48.110278
            ],
            [
              1.750833,
              48.059167
            ],
            [
              1.715278,
              47.953611
            ],
            [
              1.655556,
              47.658611
            ],
            [
              2.039722,
              47.540278
            ],
            [
              3.295278,
              47.540278
            ],
            [
              3.255278,
              47.6
            ],
            [
              3.25,
              47.607778
            ],
            [
              3.250833,
              47.920556
            ],
            [
              3.249722,
              47.921667
            ],
            [
              3.164722,
              48.0
            ],
            [
              3.053889,
              48.101389
            ],
            [
              3.240556,
              48.089167
            ],
            [
              3.440833,
              48.206944
            ],
            [
              3.780556,
              48.406111
            ],
            [
              3.786111,
              48.411944
            ],
            [
              3.915556,
              48.543889
            ],
            [
              3.889722,
              48.583056
            ],
            [
              3.853056,
              48.639444
            ]
          ]
        ]
      },
      "properties": {
        "name": "SEINE SJ",
        "owner": "PAR",
        "owners": [
          "SJ",
          "RPAE",
          "PARL",
          "PAR"
        ],
        "min": 85,
        "cur": 110,
        "max": 114,
        "color_hex": "#4067a9",
        "stroke": "#4067a9",
        "stroke-width": 1,
        "stroke-opacity": 0.7,
        "fill": "#4067a9",
        "fill-opacity": 0.3
      }
    },
    {
      "type": "Feature",
      "geometry": {
        "type": "Polygon",
        "coordinates": [
          [
            [
              4.291111,
              49.320278
            ],
            [
              4.05,
              49.266667
            ],
            [
              3.860833,
              49.241944
            ],
            [
              3.738889,
              49.158333
            ],
            [
              3.661667,
              49.105556
            ],
            [
              3.661111,
              49.081111
            ],
            [
              3.661111,
              49.074444
            ],
            [
              3.660556,
              49.033056
            ],
            [
              3.660278,
              49.000556
            ],
            [
              3.656667,
              48.736667
            ],
            [
              3.656389,
              48.700556
            ],
            [
              3.781667,
              48.672222
            ],
            [
              3.853056,
              48.639444
            ],
            [
              3.889722,
              48.583056
            ],
            [
              3.915556,
              48.543889
            ],
            [
              3.786111,
              48.411944
            ],
            [
              3.780556,
              48.406111
            ],
            [
              3.440833,
              48.206944
            ],
            [
              3.240556,
              48.089167
            ],
            [
              3.053889,
              48.101389
            ],
            [
              3.164722,
              48.0
            ],
            [
              3.249722,
              47.921667
            ],
            [
              3.250833,
              47.920556
            ],
            [
              3.25,
              47.607778
            ],
            [
              3.255278,
              47.6
            ],
            [
              3.295278,
              47.540278
            ],
            [
              3.333333,
              47.540278
            ],
            [
              4.333333,
              47.416667
            ],
            [
              4.580556,
              47.642778
            ],
            [
              4.755833,
              47.800278
            ],
            [
              4.952778,
              47.974167
            ],
            [
              5.166667,
              48.166667
            ],
            [
              5.336667,
              48.309444
            ],
            [
              5.398611,
              48.370556
            ],
            [
              5.398611,
              48.504167
            ],
            [
              4.8,
              48.95
            ],
            [
              4.291111,
              49.320278
            ]
          ]
        ]
      },
      "properties": {
        "name": "SEINE SI",
        "owner": "PAR",
        "owners": [
          "SI",
          "SJ",
          "RPAE",
          "PARL",
          "PAR"
        ],
        "min": 85,
        "cur": 110,
        "max": 114,
        "color_hex": "#4067a9",
        "stroke": "#4067a9",
        "stroke-width": 1,
        "stroke-opacity": 0.7,
        "fill": "#4067a9",
        "fill-opacity": 0.3
      }
    },
    {
      "type": "Feature",
      "geometry": {
        "type": "Polygon",
        "coordinates": [
          [
            [
              1.732222,
              51.058056
            ],
            [
              1.7625,
              51.065
            ],
            [
              1.825,
              51.079167
            ],
            [
              2.0,
              51.116667
            ],
            [
              2.243611,
              51.100556
            ],
            [
              2.327778,
              51.03
            ],
            [
              2.572778,
              51.015556
            ],
            [
              2.633333,
              50.816667
            ],
            [
              2.716667,
              50.8
            ],
            [
              2.816667,
              50.725
            ],
            [
              2.9,
              50.7
            ],
            [
              2.8925,
              50.693889
            ],
            [
              2.848611,
              50.658333
            ],
            [
              2.728333,
              50.561111
            ],
            [
              2.668333,
              50.485556
            ],
            [
              2.589722,
              50.386667
            ],
            [
              2.560556,
              50.350278
            ],
            [
              2.525,
              50.305556
            ],
            [
              2.359722,
              50.097222
            ],
            [
              2.344722,
              50.077778
            ],
            [
              2.283889,
              50.0
            ],
            [
              1.388056,
              50.0
            ],
            [
              1.018889,
              50.274722
            ],
            [
              0.821389,
              50.421389
            ],
            [
              1.454722,
              50.662222
            ],
            [
              1.465,
              50.905278
            ],
            [
              1.466667,
              51.0
            ],
            [
              1.732222,
              51.058056
            ]
          ]
        ]
      },
      "properties": {
        "name": "LILLE QW",
        "owner": "PAR",
        "owners": [
          "QW",
          "QE",
          "TB",
          "TNTB",
          "AENB",
          "RPAW",
          "PARL",
          "PAR"
        ],
        "min": 45,
        "cur": 110,
        "max": 114,
        "color_hex": "#4067a9",
        "stroke": "#4067a9",
        "stroke-width": 1,
        "stroke-opacity": 0.7,
        "fill": "#4067a9",
        "fill-opacity": 0.3
      }
    },
    {
      "type": "Feature",
      "geometry": {
        "type": "Polygon",
        "coordinates": [
          [
            [
              1.576667,
              49.725556
            ],
            [
              1.723333,
              49.630833
            ],
            [
              1.641389,
              49.502778
            ],
            [
              1.613056,
              49.380278
            ],
            [
              1.573056,
              49.304444
            ],
            [
              1.468056,
              49.2525
            ],
            [
              1.488611,
              49.138611
            ],
            [
              1.495278,
              49.101111
            ],
            [
              1.436111,
              48.958611
            ],
            [
              1.419167,
              48.917222
            ],
            [
              1.423611,
              48.765278
            ],
            [
              1.425278,
              48.705556
            ],
            [
              1.373889,
              48.687778
            ],
            [
              1.2,
              48.666667
            ],
            [
              1.17,
              48.662222
            ],
            [
              1.106111,
              48.652778
            ],
            [
              0.779444,
              48.486389
            ],
            [
              0.720556,
              48.639444
            ],
            [
              0.591667,
              49.144722
            ],
            [
              0.609444,
              49.185556
            ],
            [
              0.666389,
              49.278056
            ],
            [
              0.616667,
              49.833333
            ],
            [
              1.218333,
              49.769722
            ],
            [
              1.4,
              49.75
            ],
            [
              1.536111,
              49.751667
            ],
            [
              1.590556,
              49.738611
            ],
            [
              1.576667,
              49.725556
            ]
          ]
        ]
      },
      "properties": {
        "name": "LILLE QR",
        "owner": "PAR",
        "owners": [
          "QR",
          "QE",
          "TP",
          "HPKZ",
          "OPKZ",
          "RPAW",
          "PARL",
          "PAR"
        ],
        "min": 85,
        "cur": 110,
        "max": 114,
        "color_hex": "#4067a9",
        "stroke": "#4067a9",
        "stroke-width": 1,
        "stroke-opacity": 0.7,
        "fill": "#4067a9",
        "fill-opacity": 0.3
      }
    },
    {
      "type": "Feature",
      "geometry": {
        "type": "Polygon",
        "coordinates": [
          [
            [
              2.728333,
              50.561111
            ],
            [
              2.848611,
              50.658333
            ],
            [
              2.8925,
              50.693889
            ],
            [
              2.9,
              50.7
            ],
            [
              3.15,
              50.783333
            ],
            [
              3.225,
              50.678333
            ],
            [
              3.27,
              50.609722
            ],
            [
              3.284167,
              50.594722
            ],
            [
              3.361667,
              50.515
            ],
            [
              3.376667,
              50.495
            ],
            [
              3.484722,
              50.519444
            ],
            [
              3.511667,
              50.526667
            ],
            [
              3.566944,
              50.500278
            ],
            [
              3.600556,
              50.483889
            ],
            [
              3.633333,
              50.473333
            ],
            [
              3.645556,
              50.451944
            ],
            [
              3.666667,
              50.416667
            ],
            [
              3.666667,
              50.35
            ],
            [
              3.675,
              50.342222
            ],
            [
              3.7875,
              50.339722
            ],
            [
              3.873056,
              50.340556
            ],
            [
              3.926667,
              50.333889
            ],
            [
              3.973056,
              50.328333
            ],
            [
              4.089722,
              50.314722
            ],
            [
              4.118889,
              50.296667
            ],
            [
              4.178056,
              50.224722
            ],
            [
              4.148889,
              50.034444
            ],
            [
              4.145833,
              49.980556
            ],
            [
              3.558333,
              50.0
            ],
            [
              3.043611,
              50.119444
            ],
            [
              2.359722,
              50.097222
            ],
            [
              2.525,
              50.305556
            ],
            [
              2.560556,
              50.350278
            ],
            [
              2.589722,
              50.386667
            ],
            [
              2.668333,
              50.485556
            ],
            [
              2.728333,
              50.561111
            ]
          ]
        ]
      },
      "properties": {
        "name": "LILLE QE",
        "owner": "PAR",
        "owners": [
          "QE",
          "TB",
          "TNTB",
          "AENB",
          "RPAW",
          "PARL",
          "PAR"
        ],
        "min": 45,
        "cur": 110,
        "max": 114,
        "color_hex": "#4067a9",
        "stroke": "#4067a9",
        "stroke-width": 1,
        "stroke-opacity": 0.7,
        "fill": "#4067a9",
        "fill-opacity": 0.3
      }
    },
    {
      "type": "Feature",
      "geometry": {
        "type": "Polygon",
        "coordinates": [
          [
            [
              0.616667,
              49.833333
            ],
            [
              0.096111,
              50.137778
            ],
            [
              0.769722,
              50.401389
            ],
            [
              0.821389,
              50.421389
            ],
            [
              1.018889,
              50.274722
            ],
            [
              1.388056,
              50.0
            ],
            [
              2.283889,
              50.0
            ],
            [
              2.238889,
              49.941944
            ],
            [
              2.158056,
              49.837778
            ],
            [
              2.065,
              49.716667
            ],
            [
              1.974722,
              49.716667
            ],
            [
              1.778611,
              49.716667
            ],
            [
              1.716667,
              49.723889
            ],
            [
              1.590556,
              49.738611
            ],
            [
              1.536111,
              49.751667
            ],
            [
              1.4,
              49.75
            ],
            [
              1.218333,
              49.769722
            ],
            [
              0.616667,
              49.833333
            ]
          ]
        ]
      },
      "properties": {
        "name": "LILLE QD",
        "owner": "PAR",
        "owners": [
          "QD",
          "QE",
          "TB",
          "HPKZ",
          "OPKZ",
          "RPAW",
          "PARL",
          "PAR"
        ],
        "min": 0,
        "cur": 110,
        "max": 114,
        "color_hex": "#4067a9",
        "stroke": "#4067a9",
        "stroke-width": 1,
        "stroke-opacity": 0.7,
        "fill": "#4067a9",
        "fill-opacity": 0.3
      }
    },
    {
      "type": "Feature",
      "geometry": {
        "type": "Polygon",
        "coordinates": [
          [
            [
              2.283889,
              50.0
            ],
            [
              2.238889,
              49.941944
            ],
            [
              2.158056,
              49.837778
            ],
            [
              2.065,
              49.716667
            ],
            [
              2.375,
              49.716667
            ],
            [
              2.501944,
              49.716667
            ],
            [
              2.668611,
              49.716667
            ],
            [
              2.782778,
              49.674167
            ],
            [
              2.976389,
              49.6025
            ],
            [
              3.105556,
              49.611667
            ],
            [
              3.236389,
              49.666667
            ],
            [
              3.351389,
              49.688889
            ],
            [
              3.413611,
              49.783333
            ],
            [
              3.437222,
              49.818889
            ],
            [
              3.558333,
              50.0
            ],
            [
              3.043611,
              50.119444
            ],
            [
              2.359722,
              50.097222
            ],
            [
              2.344722,
              50.077778
            ],
            [
              2.283889,
              50.0
            ]
          ]
        ]
      },
      "properties": {
        "name": "LILLE QA",
        "owner": "PAR",
        "owners": [
          "QA",
          "QE",
          "TB",
          "TNTB",
          "AENB",
          "RPAW",
          "PARL",
          "PAR"
        ],
        "min": 20,
        "cur": 110,
        "max": 114,
        "color_hex": "#4067a9",
        "stroke": "#4067a9",
        "stroke-width": 1,
        "stroke-opacity": 0.7,
        "fill": "#4067a9",
        "fill-opacity": 0.3
      }
    },
    {
      "type": "Feature",
      "geometry": {
        "type": "Polygon",
        "coordinates": [
          [
            [
              1.651111,
              48.561389
            ],
            [
              1.695556,
              48.621667
            ],
            [
              1.7625,
              48.714444
            ],
            [
              1.797778,
              48.7675
            ],
            [
              1.829444,
              48.790278
            ],
            [
              1.968889,
              48.819167
            ],
            [
              1.996944,
              48.820278
            ],
            [
              2.0975,
              48.8225
            ],
            [
              2.290833,
              48.828056
            ],
            [
              2.332222,
              48.818611
            ],
            [
              2.335,
              48.816944
            ],
            [
              2.346667,
              48.816389
            ],
            [
              2.350278,
              48.817778
            ],
            [
              2.352778,
              48.818056
            ],
            [
              2.355833,
              48.816667
            ],
            [
              2.362778,
              48.816111
            ],
            [
              2.378056,
              48.821389
            ],
            [
              2.385278,
              48.825556
            ],
            [
              2.391389,
              48.8275
            ],
            [
              2.399444,
              48.828611
            ],
            [
              2.404444,
              48.831944
            ],
            [
              2.410833,
              48.835
            ],
            [
              2.412222,
              48.836944
            ],
            [
              2.415,
              48.850833
            ],
            [
              2.499167,
              48.851944
            ],
            [
              2.5575,
              48.852778
            ],
            [
              2.847778,
              48.856389
            ],
            [
              2.948611,
              48.855833
            ],
            [
              2.978056,
              48.855833
            ],
            [
              3.048056,
              48.818611
            ],
            [
              3.138333,
              48.7375
            ],
            [
              3.2125,
              48.669722
            ],
            [
              3.222222,
              48.624444
            ],
            [
              3.2825,
              48.47
            ],
            [
              3.385556,
              48.4
            ],
            [
              3.461111,
              48.3525
            ],
            [
              3.048611,
              48.107778
            ],
            [
              2.906667,
              48.273611
            ],
            [
              1.897222,
              48.297222
            ],
            [
              1.793611,
              48.15
            ],
            [
              1.768333,
              48.110278
            ],
            [
              1.726111,
              48.058889
            ],
            [
              1.709167,
              48.049167
            ],
            [
              1.618889,
              48.023056
            ],
            [
              1.459444,
              48.131389
            ],
            [
              1.37,
              48.389167
            ],
            [
              1.583056,
              48.479722
            ],
            [
              1.651111,
              48.561389
            ]
          ]
        ]
      },
      "properties": {
        "name": "EGA ORLY",
        "owner": "PAR",
        "owners": [
          "PO",
          "PGS",
          "PGN",
          "DODG",
          "DOGS",
          "FPAE",
          "RPAE",
          "PARL",
          "PAR"
        ],
        "min": 85,
        "cur": 110,
        "max": 134,
        "color_hex": "#4067a9",
        "stroke": "#4067a9",
        "stroke-width": 1,
        "stroke-opacity": 0.7,
        "fill": "#4067a9",
        "fill-opacity": 0.3
      }
    },
    {
      "type": "Feature",
      "geometry": {
        "type": "Polygon",
        "coordinates": [
          [
            [
              1.373889,
              48.687778
            ],
            [
              1.425278,
              48.705556
            ],
            [
              1.423611,
              48.765278
            ],
            [
              1.419167,
              48.917222
            ],
            [
              1.436111,
              48.958611
            ],
            [
              1.557222,
              48.964167
            ],
            [
              1.7525,
              48.973333
            ],
            [
              2.000278,
              48.984722
            ],
            [
              2.181111,
              48.992778
            ],
            [
              2.493056,
              49.006944
            ],
            [
              2.508056,
              49.007778
            ],
            [
              2.530278,
              49.009444
            ],
            [
              2.549722,
              49.010556
            ],
            [
              2.5525,
              49.010833
            ],
            [
              2.557778,
              49.011111
            ],
            [
              2.5725,
              49.011944
            ],
            [
              2.579722,
              49.012222
            ],
            [
              2.584444,
              49.0125
            ],
            [
              2.801944,
              49.025278
            ],
            [
              2.984167,
              49.035833
            ],
            [
              3.151389,
              49.045278
            ],
            [
              3.211111,
              49.048611
            ],
            [
              3.471389,
              49.063611
            ],
            [
              3.509722,
              49.065833
            ],
            [
              3.661111,
              49.074444
            ],
            [
              3.660556,
              49.033056
            ],
            [
              3.660278,
              49.000556
            ],
            [
              3.656667,
              48.736667
            ],
            [
              3.656389,
              48.700556
            ],
            [
              3.781667,
              48.672222
            ],
            [
              3.853056,
              48.639444
            ],
            [
              3.637778,
              48.456944
            ],
            [
              3.508056,
              48.38
            ],
            [
              3.461111,
              48.3525
            ],
            [
              3.385556,
              48.4
            ],
            [
              3.2825,
              48.47
            ],
            [
              3.222222,
              48.624444
            ],
            [
              3.2125,
              48.669722
            ],
            [
              3.138333,
              48.7375
            ],
            [
              3.048056,
              48.818611
            ],
            [
              2.978056,
              48.855833
            ],
            [
              2.948611,
              48.855833
            ],
            [
              2.847778,
              48.856389
            ],
            [
              2.5575,
              48.852778
            ],
            [
              2.499167,
              48.851944
            ],
            [
              2.415,
              48.850833
            ],
            [
              2.412222,
              48.836944
            ],
            [
              2.410833,
              48.835
            ],
            [
              2.404444,
              48.831944
            ],
            [
              2.399444,
              48.828611
            ],
            [
              2.391389,
              48.8275
            ],
            [
              2.385278,
              48.825556
            ],
            [
              2.378056,
              48.821389
            ],
            [
              2.362778,
              48.816111
            ],
            [
              2.355833,
              48.816667
            ],
            [
              2.352778,
              48.818056
            ],
            [
              2.350278,
              48.817778
            ],
            [
              2.346667,
              48.816389
            ],
            [
              2.335,
              48.816944
            ],
            [
              2.332222,
              48.818611
            ],
            [
              2.290833,
              48.828056
            ],
            [
              2.0975,
              48.8225
            ],
            [
              1.996944,
              48.820278
            ],
            [
              1.968889,
              48.819167
            ],
            [
              1.829444,
              48.790278
            ],
            [
              1.797778,
              48.7675
            ],
            [
              1.7625,
              48.714444
            ],
            [
              1.695556,
              48.621667
            ],
            [
              1.651111,
              48.561389
            ],
            [
              1.583056,
              48.479722
            ],
            [
              1.37,
              48.389167
            ],
            [
              1.326944,
              48.513056
            ],
            [
              1.286111,
              48.657222
            ],
            [
              1.373889,
              48.687778
            ]
          ]
        ]
      },
      "properties": {
        "name": "EGA CDG-S",
        "owner": "PAR",
        "owners": [
          "PGDS",
          "PGDN",
          "PGS",
          "PGN",
          "DODG",
          "DOGS",
          "FPAE",
          "RPAE",
          "PARL",
          "PAR"
        ],
        "min": 85,
        "cur": 110,
        "max": 114,
        "color_hex": "#4067a9",
        "stroke": "#4067a9",
        "stroke-width": 1,
        "stroke-opacity": 0.7,
        "fill": "#4067a9",
        "fill-opacity": 0.3
      }
    },
    {
      "type": "Feature",
      "geometry": {
        "type": "Polygon",
        "coordinates": [
          [
            [
              1.557222,
              48.964167
            ],
            [
              1.7525,
              48.973333
            ],
            [
              2.000278,
              48.984722
            ],
            [
              2.181111,
              48.992778
            ],
            [
              2.493056,
              49.006944
            ],
            [
              2.508056,
              49.007778
            ],
            [
              2.530278,
              49.009444
            ],
            [
              2.549722,
              49.010556
            ],
            [
              2.5525,
              49.010833
            ],
            [
              2.557778,
              49.011111
            ],
            [
              2.5725,
              49.011944
            ],
            [
              2.579722,
              49.012222
            ],
            [
              2.584444,
              49.0125
            ],
            [
              2.801944,
              49.025278
            ],
            [
              2.984167,
              49.035833
            ],
            [
              3.151389,
              49.045278
            ],
            [
              3.211111,
              49.048611
            ],
            [
              3.471389,
              49.063611
            ],
            [
              3.509722,
              49.065833
            ],
            [
              3.661111,
              49.074444
            ],
            [
              3.661111,
              49.081111
            ],
            [
              3.661667,
              49.105556
            ],
            [
              3.738889,
              49.158333
            ],
            [
              3.739444,
              49.198889
            ],
            [
              3.683056,
              49.268611
            ],
            [
              3.632222,
              49.45
            ],
            [
              3.484722,
              49.714722
            ],
            [
              3.351389,
              49.688889
            ],
            [
              3.236389,
              49.666667
            ],
            [
              3.105556,
              49.611667
            ],
            [
              2.976389,
              49.6025
            ],
            [
              2.782778,
              49.674167
            ],
            [
              2.668611,
              49.716667
            ],
            [
              2.501944,
              49.716667
            ],
            [
              2.375,
              49.716667
            ],
            [
              2.065,
              49.716667
            ],
            [
              1.974722,
              49.716667
            ],
            [
              1.778611,
              49.716667
            ],
            [
              1.716667,
              49.723889
            ],
            [
              1.590556,
              49.738611
            ],
            [
              1.576667,
              49.725556
            ],
            [
              1.723333,
              49.630833
            ],
            [
              1.641389,
              49.502778
            ],
            [
              1.613056,
              49.380278
            ],
            [
              1.573056,
              49.304444
            ],
            [
              1.468056,
              49.2525
            ],
            [
              1.488611,
              49.138611
            ],
            [
              1.495278,
              49.101111
            ],
            [
              1.436111,
              48.958611
            ],
            [
              1.557222,
              48.964167
            ]
          ]
        ]
      },
      "properties": {
        "name": "EGA CDG-N",
        "owner": "PAR",
        "owners": [
          "PGDN",
          "PGN",
          "DODG",
          "DOGS",
          "FPAE",
          "RPAE",
          "PARL",
          "PAR"
        ],
        "min": 85,
        "cur": 110,
        "max": 114,
        "color_hex": "#4067a9",
        "stroke": "#4067a9",
        "stroke-width": 1,
        "stroke-opacity": 0.7,
        "fill": "#4067a9",
        "fill-opacity": 0.3
      }
    }
  ]
}